CustomerID,Recency,Frequency,Spend,Country,R,F,M,FM,Segment,Cluster
12346,325,1,77183.6,United Kingdom,1,1,5,3,At Risk,2
12347,2,7,4310.0,Iceland,5,5,5,5,Champions,0
12348,75,4,1437.24,Finland,2,4,4,4,Can't Lose Them,2
12349,18,1,1457.55,Italy,4,1,4,2,New / Promising,1
12350,310,1,294.4,Norway,1,1,2,2,Hibernating,3
12352,36,7,1385.74,Norway,3,5,4,4,Loyal Customers,2
12353,204,1,89.0,Bahrain,1,1,1,1,Hibernating,3
12354,232,1,1079.4,Spain,1,1,4,2,Hibernating,3
12355,214,1,459.4,Bahrain,1,1,2,2,Hibernating,3
12356,22,3,2487.43,Portugal,4,3,5,4,Champions,2
12357,33,1,6207.67,Switzerland,3,1,5,3,Loyal Customers,2
12358,1,2,928.0600000000001,Austria,5,2,4,3,Loyal Customers,1
12359,57,4,6310.03,Cyprus,3,4,5,4,Loyal Customers,2
12360,52,3,2302.06,Austria,3,3,5,4,Loyal Customers,2
12361,287,1,174.9,Belgium,1,1,1,1,Hibernating,3
12362,3,10,4737.23,Belgium,5,5,5,5,Champions,0
12363,109,2,552.0,Unspecified,2,2,3,2,Hibernating,3
12364,7,4,1208.1,Belgium,5,4,4,4,Champions,1
12365,291,1,320.69,Cyprus,1,1,2,2,Hibernating,3
12367,4,1,150.9,Denmark,5,1,1,1,New / Promising,1
12370,51,4,3421.94,Cyprus,3,4,5,4,Loyal Customers,2
12371,59,1,1527.96,Switzerland,3,1,4,2,Needs Attention,2
12372,71,3,1196.04,Denmark,3,3,4,4,Loyal Customers,2
12373,311,1,324.6,Austria,1,1,2,2,Hibernating,3
12374,25,1,622.93,Austria,4,1,3,2,New / Promising,1
12375,10,2,377.5,Finland,5,2,2,2,New / Promising,1
12377,315,2,1548.12,Switzerland,1,2,4,3,At Risk,2
12378,129,1,4008.62,Switzerland,2,1,5,3,At Risk,2
12379,81,2,777.24,Belgium,2,2,3,2,Hibernating,2
12380,21,4,2427.81,Belgium,4,4,5,4,Champions,2
12381,4,3,1474.81,Norway,5,3,4,4,Champions,1
12383,184,5,1628.56,Belgium,1,4,4,4,Can't Lose Them,2
12384,28,2,425.27000000000004,Switzerland,4,2,2,2,New / Promising,1
12386,337,2,401.9,Australia,1,2,2,2,Hibernating,3
12388,15,6,2780.66,Australia,4,5,5,5,Champions,0
12390,79,1,504.84000000000003,Belgium,2,1,3,2,Hibernating,3
12391,21,1,439.66,Cyprus,4,1,2,2,New / Promising,1
12393,72,4,1582.6000000000001,Australia,2,4,4,4,Can't Lose Them,2
12394,63,2,1080.48,Belgium,3,2,4,3,Loyal Customers,2
12395,19,12,2682.63,Belgium,4,5,5,5,Champions,0
12397,35,2,2214.9,Belgium,3,2,5,4,Loyal Customers,2
12398,45,1,1435.66,Switzerland,3,1,4,2,Needs Attention,2
12399,119,4,1033.65,Belgium,2,4,4,4,Can't Lose Them,2
12401,303,1,69.3,Belgium,1,1,1,1,Hibernating,3
12402,323,1,195.6,Belgium,1,1,1,1,Hibernating,3
12403,49,1,391.7,Denmark,3,1,2,2,Needs Attention,3
12405,148,1,1390.39,Finland,2,1,4,2,Hibernating,3
12406,22,2,3415.3,Denmark,4,2,5,4,Champions,2
12407,49,5,1507.1200000000001,Belgium,3,4,4,4,Loyal Customers,2
12408,32,5,2618.55,Belgium,4,4,5,4,Champions,2
12409,78,3,11072.67,Switzerland,2,3,5,4,Can't Lose Them,2
12410,308,2,533.33,Switzerland,1,2,3,2,Hibernating,3
12412,74,3,1142.88,Denmark,2,3,4,4,Can't Lose Them,2
12413,66,3,686.1,France,3,3,3,3,Loyal Customers,2
12414,217,3,442.41,Austria,1,3,2,2,Hibernating,3
12415,24,20,124564.53,Australia,4,5,5,5,Champions,0
12417,3,9,3226.1,Belgium,5,5,5,5,Champions,0
12418,112,1,668.58,Switzerland,2,1,3,2,Hibernating,3
12420,63,1,600.39,Cyprus,3,1,3,2,Needs Attention,3
12421,15,4,639.04,Spain,4,4,3,4,Champions,1
12422,95,3,683.5600000000001,Australia,2,3,3,3,At Risk,2
12423,0,8,1634.31,Belgium,5,5,4,4,Champions,0
12424,162,2,1760.96,Australia,2,2,4,3,At Risk,2
12425,78,1,777.2,Portugal,2,1,3,2,Hibernating,3
12426,194,1,510.73,Germany,1,1,3,2,Hibernating,3
12427,21,3,699.8,Germany,4,3,3,3,Loyal Customers,1
12428,25,8,6405.26,Finland,4,5,5,5,Champions,0
12429,9,4,3388.4,Denmark,5,4,5,4,Champions,0
12430,43,1,216.4,Norway,3,1,1,1,Needs Attention,3
12431,35,15,6314.95,Australia,3,5,5,5,Loyal Customers,0
12432,42,4,4359.32,Norway,3,4,5,4,Loyal Customers,2
12433,0,7,13375.87,Norway,5,5,5,5,Champions,0
12434,84,2,806.14,Australia,2,2,3,2,Hibernating,2
12435,79,2,7829.89,Denmark,2,2,5,4,Can't Lose Them,2
12436,99,1,429.01000000000005,Norway,2,1,2,2,Hibernating,3
12437,1,18,4447.41,France,5,5,5,5,Champions,0
12438,14,2,2466.85,Norway,5,2,5,4,Champions,2
12441,366,1,155.55,France,1,1,1,1,Hibernating,3
12442,3,1,144.06,Spain,5,1,1,1,New / Promising,1
12444,21,5,4085.46,Norway,4,4,5,4,Champions,2
12445,22,1,77.4,Spain,4,1,1,1,New / Promising,1
12446,57,1,1002.3100000000001,RSA,3,1,4,2,Needs Attention,3
12447,243,1,431.49,Belgium,1,1,2,2,Hibernating,3
12448,44,1,365.45,Spain,3,1,2,2,Needs Attention,3
12449,22,4,3596.29,Belgium,4,4,5,4,Champions,2
12450,156,2,197.88,Spain,2,2,1,2,Hibernating,3
12451,10,5,8995.52,Switzerland,5,4,5,4,Champions,0
12452,16,1,348.57,Switzerland,4,1,2,2,New / Promising,1
12453,134,1,707.09,Austria,2,1,3,2,Hibernating,3
12454,56,1,3528.34,Spain,3,1,5,3,Loyal Customers,2
12455,73,5,2339.86,Cyprus,2,4,5,4,Can't Lose Them,2
12456,44,3,2581.04,Switzerland,3,3,5,4,Loyal Customers,2
12457,66,6,2043.23,Switzerland,3,5,5,5,Loyal Customers,2
12458,71,2,787.4,Switzerland,3,2,3,2,Needs Attention,2
12461,154,1,626.88,Switzerland,2,1,3,2,Hibernating,3
12462,18,2,937.59,Spain,4,2,4,3,Loyal Customers,1
12463,53,4,1200.78,Belgium,3,4,4,4,Loyal Customers,2
12464,10,8,957.05,Belgium,5,5,4,4,Champions,0
12465,17,2,682.1899999999999,Belgium,4,2,3,2,New / Promising,1
12468,187,2,657.54,Germany,1,2,3,2,Hibernating,3
12471,2,27,17388.649999999998,Germany,5,5,5,5,Champions,0
12472,32,7,6068.11,Germany,4,5,5,5,Champions,0
12473,53,3,2585.73,Germany,3,3,5,4,Loyal Customers,2
12474,17,18,6694.09,Germany,4,5,5,5,Champions,0
12475,53,1,669.38,Germany,3,1,3,2,Needs Attention,3
12476,15,11,5898.42,Germany,4,5,5,5,Champions,0
12477,22,6,13219.74,Germany,4,5,5,5,Champions,0
12478,3,1,545.99,Greece,5,1,3,2,New / Promising,1
12479,11,1,473.2,Germany,5,1,2,2,New / Promising,1
12480,28,4,2885.63,Germany,4,4,5,4,Champions,2
12481,22,10,5003.82,Germany,4,5,5,5,Champions,0
12483,17,8,1910.98,Sweden,4,5,4,4,Champions,0
12484,35,4,3939.32,Spain,3,4,5,4,Loyal Customers,2
12488,9,3,1244.66,France,5,3,4,4,Champions,1
12489,336,1,298.93,France,1,1,2,2,Hibernating,3
12490,5,10,4859.93,France,5,5,5,5,Champions,0
12491,38,1,424.40000000000003,France,3,1,2,2,Needs Attention,1
12492,63,2,227.21,Germany,3,2,1,2,Needs Attention,3
12493,165,2,415.74,France,2,2,2,2,Hibernating,3
12494,15,7,1084.1000000000001,France,4,5,4,4,Champions,2
12497,81,1,953.1,Germany,2,1,4,2,Hibernating,3
12498,21,3,349.70000000000005,Germany,4,3,2,2,New / Promising,1
12500,23,11,4059.82,Germany,4,5,5,5,Champions,0
12501,336,1,2025.39,Germany,1,1,4,2,Hibernating,3
12502,95,5,2995.87,Spain,2,4,5,4,Can't Lose Them,2
12504,18,2,428.04999999999995,Germany,4,2,2,2,New / Promising,1
12506,232,1,73.5,France,1,1,1,1,Hibernating,3
12507,134,3,1052.81,Spain,2,3,4,4,Can't Lose Them,2
12508,26,2,397.88,France,4,2,2,2,New / Promising,1
12509,284,1,158.5,France,1,1,1,1,Hibernating,3
12510,142,2,814.5699999999999,Spain,2,2,3,2,Hibernating,3
12512,66,2,132.18,Israel,3,2,1,2,Needs Attention,3
12513,112,1,558.29,France,2,1,3,2,Hibernating,3
12514,267,1,1017.68,Italy,1,1,4,2,Hibernating,3
12515,353,1,278.7,Italy,1,1,2,2,Hibernating,3
12516,77,2,1186.06,Germany,2,2,4,3,At Risk,2
12517,28,4,2301.6,Germany,4,4,5,4,Champions,2
12518,0,5,1840.89,Germany,5,4,4,4,Champions,0
12519,63,1,276.84,Germany,3,1,2,2,Needs Attention,3
12520,79,5,2346.2599999999998,Germany,2,4,5,4,Can't Lose Them,2
12521,142,1,545.68,Germany,2,1,3,2,Hibernating,3
12522,39,2,156.72,Germany,3,2,1,2,Needs Attention,3
12523,19,11,1699.77,France,4,5,4,4,Champions,0
12524,9,8,3945.72,Germany,5,5,5,5,Champions,0
12526,0,3,1172.66,Germany,5,3,4,4,Champions,1
12527,81,3,330.71000000000004,Germany,2,3,2,2,Hibernating,3
12528,9,6,1645.48,Germany,5,5,4,4,Champions,0
12530,59,4,1500.28,Germany,3,4,4,4,Loyal Customers,2
12531,14,1,125.22,Germany,5,1,1,1,New / Promising,1
12532,30,1,313.83000000000004,France,4,1,2,2,New / Promising,1
12534,130,1,981.18,Germany,2,1,4,2,Hibernating,3
12535,91,2,716.35,France,2,2,3,2,Hibernating,3
12536,59,1,4279.71,France,3,1,5,3,Loyal Customers,2
12538,29,1,363.95,Spain,4,1,2,2,New / Promising,1
12539,22,4,5568.35,Spain,4,4,5,4,Champions,2
12540,19,17,11580.24,Spain,4,5,5,5,Champions,0
12541,29,3,841.18,Spain,4,3,3,3,Loyal Customers,2
12544,36,1,316.7,Spain,3,1,2,2,Needs Attention,1
12545,75,2,832.39,Spain,2,2,3,2,Hibernating,2
12546,46,2,1021.5,Spain,3,2,4,3,Loyal Customers,2
12547,197,2,151.79999999999998,Spain,1,2,1,2,Hibernating,3
12548,166,1,67.19999999999999,Spain,2,1,1,1,Hibernating,3
12550,79,1,824.83,Spain,2,1,3,2,Hibernating,3
12551,357,1,168.0,Spain,1,1,1,1,Hibernating,3
12552,39,1,317.82,Italy,3,1,2,2,Needs Attention,3
12553,8,10,3278.28,France,5,5,5,5,Champions,0
12556,50,2,599.56,Spain,3,2,3,2,Needs Attention,1
12557,16,5,11990.960000000001,Spain,4,4,5,4,Champions,0
12558,7,1,269.96,USA,5,1,2,2,New / Promising,1
12559,310,2,525.71,Germany,1,2,3,2,Hibernating,3
12560,5,2,1918.01,Germany,5,2,4,3,Loyal Customers,1
12561,302,1,238.85,Germany,1,1,1,1,Hibernating,3
12562,8,7,3385.7400000000002,France,5,5,5,5,Champions,0
12564,261,1,402.9,France,1,1,2,2,Hibernating,3
12565,288,1,145.92,Saudi Arabia,1,1,1,1,Hibernating,3
12566,86,1,297.65,Germany,2,1,2,2,Hibernating,3
12567,22,10,8609.28,France,4,5,5,5,Champions,0
12569,2,32,3152.69,Germany,5,5,5,5,Champions,0
12571,39,2,519.61,France,3,2,3,2,Needs Attention,1
12572,8,2,912.42,Germany,5,2,3,2,New / Promising,1
12573,227,1,160.54000000000002,France,1,1,1,1,Hibernating,3
12574,315,1,182.45000000000002,France,1,1,1,1,Hibernating,3
12576,35,5,1315.83,Poland,3,4,4,4,Loyal Customers,2
12577,35,3,622.65,France,3,3,3,3,Loyal Customers,2
12578,21,2,2402.51,Italy,4,2,5,4,Champions,2
12579,78,1,386.42,France,2,1,2,2,Hibernating,3
12580,246,1,379.7,Germany,1,1,2,2,Hibernating,3
12581,39,1,179.71,Germany,3,1,1,1,Needs Attention,3
12582,238,2,351.36,Finland,1,2,2,2,Hibernating,3
12583,2,15,6705.38,France,5,5,5,5,Champions,0
12584,3,9,2254.15,Italy,5,5,5,5,Champions,0
12585,234,2,1824.1,Germany,1,2,4,3,At Risk,2
12586,17,1,196.94000000000003,Italy,4,1,1,1,New / Promising,1
12587,7,1,104.0,Finland,5,1,1,1,New / Promising,1
12588,39,1,174.89999999999998,Finland,3,1,1,1,Needs Attention,3
12589,28,2,574.68,France,4,2,3,2,New / Promising,1
12590,211,1,9341.26,Germany,1,1,5,3,At Risk,2
12591,317,1,368.85,Italy,1,1,2,2,Hibernating,3
12592,92,2,401.6,Germany,2,2,2,2,Hibernating,3
12593,108,3,382.09999999999997,France,2,3,2,2,Hibernating,3
12594,37,9,3208.2200000000003,Italy,3,5,5,5,Loyal Customers,0
12596,51,2,450.27,Spain,3,2,2,2,Needs Attention,1
12597,19,4,3195.22,Spain,4,4,5,4,Champions,2
12598,9,7,2807.08,France,5,5,5,5,Champions,0
12599,29,7,888.58,France,4,5,3,4,Champions,2
12600,28,10,2311.04,Germany,4,5,5,5,Champions,0
12601,189,5,487.06,Germany,1,4,3,4,Can't Lose Them,2
12602,58,1,153.12,France,3,1,1,1,Needs Attention,3
12603,21,1,613.1999999999999,Germany,4,1,3,2,New / Promising,1
12604,79,2,236.18,France,2,2,1,2,Hibernating,3
12607,60,1,1579.51,USA,3,1,4,2,Needs Attention,2
12609,78,3,964.85,Germany,2,3,4,4,Can't Lose Them,2
12610,22,4,1747.54,Italy,4,4,4,4,Champions,2
12611,52,1,1193.32,Italy,3,1,4,2,Needs Attention,2
12612,74,1,668.0400000000001,Germany,2,1,3,2,Hibernating,3
12613,57,4,3092.38,Germany,3,4,5,4,Loyal Customers,2
12614,277,1,315.6,Germany,1,1,2,2,Hibernating,3
12615,2,4,2093.19,France,5,4,5,4,Champions,0
12616,95,2,641.3,France,2,2,3,2,Hibernating,3
12617,29,1,352.98,France,4,1,2,2,New / Promising,1
12618,21,1,137.31,Italy,4,1,1,1,New / Promising,1
12619,16,8,2945.56,Germany,4,5,5,5,Champions,0
12620,14,3,1303.41,France,5,3,4,4,Champions,2
12621,1,20,12411.67,Germany,5,5,5,5,Champions,0
12622,232,1,162.1,Germany,1,1,1,1,Hibernating,3
12623,276,1,269.1,Germany,1,1,2,2,Hibernating,3
12624,106,2,569.13,France,2,2,3,2,Hibernating,3
12625,211,2,2413.82,Germany,1,2,5,4,Can't Lose Them,2
12626,23,9,5954.48,Germany,4,5,5,5,Champions,0
12627,10,6,4082.53,Germany,5,5,5,5,Champions,0
12628,4,3,732.46,Germany,5,3,3,3,Loyal Customers,1
12630,9,2,1030.88,Finland,5,2,4,3,Loyal Customers,1
12631,57,1,480.5,Finland,3,1,2,2,Needs Attention,3
12633,58,4,1929.98,Germany,3,4,4,4,Loyal Customers,2
12635,89,2,1509.18,Germany,2,2,4,3,At Risk,2
12637,67,8,5804.9,France,3,5,5,5,Loyal Customers,2
12638,33,1,511.69,Sweden,3,1,3,2,Needs Attention,1
12639,238,1,366.1,Sweden,1,1,2,2,Hibernating,3
12640,23,3,994.58,France,4,3,4,4,Champions,2
12641,115,1,145.9,Sweden,2,1,1,1,Hibernating,3
12642,25,3,905.26,Germany,4,3,3,3,Loyal Customers,2
12643,128,6,3041.64,France,2,5,5,5,Can't Lose Them,2
12644,129,1,477.91,Germany,2,1,2,2,Hibernating,3
12645,33,4,1631.18,Germany,3,4,4,4,Loyal Customers,2
12646,4,2,1346.97,USA,5,2,4,3,Loyal Customers,1
12647,22,12,3146.82,Germany,4,5,5,5,Champions,0
12648,154,1,300.05,Germany,2,1,2,2,Hibernating,3
12649,107,3,569.51,Germany,2,3,3,3,At Risk,2
12650,3,1,242.44000000000003,France,5,1,1,1,New / Promising,1
12651,334,1,114.0,France,1,1,1,1,Hibernating,3
12652,331,1,793.98,France,1,1,3,2,Hibernating,3
12653,148,2,2209.85,Israel,2,2,5,4,Can't Lose Them,2
12654,10,5,529.98,Germany,5,4,3,4,Champions,1
12656,17,5,3619.17,France,4,4,5,4,Champions,2
12657,11,4,1427.18,France,5,4,4,4,Champions,2
12658,18,1,632.05,Germany,4,1,3,2,New / Promising,1
12659,29,1,73.68,France,4,1,1,1,New / Promising,3
12660,11,1,227.1,France,5,1,1,1,New / Promising,1
12662,0,11,3543.78,Germany,5,5,5,5,Champions,0
12664,8,9,4391.88,Finland,5,5,5,5,Champions,0
12665,324,1,45.0,Germany,1,1,1,1,Hibernating,3
12667,58,1,460.13,Finland,3,1,2,2,Needs Attention,3
12668,11,4,3177.15,Germany,5,4,5,4,Champions,2
12669,150,2,1427.73,France,2,2,4,3,At Risk,2
12670,10,5,2744.05,France,5,4,5,4,Champions,0
12672,329,1,225.89999999999998,France,1,1,1,1,Hibernating,3
12673,5,2,574.52,Germany,5,2,3,2,New / Promising,1
12674,38,4,1844.6,France,3,4,4,4,Loyal Customers,2
12676,24,6,1091.39,Sweden,4,5,4,4,Champions,2
12678,42,10,16481.46,France,3,5,5,5,Loyal Customers,0
12679,58,4,951.02,France,3,4,4,4,Loyal Customers,2
12680,0,4,790.81,France,5,4,3,4,Champions,1
12681,14,22,12365.54,France,5,5,5,5,Champions,0
12682,3,31,11019.82,France,5,5,5,5,Champions,0
12683,4,14,7612.57,France,5,5,5,5,Champions,0
12684,7,6,2073.63,France,5,5,5,5,Champions,0
12685,28,6,2575.08,France,4,5,5,5,Champions,2
12686,371,1,71.14,France,1,1,1,1,Hibernating,3
12688,113,1,4873.8099999999995,Israel,2,1,5,3,At Risk,2
12689,25,2,1139.61,France,4,2,4,3,Loyal Customers,1
12690,205,1,335.01,France,1,1,2,2,Hibernating,3
12691,28,5,927.8,France,4,4,4,4,Champions,2
12693,127,4,711.91,Germany,2,4,3,4,Can't Lose Them,2
12694,70,2,761.67,France,3,2,3,2,Needs Attention,2
12695,7,4,582.1,France,5,4,3,4,Champions,1
12697,28,3,757.59,Sweden,4,3,3,3,Loyal Customers,2
12700,7,4,4525.99,France,5,4,5,4,Champions,0
12701,79,2,725.71,Germany,2,2,3,2,Hibernating,2
12702,19,1,201.0,Germany,4,1,1,1,New / Promising,1
12703,71,1,265.55,Germany,3,1,2,2,Needs Attention,3
12704,7,8,1740.84,Finland,5,5,4,4,Champions,0
12705,15,8,6382.29,Germany,4,5,5,5,Champions,0
12707,291,1,603.42,France,1,1,3,2,Hibernating,3
12708,29,10,2442.91,Germany,4,5,5,5,Champions,0
12709,15,15,9400.52,Germany,4,5,5,5,Champions,0
12710,96,3,1023.02,Germany,2,3,4,4,Can't Lose Them,2
12712,28,13,3928.13,Germany,4,5,5,5,Champions,0
12713,0,1,794.55,Germany,5,1,3,2,New / Promising,1
12714,9,5,4294.86,France,5,4,5,4,Champions,0
12715,106,1,263.36,Sweden,2,1,2,2,Hibernating,3
12716,3,2,963.49,France,5,2,4,3,Loyal Customers,1
12717,151,2,830.98,Greece,2,2,3,2,Hibernating,3
12718,71,1,202.25,France,3,1,1,1,Needs Attention,3
12719,5,2,572.95,France,5,2,3,2,New / Promising,1
12720,2,25,5115.7300000000005,Germany,5,5,5,5,Champions,0
12721,31,6,2386.13,France,4,5,5,5,Champions,2
12722,85,4,979.63,France,2,4,4,4,Can't Lose Them,2
12723,3,5,707.07,France,5,4,3,4,Champions,1
12724,5,4,923.41,France,5,4,3,4,Champions,1
12725,371,1,371.8,Italy,1,1,2,2,Hibernating,3
12726,28,7,2411.1,France,4,5,5,5,Champions,2
12727,10,7,3440.7,France,5,5,5,5,Champions,0
12728,71,4,728.33,France,3,4,3,4,Loyal Customers,2
12729,113,1,417.01,France,2,1,2,2,Hibernating,3
12731,23,12,18751.91,France,4,5,5,5,Champions,0
12732,179,1,218.26000000000002,France,2,1,1,1,Hibernating,3
12733,234,1,383.95,USA,1,1,2,2,Hibernating,3
12734,352,1,110.39999999999999,France,1,1,1,1,Hibernating,3
12735,315,2,689.5699999999999,France,1,2,3,2,Hibernating,3
12736,332,1,144.0,France,1,1,1,1,Hibernating,3
12738,372,1,137.35,Germany,1,1,1,1,Hibernating,3
12739,99,1,975.54,United Arab Emirates,2,1,4,2,Hibernating,3
12740,63,1,427.6,France,3,1,2,2,Needs Attention,3
12743,134,2,540.13,Unspecified,2,2,3,2,Hibernating,3
12744,56,4,9120.39,Singapore,3,4,5,4,Loyal Customers,2
12747,2,11,4196.01,United Kingdom,5,5,5,5,Champions,0
12748,0,206,31650.78,United Kingdom,5,5,5,5,Champions,0
12749,3,5,4090.88,United Kingdom,5,4,5,4,Champions,0
12750,128,1,275.88,Poland,2,1,2,2,Hibernating,3
12752,81,1,4366.78,Norway,2,1,5,3,At Risk,2
12753,22,6,21429.39,Japan,4,5,5,5,Champions,0
12754,235,3,3010.74,Japan,1,3,5,4,Can't Lose Them,2
12755,280,2,3811.95,Japan,1,2,5,4,Can't Lose Them,2
12756,86,1,112.07999999999998,Japan,2,1,1,1,Hibernating,3
12757,15,9,4176.75,Portugal,4,5,5,5,Champions,0
12758,116,2,2791.59,Portugal,2,2,5,4,Can't Lose Them,2
12759,52,3,1411.44,Netherlands,3,3,4,4,Loyal Customers,2
12762,7,2,1702.52,Portugal,5,2,4,3,Loyal Customers,1
12763,138,2,494.08,Japan,2,2,3,2,Hibernating,3
12764,316,1,1693.88,Lebanon,1,1,4,2,Hibernating,3
12766,3,7,6457.63,Portugal,5,5,5,5,Champions,0
12769,238,1,1143.6,Brazil,1,1,4,2,Hibernating,3
12770,210,1,1351.45,Japan,1,1,4,2,Hibernating,3
12772,59,1,752.47,Portugal,3,1,3,2,Needs Attention,3
12775,17,5,1281.04,Netherlands,4,4,4,4,Champions,2
12778,19,6,693.23,Netherlands,4,5,3,4,Champions,2
12779,37,8,3981.36,Poland,3,5,5,5,Loyal Customers,0
12781,63,2,786.74,Czech Republic,3,2,3,2,Needs Attention,2
12782,4,5,1938.92,Portugal,5,4,4,4,Champions,0
12783,2,4,1295.87,Portugal,5,4,4,4,Champions,1
12784,15,1,476.82,Portugal,4,1,2,2,New / Promising,1
12785,364,1,255.95,Portugal,1,1,2,2,Hibernating,3
12787,9,3,418.66,Netherlands,5,3,2,2,New / Promising,1
12789,65,1,76.85,Netherlands,3,1,1,1,Needs Attention,3
12790,192,1,294.92,Netherlands,1,1,2,2,Hibernating,3
12791,373,1,177.60000000000002,Netherlands,1,1,1,1,Hibernating,3
12792,256,1,344.53999999999996,Portugal,1,1,2,2,Hibernating,3
12793,334,2,461.48,Portugal,1,2,2,2,Hibernating,3
12794,53,2,860.41,Portugal,3,2,3,2,Needs Attention,2
12795,18,1,318.48,Portugal,4,1,2,2,New / Promising,1
12797,365,1,226.03,Portugal,1,1,1,1,Hibernating,3
12798,10,3,6977.04,Japan,5,3,5,4,Champions,0
12802,186,1,397.58,Netherlands,1,1,2,2,Hibernating,3
12808,36,3,455.65000000000003,Portugal,3,3,2,2,Needs Attention,1
12809,177,1,405.31,Portugal,2,1,2,2,Hibernating,3
12811,261,2,458.85,Portugal,1,2,2,2,Hibernating,3
12812,44,1,229.64000000000001,Japan,3,1,1,1,Needs Attention,3
12814,101,1,85.92,Poland,2,1,1,1,Hibernating,3
12815,147,2,863.46,Poland,2,2,3,2,Hibernating,3
12816,95,2,452.20000000000005,Poland,2,2,2,2,Hibernating,3
12817,281,1,126.03999999999999,Austria,1,1,1,1,Hibernating,3
12818,261,1,1182.0800000000002,Austria,1,1,4,2,Hibernating,3
12820,3,4,942.34,United Kingdom,5,4,4,4,Champions,1
12821,214,1,92.72,United Kingdom,1,1,1,1,Hibernating,3
12822,70,2,948.88,United Kingdom,3,2,4,3,Loyal Customers,2
12823,74,5,1759.5,United Kingdom,2,4,4,4,Can't Lose Them,2
12824,59,1,397.12,United Kingdom,3,1,2,2,Needs Attention,3
12826,2,7,1474.72,United Kingdom,5,5,4,4,Champions,0
12827,5,3,430.15000000000003,United Kingdom,5,3,2,2,New / Promising,1
12828,2,6,1018.71,United Kingdom,5,5,4,4,Champions,0
12829,336,2,293.0,United Kingdom,1,2,2,2,Hibernating,3
12830,37,6,6814.64,United Kingdom,3,5,5,5,Loyal Customers,2
12831,262,1,215.05,United Kingdom,1,1,1,1,Hibernating,3
12832,32,2,383.03,United Kingdom,4,2,2,2,New / Promising,1
12833,145,1,417.38,United Kingdom,2,1,2,2,Hibernating,3
12834,282,1,312.38,United Kingdom,1,1,2,2,Hibernating,3
12836,59,4,2610.36,United Kingdom,3,4,5,4,Loyal Customers,2
12837,173,1,134.1,United Kingdom,2,1,1,1,Hibernating,3
12838,33,2,671.95,United Kingdom,3,2,3,2,Needs Attention,1
12839,2,14,5591.42,United Kingdom,5,5,5,5,Champions,0
12840,143,4,2726.77,United Kingdom,2,4,5,4,Can't Lose Them,2
12841,4,25,3991.58,United Kingdom,5,5,5,5,Champions,0
12842,70,2,1118.99,United Kingdom,3,2,4,3,Loyal Customers,2
12843,65,8,1702.26,United Kingdom,3,5,4,4,Loyal Customers,2
12844,29,2,325.96000000000004,United Kingdom,4,2,2,2,New / Promising,1
12845,267,4,354.09,United Kingdom,1,4,2,3,At Risk,3
12847,22,1,843.64,United Kingdom,4,1,3,2,New / Promising,1
12849,31,2,992.65,United Kingdom,4,2,4,3,Loyal Customers,2
12851,96,1,131.81,United Kingdom,2,1,1,1,Hibernating,3
12852,294,1,311.55,United Kingdom,1,1,2,2,Hibernating,3
12853,134,6,1957.1000000000001,United Kingdom,2,5,4,4,Can't Lose Them,2
12854,78,3,1316.25,United Kingdom,2,3,4,4,Can't Lose Them,2
12855,372,1,38.1,United Kingdom,1,1,1,1,Hibernating,3
12856,7,6,2170.78,United Kingdom,5,5,5,5,Champions,0
12857,210,2,1106.4,United Kingdom,1,2,4,3,At Risk,2
12863,52,1,521.2,United Kingdom,3,1,3,2,Needs Attention,3
12864,138,1,147.12,United Kingdom,2,1,1,1,Hibernating,3
12865,26,2,1568.23,Austria,4,2,4,3,Loyal Customers,2
12866,283,1,499.12,Belgium,1,1,3,2,Hibernating,3
12867,26,7,4009.34,United Kingdom,4,5,5,5,Champions,0
12868,185,6,1607.0600000000002,United Kingdom,1,5,4,4,Can't Lose Them,2
12871,84,2,380.64,United Kingdom,2,2,2,2,Hibernating,3
12872,326,2,599.97,United Kingdom,1,2,3,2,Hibernating,3
12873,282,1,374.0,United Kingdom,1,1,2,2,Hibernating,3
12875,143,2,343.2300000000001,United Kingdom,2,2,2,2,Hibernating,3
12876,57,2,2053.02,Belgium,3,2,5,4,Loyal Customers,2
12877,3,12,1535.77,United Kingdom,5,5,4,4,Champions,0
12878,236,2,854.99,United Kingdom,1,2,3,2,Hibernating,3
12879,44,3,573.22,United Kingdom,3,3,3,3,Loyal Customers,2
12881,275,1,298.0,United Kingdom,1,1,2,2,Hibernating,3
12882,9,2,1463.04,United Kingdom,5,2,4,3,Loyal Customers,1
12883,24,4,703.47,United Kingdom,4,4,3,4,Champions,2
12884,88,1,309.05,United Kingdom,2,1,2,2,Hibernating,3
12885,63,3,1175.22,United Kingdom,3,3,4,4,Loyal Customers,2
12886,67,2,1378.4,United Kingdom,3,2,4,3,Loyal Customers,2
12888,214,2,354.12,United Kingdom,1,2,2,2,Hibernating,3
12890,24,1,376.71999999999997,United Kingdom,4,1,2,2,New / Promising,1
12891,185,3,331.0,United Kingdom,1,3,2,2,Hibernating,3
12893,30,1,176.55,United Kingdom,4,1,1,1,New / Promising,1
12895,42,2,372.8,United Kingdom,3,2,2,2,Needs Attention,1
12897,204,2,216.5,United Kingdom,1,2,1,2,Hibernating,3
12901,8,28,17654.54,United Kingdom,5,5,5,5,Champions,0
12902,264,1,138.68,United Kingdom,1,1,1,1,Hibernating,3
12904,18,2,496.06,United Kingdom,4,2,3,2,New / Promising,1
12906,11,5,2919.81,United Kingdom,5,4,5,4,Champions,0
12908,176,2,750.0,United Kingdom,2,2,3,2,Hibernating,3
12909,39,5,2178.67,United Kingdom,3,4,5,4,Loyal Customers,2
12910,23,8,3075.04,United Kingdom,4,5,5,5,Champions,0
12912,2,5,1662.3,United Kingdom,5,4,4,4,Champions,0
12913,4,5,2483.63,United Kingdom,5,4,5,4,Champions,0
12915,148,2,363.65,United Kingdom,2,2,2,2,Hibernating,3
12916,138,4,2944.95,United Kingdom,2,4,5,4,Can't Lose Them,2
12917,128,1,594.0,United Kingdom,2,1,3,2,Hibernating,3
12919,8,6,1335.19,United Kingdom,5,5,4,4,Champions,0
12920,17,1,162.78,United Kingdom,4,1,1,1,New / Promising,1
12921,9,37,16587.09,United Kingdom,5,5,5,5,Champions,0
12922,161,1,405.38,United Kingdom,2,1,2,2,Hibernating,3
12923,64,1,171.57,United Kingdom,3,1,1,1,Needs Attention,3
12924,88,4,925.75,United Kingdom,2,4,4,4,Can't Lose Them,2
12925,4,2,694.05,United Kingdom,5,2,3,2,New / Promising,1
12928,35,5,2062.7000000000003,United Kingdom,3,4,5,4,Loyal Customers,2
12929,311,1,117.85,United Kingdom,1,1,1,1,Hibernating,3
12930,78,2,415.8,United Kingdom,2,2,2,2,Hibernating,3
12931,21,15,42055.96,United Kingdom,4,5,5,5,Champions,0
12933,24,3,607.53,United Kingdom,4,3,3,3,Loyal Customers,1
12935,2,7,2160.7,United Kingdom,5,5,5,5,Champions,0
12936,17,4,1063.9,United Kingdom,4,4,4,4,Champions,2
12937,15,4,1504.27,United Kingdom,4,4,4,4,Champions,2
12938,25,1,114.14,United Kingdom,4,1,1,1,New / Promising,1
12939,64,8,11581.8,United Kingdom,3,5,5,5,Loyal Customers,0
12940,54,2,899.69,United Kingdom,3,2,3,2,Needs Attention,2
12942,131,3,675.6,United Kingdom,2,3,3,3,At Risk,2
12944,35,2,604.51,United Kingdom,3,2,3,2,Needs Attention,1
12945,288,1,462.95,United Kingdom,1,1,2,2,Hibernating,3
12947,143,6,1603.99,United Kingdom,2,5,4,4,Can't Lose Them,2
12948,16,7,2064.95,United Kingdom,4,5,5,5,Champions,0
12949,30,8,4167.22,United Kingdom,4,5,5,5,Champions,0
12950,2,3,1843.0,United Kingdom,5,3,4,4,Champions,1
12951,8,6,1064.07,United Kingdom,5,5,4,4,Champions,0
12952,5,4,1387.79,United Kingdom,5,4,4,4,Champions,1
12953,9,1,329.85,United Kingdom,5,1,2,2,New / Promising,1
12955,1,11,4757.16,United Kingdom,5,5,5,5,Champions,0
12956,306,1,108.07,United Kingdom,1,1,1,1,Hibernating,3
12957,9,8,4017.54,United Kingdom,5,5,5,5,Champions,0
12962,7,2,266.39,United Kingdom,5,2,2,2,New / Promising,1
12963,8,8,1856.63,United Kingdom,5,5,4,4,Champions,0
12965,89,1,769.8100000000001,United Kingdom,2,1,3,2,Hibernating,3
12966,9,1,160.18,United Kingdom,5,1,1,1,New / Promising,1
12967,358,2,1660.9,United Kingdom,1,2,4,3,At Risk,2
12968,112,1,135.95,United Kingdom,2,1,1,1,Hibernating,3
12970,7,4,405.47,United Kingdom,5,4,2,3,Loyal Customers,1
12971,3,86,11189.91,United Kingdom,5,5,5,5,Champions,0
12974,197,1,144.8,United Kingdom,1,1,1,1,Hibernating,3
12976,211,1,738.6,United Kingdom,1,1,3,2,Hibernating,3
12977,156,1,39.239999999999995,United Kingdom,2,1,1,1,Hibernating,3
12980,157,9,7374.900000000001,United Kingdom,2,5,5,5,Can't Lose Them,2
12981,29,2,372.21999999999997,United Kingdom,4,2,2,2,New / Promising,1
12982,242,1,390.54,United Kingdom,1,1,2,2,Hibernating,3
12984,18,1,97.5,United Kingdom,4,1,1,1,New / Promising,1
12985,0,2,1239.38,United Kingdom,5,2,4,3,Loyal Customers,1
12987,73,2,558.7,United Kingdom,2,2,3,2,Hibernating,3
12988,292,1,505.82,United Kingdom,1,1,3,2,Hibernating,3
12989,3,15,6924.110000000001,United Kingdom,5,5,5,5,Champions,0
12990,31,3,409.5,United Kingdom,4,3,2,2,New / Promising,1
12991,23,2,503.76,United Kingdom,4,2,3,2,New / Promising,1
12993,23,4,414.76,United Kingdom,4,4,2,3,Loyal Customers,1
12994,4,3,974.4200000000001,United Kingdom,5,3,4,4,Champions,1
12995,85,1,211.32,United Kingdom,2,1,1,1,Hibernating,3
12997,22,4,1226.89,United Kingdom,4,4,4,4,Champions,2
12999,196,3,455.88,United Kingdom,1,3,2,2,Hibernating,3
13000,106,3,534.85,United Kingdom,2,3,3,3,At Risk,2
13001,4,13,9785.970000000001,United Kingdom,5,5,5,5,Champions,0
13002,318,1,120.94999999999999,United Kingdom,1,1,1,1,Hibernating,3
13003,105,3,149.05,United Kingdom,2,3,1,2,Hibernating,3
13004,11,18,5655.91,United Kingdom,5,5,5,5,Champions,0
13005,173,2,513.7,United Kingdom,2,2,3,2,Hibernating,3
13006,56,1,81.57,United Kingdom,3,1,1,1,Needs Attention,3
13008,323,1,229.46999999999997,United Kingdom,1,1,1,1,Hibernating,3
13011,372,1,50.550000000000004,United Kingdom,1,1,1,1,Hibernating,3
13012,9,8,1646.8400000000001,United Kingdom,5,5,4,4,Champions,0
13013,1,13,4810.9400000000005,United Kingdom,5,5,5,5,Champions,0
13014,10,10,3466.2799999999997,United Kingdom,5,5,5,5,Champions,0
13015,53,5,3339.64,United Kingdom,3,4,5,4,Loyal Customers,2
13016,73,3,789.89,United Kingdom,2,3,3,3,At Risk,2
13017,7,1,204.0,United Kingdom,5,1,1,1,New / Promising,1
13018,16,28,7277.7,United Kingdom,4,5,5,5,Champions,0
13021,4,9,2616.38,United Kingdom,5,5,5,5,Champions,0
13023,64,2,599.9,United Kingdom,3,2,3,2,Needs Attention,3
13026,1,5,975.36,United Kingdom,5,4,4,4,Champions,0
13027,113,6,6912.0,United Kingdom,2,5,5,5,Can't Lose Them,2
13028,22,2,661.3199999999999,United Kingdom,4,2,3,2,New / Promising,1
13029,30,3,1247.5,United Kingdom,4,3,4,4,Champions,2
13030,11,2,752.4399999999999,United Kingdom,5,2,3,2,New / Promising,1
13032,52,2,1010.18,United Kingdom,3,2,4,3,Loyal Customers,2
13033,357,1,190.55,United Kingdom,1,1,1,1,Hibernating,3
13034,54,2,642.77,United Kingdom,3,2,3,2,Needs Attention,2
13035,73,2,921.88,United Kingdom,2,2,3,2,Hibernating,2
13037,138,3,881.07,United Kingdom,2,3,3,3,At Risk,2
13038,80,3,908.46,United Kingdom,2,3,3,3,At Risk,2
13040,8,2,676.99,United Kingdom,5,2,3,2,New / Promising,1
13043,273,1,516.42,United Kingdom,1,1,3,2,Hibernating,3
13044,291,1,560.47,United Kingdom,1,1,3,2,Hibernating,3
13045,99,1,305.28000000000003,United Kingdom,2,1,2,2,Hibernating,3
13046,30,2,629.31,United Kingdom,4,2,3,2,New / Promising,1
13047,56,9,3232.59,United Kingdom,3,5,5,5,Loyal Customers,2
13048,14,4,1819.41,United Kingdom,5,4,4,4,Champions,2
13049,64,2,656.6800000000001,United Kingdom,3,2,3,2,Needs Attention,2
13050,14,17,5833.11,United Kingdom,5,5,5,5,Champions,0
13052,212,1,348.15000000000003,United Kingdom,1,1,2,2,Hibernating,3
13055,78,3,1214.41,United Kingdom,2,3,4,4,Can't Lose Them,2
13058,24,3,271.40000000000003,United Kingdom,4,3,2,2,New / Promising,1
13059,249,1,183.4,United Kingdom,1,1,1,1,Hibernating,3
13060,253,1,307.53,United Kingdom,1,1,2,2,Hibernating,3
13061,72,1,248.61,United Kingdom,2,1,2,2,Hibernating,3
13062,191,1,346.98,United Kingdom,1,1,2,2,Hibernating,3
13064,12,4,1105.59,United Kingdom,5,4,4,4,Champions,2
13065,373,1,205.86,United Kingdom,1,1,1,1,Hibernating,3
13066,24,2,470.8,United Kingdom,4,2,2,2,New / Promising,1
13067,82,1,115.46000000000001,United Kingdom,2,1,1,1,Hibernating,3
13068,10,2,344.0,United Kingdom,5,2,2,2,New / Promising,1
13069,0,24,4431.44,United Kingdom,5,5,5,5,Champions,0
13070,192,1,228.8,United Kingdom,1,1,1,1,Hibernating,3
13072,266,1,177.15,United Kingdom,1,1,1,1,Hibernating,3
13075,129,1,919.61,United Kingdom,2,1,3,2,Hibernating,3
13077,1,4,728.02,United Kingdom,5,4,3,4,Champions,1
13078,3,26,12627.94,United Kingdom,5,5,5,5,Champions,0
13079,4,5,220.10000000000002,United Kingdom,5,4,1,2,New / Promising,1
13080,179,1,58.08,United Kingdom,2,1,1,1,Hibernating,3
13081,11,11,28337.38,United Kingdom,5,5,5,5,Champions,0
13082,126,9,3613.63,United Kingdom,2,5,5,5,Can't Lose Them,2
13083,4,2,303.75,United Kingdom,5,2,2,2,New / Promising,1
13085,157,2,416.08000000000004,United Kingdom,2,2,2,2,Hibernating,3
13089,2,97,58762.08,United Kingdom,5,5,5,5,Champions,0
13090,8,13,8895.82,United Kingdom,5,5,5,5,Champions,0
13091,28,1,345.82,United Kingdom,4,1,2,2,New / Promising,1
13092,70,5,477.83,United Kingdom,3,4,2,3,Loyal Customers,2
13093,275,8,7832.47,United Kingdom,1,5,5,5,Can't Lose Them,2
13094,21,12,1927.3200000000002,United Kingdom,4,5,4,4,Champions,0
13095,70,1,74.39999999999999,United Kingdom,3,1,1,1,Needs Attention,3
13097,32,10,6003.22,United Kingdom,4,5,5,5,Champions,0
13098,1,28,28882.44,United Kingdom,5,5,5,5,Champions,0
13099,99,1,207.35999999999999,United Kingdom,2,1,1,1,Hibernating,3
13101,234,1,101.19,United Kingdom,1,1,1,1,Hibernating,3
13102,1,24,6424.09,United Kingdom,5,5,5,5,Champions,0
13103,39,1,243.94,United Kingdom,3,1,1,1,Needs Attention,3
13104,3,6,1098.48,United Kingdom,5,5,4,4,Champions,0
13106,133,1,76.5,United Kingdom,2,1,1,1,Hibernating,3
13107,44,4,1531.6200000000001,United Kingdom,3,4,4,4,Loyal Customers,2
13108,372,1,350.06,United Kingdom,1,1,2,2,Hibernating,3
13109,59,2,786.54,United Kingdom,3,2,3,2,Needs Attention,2
13110,31,7,1488.67,United Kingdom,4,5,4,4,Champions,2
13113,0,24,12245.960000000001,United Kingdom,5,5,5,5,Champions,0
13115,11,4,2294.78,United Kingdom,5,4,5,4,Champions,2
13116,138,1,501.14,United Kingdom,2,1,3,2,Hibernating,3
13117,21,8,984.91,United Kingdom,4,5,4,4,Champions,2
13118,19,5,1197.81,United Kingdom,4,4,4,4,Champions,2
13120,238,1,30.599999999999998,United Kingdom,1,1,1,1,Hibernating,3
13121,269,1,283.73,United Kingdom,1,1,2,2,Hibernating,3
13122,94,2,922.39,United Kingdom,2,2,3,2,Hibernating,2
13124,89,3,3756.33,United Kingdom,2,3,5,4,Can't Lose Them,2
13126,4,8,2099.64,United Kingdom,5,5,5,5,Champions,0
13127,77,1,259.17,United Kingdom,2,1,2,2,Hibernating,3
13130,94,1,64.0,United Kingdom,2,1,1,1,Hibernating,3
13131,23,3,1073.3,United Kingdom,4,3,4,4,Champions,2
13132,261,1,77.3,United Kingdom,1,1,1,1,Hibernating,3
13133,273,2,109.8,United Kingdom,1,2,1,2,Hibernating,3
13134,85,4,1793.58,United Kingdom,2,4,4,4,Can't Lose Them,2
13135,196,1,3096.0,United Kingdom,1,1,5,3,At Risk,2
13136,56,5,2607.61,United Kingdom,3,4,5,4,Loyal Customers,2
13137,10,8,3603.29,United Kingdom,5,5,5,5,Champions,0
13138,22,6,962.39,United Kingdom,4,5,4,4,Champions,2
13139,16,7,5064.94,United Kingdom,4,5,5,5,Champions,0
13140,108,3,422.47,United Kingdom,2,3,2,2,Hibernating,3
13141,84,5,2388.75,United Kingdom,2,4,5,4,Can't Lose Them,2
13142,19,1,307.09,United Kingdom,4,1,2,2,New / Promising,1
13144,332,1,110.95,United Kingdom,1,1,1,1,Hibernating,3
13145,39,4,618.52,United Kingdom,3,4,3,4,Loyal Customers,2
13146,26,1,228.91,United Kingdom,4,1,1,1,New / Promising,1
13147,10,4,712.8000000000001,United Kingdom,5,4,3,4,Champions,1
13148,29,12,3683.26,United Kingdom,4,5,5,5,Champions,0
13149,14,4,1676.06,United Kingdom,5,4,4,4,Champions,2
13151,295,1,1257.8700000000001,United Kingdom,1,1,4,2,Hibernating,3
13153,5,1,486.22,United Kingdom,5,1,3,2,New / Promising,1
13155,33,4,971.76,United Kingdom,3,4,4,4,Loyal Customers,2
13157,49,4,1741.22,United Kingdom,3,4,4,4,Loyal Customers,2
13158,94,4,1201.06,United Kingdom,2,4,4,4,Can't Lose Them,2
13159,8,4,1429.35,United Kingdom,5,4,4,4,Champions,1
13160,22,1,91.8,United Kingdom,4,1,1,1,New / Promising,1
13161,313,1,112.75,United Kingdom,1,1,1,1,Hibernating,3
13162,122,4,1688.29,United Kingdom,2,4,4,4,Can't Lose Them,2
13165,46,2,1021.48,United Kingdom,3,2,4,3,Loyal Customers,2
13166,283,1,417.2,United Kingdom,1,1,2,2,Hibernating,3
13167,18,4,779.33,United Kingdom,4,4,3,4,Champions,2
13168,36,4,1299.59,United Kingdom,3,4,4,4,Loyal Customers,2
13169,63,2,712.88,United Kingdom,3,2,3,2,Needs Attention,2
13170,26,1,108.81,United Kingdom,4,1,1,1,New / Promising,1
13171,21,3,468.41,United Kingdom,4,3,2,2,New / Promising,1
13173,4,2,353.65,United Kingdom,5,2,2,2,New / Promising,1
13174,16,3,2738.82,United Kingdom,4,3,5,4,Champions,2
13176,46,1,481.49,United Kingdom,3,1,2,2,Needs Attention,3
13177,64,1,282.45,United Kingdom,3,1,2,2,Needs Attention,3
13178,26,11,5725.47,United Kingdom,4,5,5,5,Champions,0
13182,45,1,121.18,United Kingdom,3,1,1,1,Needs Attention,3
13183,7,9,3957.78,United Kingdom,5,5,5,5,Champions,0
13184,14,10,1667.95,United Kingdom,5,5,4,4,Champions,0
13185,267,1,71.4,United Kingdom,1,1,1,1,Hibernating,3
13186,39,3,1575.89,United Kingdom,3,3,4,4,Loyal Customers,2
13187,337,1,236.02,United Kingdom,1,1,1,1,Hibernating,3
13188,11,1,114.60000000000001,United Kingdom,5,1,1,1,New / Promising,1
13189,18,2,260.68,United Kingdom,4,2,2,2,New / Promising,1
13192,95,2,911.94,United Kingdom,2,2,3,2,Hibernating,2
13193,61,1,112.08,United Kingdom,3,1,1,1,Needs Attention,3
13194,135,1,60.7,United Kingdom,2,1,1,1,Hibernating,3
13196,11,4,1797.78,United Kingdom,5,4,4,4,Champions,2
13198,10,6,3401.2400000000002,United Kingdom,5,5,5,5,Champions,0
13199,3,37,9802.12,United Kingdom,5,5,5,5,Champions,0
13200,19,4,870.09,United Kingdom,4,4,3,4,Champions,2
13203,9,4,869.46,United Kingdom,5,4,3,4,Champions,1
13207,15,2,250.26000000000002,United Kingdom,4,2,2,2,New / Promising,1
13208,59,5,1193.17,United Kingdom,3,4,4,4,Loyal Customers,2
13209,30,8,5891.61,United Kingdom,4,5,5,5,Champions,0
13210,93,1,353.48,United Kingdom,2,1,2,2,Hibernating,3
13211,10,3,1095.42,United Kingdom,5,3,4,4,Champions,1
13212,19,3,786.83,United Kingdom,4,3,3,3,Loyal Customers,1
13213,56,5,1520.58,United Kingdom,3,4,4,4,Loyal Customers,2
13216,267,1,333.74,United Kingdom,1,1,2,2,Hibernating,3
13217,122,3,533.98,United Kingdom,2,3,3,3,At Risk,3
13218,127,1,62.63999999999999,United Kingdom,2,1,1,1,Hibernating,3
13220,78,4,819.2900000000001,United Kingdom,2,4,3,4,Can't Lose Them,2
13221,240,2,844.86,United Kingdom,1,2,3,2,Hibernating,3
13223,200,2,163.20000000000002,United Kingdom,1,2,1,2,Hibernating,3
13224,60,2,2152.95,United Kingdom,3,2,5,4,Loyal Customers,2
13225,3,7,6463.84,United Kingdom,5,5,5,5,Champions,0
13226,273,1,108.21000000000001,United Kingdom,1,1,1,1,Hibernating,3
13227,201,1,257.7,United Kingdom,1,1,2,2,Hibernating,3
13228,81,1,358.0,United Kingdom,2,1,2,2,Hibernating,3
13229,225,1,160.95,United Kingdom,1,1,1,1,Hibernating,3
13230,4,14,2755.63,United Kingdom,5,5,5,5,Champions,0
13232,12,7,1327.75,United Kingdom,5,5,4,4,Champions,0
13233,74,2,605.12,United Kingdom,2,2,3,2,Hibernating,3
13235,212,1,1031.07,United Kingdom,1,1,4,2,Hibernating,3
13236,24,2,744.85,United Kingdom,4,2,3,2,New / Promising,1
13238,17,4,700.73,United Kingdom,4,4,3,4,Champions,1
13239,261,1,329.56,United Kingdom,1,1,2,2,Hibernating,3
13240,96,4,648.7,United Kingdom,2,4,3,4,Can't Lose Them,2
13242,112,3,270.40000000000003,United Kingdom,2,3,2,2,Hibernating,3
13243,203,1,585.12,United Kingdom,1,1,3,2,Hibernating,3
13244,92,1,121.74000000000001,United Kingdom,2,1,1,1,Hibernating,3
13245,50,1,430.5,United Kingdom,3,1,2,2,Needs Attention,3
13246,18,6,1961.52,United Kingdom,4,5,4,4,Champions,2
13247,17,4,501.12,United Kingdom,4,4,3,4,Champions,1
13248,124,2,465.68,United Kingdom,2,2,2,2,Hibernating,3
13249,92,3,711.41,United Kingdom,2,3,3,3,At Risk,2
13253,156,2,1030.4,United Kingdom,2,2,4,3,At Risk,2
13255,9,2,399.51,United Kingdom,5,2,2,2,New / Promising,1
13258,11,3,672.83,United Kingdom,5,3,3,3,Loyal Customers,1
13259,61,1,283.18,United Kingdom,3,1,2,2,Needs Attention,3
13260,61,1,557.62,United Kingdom,3,1,3,2,Needs Attention,3
13261,268,2,944.1,United Kingdom,1,2,4,3,At Risk,3
13262,263,1,200.29,United Kingdom,1,1,1,1,Hibernating,3
13263,1,34,7411.71,United Kingdom,5,5,5,5,Champions,0
13265,53,5,2092.66,United Kingdom,3,4,5,4,Loyal Customers,2
13266,11,12,3834.2599999999998,United Kingdom,5,5,5,5,Champions,0
13267,2,19,4521.49,United Kingdom,5,5,5,5,Champions,0
13268,17,10,3152.71,United Kingdom,4,5,5,5,Champions,0
13269,1,15,5343.28,United Kingdom,5,5,5,5,Champions,0
13270,366,1,590.0,United Kingdom,1,1,3,2,Hibernating,3
13271,37,1,211.49,United Kingdom,3,1,1,1,Needs Attention,3
13272,31,2,276.56,United Kingdom,4,2,2,2,New / Promising,1
13273,113,1,138.98,United Kingdom,2,1,1,1,Hibernating,3
13276,63,2,590.9300000000001,United Kingdom,3,2,3,2,Needs Attention,3
13277,15,4,258.4,United Kingdom,4,4,2,3,Loyal Customers,1
13278,40,1,542.73,United Kingdom,3,1,3,2,Needs Attention,1
13279,78,1,137.75,United Kingdom,2,1,1,1,Hibernating,3
13280,122,3,798.46,United Kingdom,2,3,3,3,At Risk,2
13282,18,3,1132.14,United Kingdom,4,3,4,4,Champions,2
13283,59,2,93.66,United Kingdom,3,2,1,2,Needs Attention,3
13284,330,1,201.19,United Kingdom,1,1,1,1,Hibernating,3
13285,23,4,2709.12,United Kingdom,4,4,5,4,Champions,2
13291,155,1,361.11,United Kingdom,2,1,2,2,Hibernating,3
13292,38,2,578.9399999999999,United Kingdom,3,2,3,2,Needs Attention,1
13294,189,2,873.74,United Kingdom,1,2,3,2,Hibernating,3
13295,359,1,201.20000000000002,United Kingdom,1,1,1,1,Hibernating,3
13296,137,1,87.4,United Kingdom,2,1,1,1,Hibernating,3
13297,7,4,2089.85,United Kingdom,5,4,5,4,Champions,2
13298,1,1,360.0,United Kingdom,5,1,2,2,New / Promising,1
13299,268,1,142.5,United Kingdom,1,1,1,1,Hibernating,3
13300,169,1,371.89,United Kingdom,2,1,2,2,Hibernating,3
13301,103,4,600.19,United Kingdom,2,4,3,4,Can't Lose Them,2
13302,155,1,63.75,United Kingdom,2,1,1,1,Hibernating,3
13304,351,1,300.42,United Kingdom,1,1,2,2,Hibernating,3
13305,4,10,2000.86,United Kingdom,5,5,4,4,Champions,0
13307,120,1,15.0,United Kingdom,2,1,1,1,Hibernating,3
13308,22,3,1385.51,United Kingdom,4,3,4,4,Champions,2
13309,7,5,1456.79,United Kingdom,5,4,4,4,Champions,0
13310,28,3,1132.03,United Kingdom,4,3,4,4,Champions,2
13311,4,2,598.57,United Kingdom,5,2,3,2,New / Promising,1
13313,22,5,1555.32,United Kingdom,4,4,4,4,Champions,2
13314,1,3,775.94,United Kingdom,5,3,3,3,Loyal Customers,1
13316,37,4,5732.93,United Kingdom,3,4,5,4,Loyal Customers,2
13317,66,6,2273.68,United Kingdom,3,5,5,5,Loyal Customers,2
13318,1,3,640.76,United Kingdom,5,3,3,3,Loyal Customers,1
13319,5,26,10845.550000000001,United Kingdom,5,5,5,5,Champions,0
13320,78,4,1532.2,United Kingdom,2,4,4,4,Can't Lose Them,2
13321,72,2,567.36,United Kingdom,2,2,3,2,Hibernating,3
13322,17,1,199.48000000000002,United Kingdom,4,1,1,1,New / Promising,1
13323,3,5,787.85,United Kingdom,5,4,3,4,Champions,1
13324,36,10,7121.95,United Kingdom,3,5,5,5,Loyal Customers,0
13325,81,1,675.3,United Kingdom,2,1,3,2,Hibernating,3
13327,38,8,3627.77,United Kingdom,3,5,5,5,Loyal Customers,2
13328,316,1,1308.48,United Kingdom,1,1,4,2,Hibernating,3
13329,31,2,789.0,United Kingdom,4,2,3,2,New / Promising,1
13330,92,3,1140.93,United Kingdom,2,3,4,4,Can't Lose Them,2
13332,14,1,350.9,United Kingdom,5,1,2,2,New / Promising,1
13334,82,3,3502.32,United Kingdom,2,3,5,4,Can't Lose Them,2
13336,77,1,795.12,United Kingdom,2,1,3,2,Hibernating,3
13338,157,1,487.02,United Kingdom,2,1,3,2,Hibernating,3
13339,200,1,860.12,United Kingdom,1,1,3,2,Hibernating,3
13340,45,7,10736.48,United Kingdom,3,5,5,5,Loyal Customers,0
13341,260,1,775.85,United Kingdom,1,1,3,2,Hibernating,3
13343,177,1,353.43,United Kingdom,2,1,2,2,Hibernating,3
13344,67,3,2511.69,United Kingdom,3,3,5,4,Loyal Customers,2
13345,287,1,389.5,United Kingdom,1,1,2,2,Hibernating,3
13347,70,1,341.36,United Kingdom,3,1,2,2,Needs Attention,3
13348,64,1,233.76,United Kingdom,3,1,1,1,Needs Attention,3
13349,10,1,247.32,United Kingdom,5,1,2,2,New / Promising,1
13350,16,2,979.12,United Kingdom,4,2,4,3,Loyal Customers,1
13351,66,1,373.94,United Kingdom,3,1,2,2,Needs Attention,3
13352,60,1,397.97999999999996,United Kingdom,3,1,2,2,Needs Attention,3
13354,71,1,743.53,United Kingdom,3,1,3,2,Needs Attention,3
13355,122,1,674.7,United Kingdom,2,1,3,2,Hibernating,3
13356,80,1,768.24,United Kingdom,2,1,3,2,Hibernating,3
13357,257,1,609.4,United Kingdom,1,1,3,2,Hibernating,3
13358,268,1,439.03,United Kingdom,1,1,2,2,Hibernating,3
13359,63,1,439.56,United Kingdom,3,1,2,2,Needs Attention,3
13362,9,4,3090.7400000000002,United Kingdom,5,4,5,4,Champions,0
13363,17,2,992.5,United Kingdom,4,2,4,3,Loyal Customers,1
13364,71,1,134.95999999999998,United Kingdom,3,1,1,1,Needs Attention,3
13365,33,2,2225.37,United Kingdom,3,2,5,4,Loyal Customers,2
13366,50,1,56.160000000000004,United Kingdom,3,1,1,1,Needs Attention,3
13368,256,2,623.4,United Kingdom,1,2,3,2,Hibernating,3
13369,365,1,308.28000000000003,United Kingdom,1,1,2,2,Hibernating,3
13370,371,1,754.87,United Kingdom,1,1,3,2,Hibernating,3
13372,89,1,378.64,United Kingdom,2,1,2,2,Hibernating,3
13373,60,3,3312.25,United Kingdom,3,3,5,4,Loyal Customers,2
13375,88,1,778.65,United Kingdom,2,1,3,2,Hibernating,3
13376,99,3,1019.76,United Kingdom,2,3,4,4,Can't Lose Them,2
13379,26,3,572.56,United Kingdom,4,3,3,3,Loyal Customers,1
13381,31,6,3639.31,United Kingdom,4,5,5,5,Champions,2
13382,280,1,222.99,United Kingdom,1,1,1,1,Hibernating,3
13384,30,7,4151.93,United Kingdom,4,5,5,5,Champions,0
13385,329,1,534.57,United Kingdom,1,1,3,2,Hibernating,3
13388,131,2,677.1,United Kingdom,2,2,3,2,Hibernating,3
13389,11,3,797.96,United Kingdom,5,3,3,3,Loyal Customers,1
13390,74,1,544.08,United Kingdom,2,1,3,2,Hibernating,3
13391,203,1,59.8,United Kingdom,1,1,1,1,Hibernating,3
13394,1,8,2520.02,United Kingdom,5,5,5,5,Champions,0
13395,185,1,307.72,United Kingdom,1,1,2,2,Hibernating,3
13396,29,2,1360.99,United Kingdom,4,2,4,3,Loyal Customers,2
13397,72,5,1544.13,United Kingdom,2,4,4,4,Can't Lose Them,2
13398,192,1,457.34,United Kingdom,1,1,2,2,Hibernating,3
13402,127,2,621.23,United Kingdom,2,2,3,2,Hibernating,3
13403,17,1,75.0,United Kingdom,4,1,1,1,New / Promising,1
13404,1,2,252.49,United Kingdom,5,2,2,2,New / Promising,1
13405,204,2,557.45,United Kingdom,1,2,3,2,Hibernating,3
13408,1,62,28117.04,United Kingdom,5,5,5,5,Champions,0
13410,24,5,1003.06,United Kingdom,4,4,4,4,Champions,2
13411,107,1,213.55,United Kingdom,2,1,1,1,Hibernating,3
13414,133,3,1390.5,United Kingdom,2,3,4,4,Can't Lose Them,2
13416,43,2,712.5,United Kingdom,3,2,3,2,Needs Attention,2
13417,4,2,640.83,United Kingdom,5,2,3,2,New / Promising,1
13418,11,18,6127.43,United Kingdom,5,5,5,5,Champions,0
13419,63,1,221.06,United Kingdom,3,1,1,1,Needs Attention,3
13420,149,2,159.85,United Kingdom,2,2,1,2,Hibernating,3
13421,40,2,1823.21,United Kingdom,3,2,4,3,Loyal Customers,2
13422,64,1,2626.3,United Kingdom,3,1,5,3,Loyal Customers,2
13425,108,3,1624.21,United Kingdom,2,3,4,4,Can't Lose Them,2
13426,0,10,3641.32,United Kingdom,5,5,5,5,Champions,0
13427,19,3,582.6,United Kingdom,4,3,3,3,Loyal Customers,1
13428,10,1,201.78,United Kingdom,5,1,1,1,New / Promising,1
13429,10,4,1006.8,United Kingdom,5,4,4,4,Champions,1
13430,18,2,679.45,United Kingdom,4,2,3,2,New / Promising,1
13431,67,2,1269.1,United Kingdom,3,2,4,3,Loyal Customers,2
13434,74,2,534.24,United Kingdom,2,2,3,2,Hibernating,3
13435,5,7,3809.8900000000003,United Kingdom,5,5,5,5,Champions,0
13436,1,1,196.89,United Kingdom,5,1,1,1,New / Promising,1
13437,14,7,3408.06,United Kingdom,5,5,5,5,Champions,0
13439,255,1,283.71,United Kingdom,1,1,2,2,Hibernating,3
13441,91,1,296.64,United Kingdom,2,1,2,2,Hibernating,3
13447,23,3,1129.14,United Kingdom,4,3,4,4,Champions,2
13448,16,6,3534.69,United Kingdom,4,5,5,5,Champions,0
13449,23,1,291.88,United Kingdom,4,1,2,2,New / Promising,1
13450,26,6,2043.7199999999998,United Kingdom,4,5,5,5,Champions,2
13451,26,5,2898.2599999999998,United Kingdom,4,4,5,4,Champions,2
13452,259,2,590.0,United Kingdom,1,2,3,2,Hibernating,3
13453,165,2,356.97999999999996,United Kingdom,2,2,2,2,Hibernating,3
13455,24,2,1058.34,United Kingdom,4,2,4,3,Loyal Customers,1
13456,17,6,1766.72,United Kingdom,4,5,4,4,Champions,2
13458,7,14,9646.57,United Kingdom,5,5,5,5,Champions,0
13460,29,2,183.44,United Kingdom,4,2,1,2,New / Promising,1
13461,38,3,1445.0,United Kingdom,3,3,4,4,Loyal Customers,2
13462,252,1,151.5,United Kingdom,1,1,1,1,Hibernating,3
13464,58,1,674.68,United Kingdom,3,1,3,2,Needs Attention,3
13466,184,1,307.9,United Kingdom,1,1,2,2,Hibernating,3
13467,10,2,1071.91,United Kingdom,5,2,4,3,Loyal Customers,1
13468,1,37,5704.97,United Kingdom,5,5,5,5,Champions,0
13470,99,2,165.0,United Kingdom,2,2,1,2,Hibernating,3
13471,1,4,2501.84,United Kingdom,5,4,5,4,Champions,0
13473,60,2,422.64,United Kingdom,3,2,2,2,Needs Attention,3
13474,236,1,226.84,United Kingdom,1,1,1,1,Hibernating,3
13475,191,4,1431.78,United Kingdom,1,4,4,4,Can't Lose Them,2
13476,178,2,1238.47,United Kingdom,2,2,4,3,At Risk,2
13477,37,6,1454.58,United Kingdom,3,5,4,4,Loyal Customers,2
13479,200,2,300.95,United Kingdom,1,2,2,2,Hibernating,3
13481,45,5,1804.56,United Kingdom,3,4,4,4,Loyal Customers,2
13482,232,1,184.64,United Kingdom,1,1,1,1,Hibernating,3
13483,65,1,140.34,United Kingdom,3,1,1,1,Needs Attention,3
13484,241,1,313.8,United Kingdom,1,1,2,2,Hibernating,3
13485,233,1,454.24,United Kingdom,1,1,2,2,Hibernating,3
13486,78,3,1122.41,United Kingdom,2,3,4,4,Can't Lose Them,2
13487,57,3,575.4,United Kingdom,3,3,3,3,Loyal Customers,2
13488,17,13,8968.31,United Kingdom,4,5,5,5,Champions,0
13489,105,4,449.52,United Kingdom,2,4,2,3,At Risk,2
13491,51,10,1215.82,United Kingdom,3,5,4,4,Loyal Customers,2
13492,136,3,1269.84,Switzerland,2,3,4,4,Can't Lose Them,2
13493,275,2,498.63,Switzerland,1,2,3,2,Hibernating,3
13494,311,1,316.26000000000005,United Kingdom,1,1,2,2,Hibernating,3
13495,7,5,2044.8700000000001,United Kingdom,5,4,5,4,Champions,0
13496,10,2,653.33,United Kingdom,5,2,3,2,New / Promising,1
13497,282,2,348.05,United Kingdom,1,2,2,2,Hibernating,3
13499,17,5,1159.11,United Kingdom,4,4,4,4,Champions,2
13500,23,3,1166.77,United Kingdom,4,3,4,4,Champions,2
13501,288,1,1340.32,Switzerland,1,1,4,2,Hibernating,3
13502,16,3,292.0,United Kingdom,4,3,2,2,New / Promising,1
13503,71,1,216.85,United Kingdom,3,1,1,1,Needs Attention,3
13504,64,1,295.93,United Kingdom,3,1,2,2,Needs Attention,3
13505,72,4,3633.63,Switzerland,2,4,5,4,Can't Lose Them,2
13506,316,2,458.52,United Kingdom,1,2,2,2,Hibernating,3
13507,3,4,2479.16,United Kingdom,5,4,5,4,Champions,0
13508,243,1,110.97,United Kingdom,1,1,1,1,Hibernating,3
13509,8,6,964.72,United Kingdom,5,5,4,4,Champions,2
13510,1,4,1791.56,United Kingdom,5,4,4,4,Champions,0
13512,260,1,251.21,United Kingdom,1,1,2,2,Hibernating,3
13513,126,1,205.1,United Kingdom,2,1,1,1,Hibernating,3
13514,73,1,152.20000000000002,United Kingdom,2,1,1,1,Hibernating,3
13515,72,4,891.12,United Kingdom,2,4,3,4,Can't Lose Them,2
13516,21,3,1389.41,United Kingdom,4,3,4,4,Champions,2
13517,59,3,2128.42,United Kingdom,3,3,5,4,Loyal Customers,2
13518,85,1,627.16,United Kingdom,2,1,3,2,Hibernating,3
13519,78,1,122.75,United Kingdom,2,1,1,1,Hibernating,3
13520,58,6,2984.35,Switzerland,3,5,5,5,Loyal Customers,2
13521,1,3,1070.47,United Kingdom,5,3,4,4,Champions,1
13522,30,1,125.80000000000001,United Kingdom,4,1,1,1,New / Promising,1
13523,33,5,3964.88,United Kingdom,3,4,5,4,Loyal Customers,2
13524,40,5,680.1800000000001,United Kingdom,3,4,3,4,Loyal Customers,2
13525,14,2,628.78,United Kingdom,5,2,3,2,New / Promising,1
13527,33,7,2242.36,United Kingdom,3,5,5,5,Loyal Customers,2
13529,78,2,307.76,United Kingdom,2,2,2,2,Hibernating,3
13531,205,2,483.8,United Kingdom,1,2,3,2,Hibernating,3
13532,33,1,210.31,United Kingdom,3,1,1,1,Needs Attention,1
13533,182,3,269.09,United Kingdom,1,3,2,2,Hibernating,3
13534,2,25,5870.08,United Kingdom,5,5,5,5,Champions,0
13536,1,7,3444.39,United Kingdom,5,5,5,5,Champions,0
13538,43,7,1280.85,United Kingdom,3,5,4,4,Loyal Customers,2
13539,85,3,631.34,United Kingdom,2,3,3,3,At Risk,2
13544,39,2,276.06,United Kingdom,3,2,2,2,Needs Attention,1
13546,12,3,621.09,United Kingdom,5,3,3,3,Loyal Customers,1
13548,96,2,678.16,United Kingdom,2,2,3,2,Hibernating,3
13549,25,7,918.2,United Kingdom,4,5,3,4,Champions,2
13551,319,1,91.80000000000001,United Kingdom,1,1,1,1,Hibernating,3
13552,66,12,3740.07,United Kingdom,3,5,5,5,Loyal Customers,0
13555,73,4,4098.88,United Kingdom,2,4,5,4,Can't Lose Them,2
13557,28,2,584.06,United Kingdom,4,2,3,2,New / Promising,1
13558,5,4,594.52,United Kingdom,5,4,3,4,Champions,1
13560,7,1,171.42000000000002,United Kingdom,5,1,1,1,New / Promising,1
13561,215,1,141.85999999999999,United Kingdom,1,1,1,1,Hibernating,3
13562,81,3,1799.33,United Kingdom,2,3,4,4,Can't Lose Them,2
13563,84,2,777.53,United Kingdom,2,2,3,2,Hibernating,2
13564,354,2,1174.03,United Kingdom,1,2,4,3,At Risk,3
13565,19,2,240.22,United Kingdom,4,2,1,2,New / Promising,1
13566,40,2,856.84,United Kingdom,3,2,3,2,Needs Attention,2
13568,173,1,187.05,United Kingdom,2,1,1,1,Hibernating,3
13569,17,2,337.12,United Kingdom,4,2,2,2,New / Promising,1
13570,243,1,239.49,United Kingdom,1,1,1,1,Hibernating,3
13571,12,12,2088.94,United Kingdom,5,5,5,5,Champions,0
13572,205,1,1384.25,United Kingdom,1,1,4,2,Hibernating,3
13573,50,2,290.25,United Kingdom,3,2,2,2,Needs Attention,3
13575,23,5,732.0699999999999,United Kingdom,4,4,3,4,Champions,2
13576,10,18,6717.34,United Kingdom,5,5,5,5,Champions,0
13577,25,4,1687.6000000000001,United Kingdom,4,4,4,4,Champions,2
13579,14,2,467.04,United Kingdom,5,2,2,2,New / Promising,1
13581,309,1,118.0,United Kingdom,1,1,1,1,Hibernating,3
13583,155,1,781.03,United Kingdom,2,1,3,2,Hibernating,3
13584,306,1,142.4,United Kingdom,1,1,1,1,Hibernating,3
13587,63,1,712.4,United Kingdom,3,1,3,2,Needs Attention,3
13588,15,9,2478.95,United Kingdom,4,5,5,5,Champions,0
13589,14,2,379.65,United Kingdom,5,2,2,2,New / Promising,1
13590,11,6,1981.92,United Kingdom,5,5,4,4,Champions,0
13591,64,3,1117.13,United Kingdom,3,3,4,4,Loyal Customers,2
13592,35,4,247.95999999999998,United Kingdom,3,4,2,3,Loyal Customers,1
13593,108,5,2011.88,United Kingdom,2,4,4,4,Can't Lose Them,2
13594,52,1,396.97,United Kingdom,3,1,2,2,Needs Attention,3
13596,5,2,664.11,United Kingdom,5,2,3,2,New / Promising,1
13598,47,1,160.04,United Kingdom,3,1,1,1,Needs Attention,3
13599,1,21,5149.92,United Kingdom,5,5,5,5,Champions,0
13600,312,1,219.52,United Kingdom,1,1,1,1,Hibernating,3
13601,45,2,693.32,United Kingdom,3,2,3,2,Needs Attention,2
13602,64,1,428.89,United Kingdom,3,1,2,2,Needs Attention,3
13603,26,1,164.34,United Kingdom,4,1,1,1,New / Promising,1
13606,29,3,276.75,United Kingdom,4,3,2,2,New / Promising,1
13607,40,1,675.51,United Kingdom,3,1,3,2,Needs Attention,1
13610,12,7,1082.33,United Kingdom,5,5,4,4,Champions,2
13611,89,3,1154.4,United Kingdom,2,3,4,4,Can't Lose Them,2
13614,24,4,1585.46,United Kingdom,4,4,4,4,Champions,2
13615,318,1,417.69,United Kingdom,1,1,2,2,Hibernating,3
13617,40,3,544.18,United Kingdom,3,3,3,3,Loyal Customers,2
13618,173,1,177.34,United Kingdom,2,1,1,1,Hibernating,3
13621,116,1,213.85,United Kingdom,2,1,1,1,Hibernating,3
13623,30,5,727.74,United Kingdom,4,4,3,4,Champions,2
13626,252,1,257.23,United Kingdom,1,1,2,2,Hibernating,3
13627,59,5,1638.47,United Kingdom,3,4,4,4,Loyal Customers,2
13629,23,11,7792.36,United Kingdom,4,5,5,5,Champions,0
13630,5,7,2031.78,United Kingdom,5,5,5,5,Champions,0
13631,99,11,3070.42,United Kingdom,2,5,5,5,Can't Lose Them,2
13632,24,5,2118.93,United Kingdom,4,4,5,4,Champions,2
13634,33,5,1547.3600000000001,United Kingdom,3,4,4,4,Loyal Customers,2
13635,67,1,1071.03,United Kingdom,3,1,4,2,Needs Attention,3
13636,36,5,949.12,United Kingdom,3,4,4,4,Loyal Customers,2
13637,52,3,803.05,United Kingdom,3,3,3,3,Loyal Customers,2
13638,15,1,122.64,United Kingdom,4,1,1,1,New / Promising,1
13639,74,1,1033.34,United Kingdom,2,1,4,2,Hibernating,3
13642,215,1,312.28,United Kingdom,1,1,2,2,Hibernating,3
13643,31,3,519.44,United Kingdom,4,3,3,3,Loyal Customers,1
13644,16,4,2624.26,United Kingdom,4,4,5,4,Champions,2
13645,120,1,252.1,United Kingdom,2,1,2,2,Hibernating,3
13647,9,4,1648.1200000000001,United Kingdom,5,4,4,4,Champions,2
13649,256,2,346.6,United Kingdom,1,2,2,2,Hibernating,3
13650,16,6,1836.34,United Kingdom,4,5,4,4,Champions,2
13651,39,1,79.2,United Kingdom,3,1,1,1,Needs Attention,3
13652,45,3,1095.08,United Kingdom,3,3,4,4,Loyal Customers,2
13654,43,6,2707.33,United Kingdom,3,5,5,5,Loyal Customers,2
13655,114,2,932.97,United Kingdom,2,2,4,3,At Risk,2
13656,164,2,379.65,United Kingdom,2,2,2,2,Hibernating,3
13657,10,2,382.14,United Kingdom,5,2,2,2,New / Promising,1
13658,9,5,2639.17,United Kingdom,5,4,5,4,Champions,0
13659,205,2,1563.0,United Kingdom,1,2,4,3,At Risk,2
13662,85,3,881.26,United Kingdom,2,3,3,3,At Risk,2
13663,179,1,189.47,United Kingdom,2,1,1,1,Hibernating,3
13666,60,3,84.65,United Kingdom,3,3,1,2,Needs Attention,3
13667,149,1,299.05,United Kingdom,2,1,2,2,Hibernating,3
13668,2,21,6309.83,United Kingdom,5,5,5,5,Champions,0
13669,50,2,218.55,United Kingdom,3,2,1,2,Needs Attention,3
13670,75,1,349.7,United Kingdom,2,1,2,2,Hibernating,3
13672,301,2,186.39000000000001,United Kingdom,1,2,1,2,Hibernating,3
13673,18,2,387.44,United Kingdom,4,2,2,2,New / Promising,1
13675,151,2,486.82000000000005,United Kingdom,2,2,3,2,Hibernating,3
13678,151,1,232.6,United Kingdom,2,1,1,1,Hibernating,3
13680,1,4,3719.12,United Kingdom,5,4,5,4,Champions,0
13681,17,4,827.83,United Kingdom,4,4,3,4,Champions,2
13682,187,1,59.5,United Kingdom,1,1,1,1,Hibernating,3
13684,285,1,65.13,United Kingdom,1,1,1,1,Hibernating,3
13685,2,7,3119.44,United Kingdom,5,5,5,5,Champions,0
13686,182,1,72.0,United Kingdom,1,1,1,1,Hibernating,3
13689,63,1,910.0,United Kingdom,3,1,3,2,Needs Attention,3
13690,59,1,172.25,United Kingdom,3,1,1,1,Needs Attention,3
13692,24,3,1488.32,United Kingdom,4,3,4,4,Champions,2
13694,3,50,65039.62,United Kingdom,5,5,5,5,Champions,0
13695,31,15,2504.13,United Kingdom,4,5,5,5,Champions,0
13697,38,1,151.29999999999998,United Kingdom,3,1,1,1,Needs Attention,3
13699,155,1,308.58000000000004,United Kingdom,2,1,2,2,Hibernating,3
13700,26,10,2248.63,United Kingdom,4,5,5,5,Champions,0
13703,318,1,99.5,United Kingdom,1,1,1,1,Hibernating,3
13704,5,9,2308.06,United Kingdom,5,5,5,5,Champions,0
13705,7,3,711.86,United Kingdom,5,3,3,3,Loyal Customers,1
13706,302,1,330.79,United Kingdom,1,1,2,2,Hibernating,3
13707,267,2,806.41,United Kingdom,1,2,3,2,Hibernating,3
13708,271,1,283.33,United Kingdom,1,1,2,2,Hibernating,3
13709,3,13,6307.650000000001,United Kingdom,5,5,5,5,Champions,0
13710,31,1,180.48,United Kingdom,4,1,1,1,New / Promising,1
13711,218,2,252.06,United Kingdom,1,2,2,2,Hibernating,3
13712,246,1,228.84,United Kingdom,1,1,1,1,Hibernating,3
13715,281,5,1077.39,United Kingdom,1,4,4,4,Can't Lose Them,2
13716,269,1,138.28,United Kingdom,1,1,1,1,Hibernating,3
13717,32,6,1445.01,United Kingdom,4,5,4,4,Champions,2
13718,246,2,306.55,United Kingdom,1,2,2,2,Hibernating,3
13719,15,5,1041.68,United Kingdom,4,4,4,4,Champions,2
13720,116,4,799.9,United Kingdom,2,4,3,4,Can't Lose Them,2
13721,36,1,524.14,United Kingdom,3,1,3,2,Needs Attention,1
13722,131,3,2375.41,United Kingdom,2,3,5,4,Can't Lose Them,2
13723,217,1,199.85000000000002,United Kingdom,1,1,1,1,Hibernating,3
13725,49,8,1980.56,United Kingdom,3,5,4,4,Loyal Customers,2
13726,38,2,1079.6599999999999,United Kingdom,3,2,4,3,Loyal Customers,2
13727,28,2,333.48,United Kingdom,4,2,2,2,New / Promising,1
13728,36,6,1016.14,United Kingdom,3,5,4,4,Loyal Customers,2
13730,135,2,752.6,United Kingdom,2,2,3,2,Hibernating,3
13731,219,2,610.59,United Kingdom,1,2,3,2,Hibernating,3
13732,28,1,491.86,United Kingdom,4,1,3,2,New / Promising,1
13735,24,4,2883.54,United Kingdom,4,4,5,4,Champions,2
13736,5,2,729.8,United Kingdom,5,2,3,2,New / Promising,1
13737,200,1,339.59999999999997,United Kingdom,1,1,2,2,Hibernating,3
13739,18,1,216.9,United Kingdom,4,1,1,1,New / Promising,1
13740,240,1,350.75,United Kingdom,1,1,2,2,Hibernating,3
13741,71,3,668.4300000000001,United Kingdom,3,3,3,3,Loyal Customers,2
13742,16,12,3107.87,United Kingdom,4,5,5,5,Champions,0
13743,2,7,1341.6,United Kingdom,5,5,4,4,Champions,0
13744,95,2,1080.52,United Kingdom,2,2,4,3,At Risk,2
13745,162,1,300.04,United Kingdom,2,1,2,2,Hibernating,3
13747,373,1,79.6,United Kingdom,1,1,1,1,Hibernating,3
13748,95,5,948.25,United Kingdom,2,4,4,4,Can't Lose Them,2
13750,53,5,1647.26,United Kingdom,3,4,4,4,Loyal Customers,2
13751,288,1,296.25,United Kingdom,1,1,2,2,Hibernating,3
13752,124,6,1175.38,United Kingdom,2,5,4,4,Can't Lose Them,2
13753,287,1,741.26,United Kingdom,1,1,3,2,Hibernating,3
13754,151,2,282.59999999999997,United Kingdom,2,2,2,2,Hibernating,3
13755,3,9,2108.06,United Kingdom,5,5,5,5,Champions,0
13756,2,14,5189.52,United Kingdom,5,5,5,5,Champions,0
13758,11,7,3190.55,United Kingdom,5,5,5,5,Champions,0
13759,33,2,659.4100000000001,United Kingdom,3,2,3,2,Needs Attention,1
13760,54,2,286.79,United Kingdom,3,2,2,2,Needs Attention,3
13761,50,2,1070.65,United Kingdom,3,2,4,3,Loyal Customers,2
13762,218,1,306.72,United Kingdom,1,1,2,2,Hibernating,3
13763,63,1,1714.96,United Kingdom,3,1,4,2,Needs Attention,2
13764,70,3,1516.42,United Kingdom,3,3,4,4,Loyal Customers,2
13767,2,37,17220.36,United Kingdom,5,5,5,5,Champions,0
13769,2,10,2796.51,United Kingdom,5,5,5,5,Champions,0
13771,64,4,2634.45,United Kingdom,3,4,5,4,Loyal Customers,2
13772,33,3,1122.63,United Kingdom,3,3,4,4,Loyal Customers,2
13774,81,1,345.0,United Kingdom,2,1,2,2,Hibernating,3
13777,0,33,25977.16,United Kingdom,5,5,5,5,Champions,0
13778,103,1,178.7,United Kingdom,2,1,1,1,Hibernating,3
13780,7,2,360.01,United Kingdom,5,2,2,2,New / Promising,1
13781,250,1,127.84,United Kingdom,1,1,1,1,Hibernating,3
13782,12,6,908.86,United Kingdom,5,5,3,4,Champions,2
13784,9,11,2462.79,United Kingdom,5,5,5,5,Champions,0
13786,367,1,230.39999999999998,United Kingdom,1,1,1,1,Hibernating,3
13787,75,2,309.04,United Kingdom,2,2,2,2,Hibernating,3
13790,4,1,348.8,United Kingdom,5,1,2,2,New / Promising,1
13791,127,2,1516.0,United Kingdom,2,2,4,3,At Risk,2
13792,66,2,195.55,United Kingdom,3,2,1,2,Needs Attention,3
13798,1,57,37153.85,United Kingdom,5,5,5,5,Champions,0
13799,116,2,688.86,United Kingdom,2,2,3,2,Hibernating,3
13800,309,1,558.32,United Kingdom,1,1,3,2,Hibernating,3
13801,66,1,324.8,United Kingdom,3,1,2,2,Needs Attention,3
13802,138,3,4599.42,United Kingdom,2,3,5,4,Can't Lose Them,2
13803,255,1,277.07,United Kingdom,1,1,2,2,Hibernating,3
13804,30,7,2588.39,United Kingdom,4,5,5,5,Champions,2
13805,52,2,924.6,United Kingdom,3,2,4,3,Loyal Customers,2
13806,63,1,256.38,United Kingdom,3,1,2,2,Needs Attention,3
13807,367,1,112.6,United Kingdom,1,1,1,1,Hibernating,3
13808,5,5,1747.66,United Kingdom,5,4,4,4,Champions,0
13809,305,1,155.05,Cyprus,1,1,1,1,Hibernating,3
13810,28,2,827.51,Germany,4,2,3,2,New / Promising,1
13811,183,2,519.75,Germany,1,2,3,2,Hibernating,3
13812,42,3,485.0,Germany,3,3,3,3,Loyal Customers,2
13813,39,4,1168.8600000000001,Germany,3,4,4,4,Loyal Customers,2
13814,92,2,1579.12,Germany,2,2,4,3,At Risk,2
13815,22,4,3667.36,Germany,4,4,5,4,Champions,2
13816,23,2,499.67,Germany,4,2,3,2,New / Promising,1
13817,29,2,328.98,Germany,4,2,2,2,New / Promising,1
13819,301,3,1140.35,United Kingdom,1,3,4,4,Can't Lose Them,2
13821,144,2,385.64,United Kingdom,2,2,2,2,Hibernating,3
13822,5,2,632.0,United Kingdom,5,2,3,2,New / Promising,1
13823,18,2,957.66,United Kingdom,4,2,4,3,Loyal Customers,1
13824,32,5,1698.94,United Kingdom,4,4,4,4,Champions,2
13826,176,1,189.5,United Kingdom,2,1,1,1,Hibernating,3
13827,57,3,409.8,United Kingdom,3,3,2,2,Needs Attention,2
13828,22,1,209.49,United Kingdom,4,1,1,1,New / Promising,1
13831,16,6,2198.45,United Kingdom,4,5,5,5,Champions,2
13832,19,1,52.199999999999996,United Kingdom,4,1,1,1,New / Promising,1
13833,159,1,383.85,United Kingdom,2,1,2,2,Hibernating,3
13835,25,4,834.57,United Kingdom,4,4,3,4,Champions,2
13837,211,2,266.59000000000003,United Kingdom,1,2,2,2,Hibernating,3
13838,5,4,674.82,United Kingdom,5,4,3,4,Champions,1
13841,252,1,85.0,United Kingdom,1,1,1,1,Hibernating,3
13842,58,9,3385.62,United Kingdom,3,5,5,5,Loyal Customers,2
13844,11,1,361.62,United Kingdom,5,1,2,2,New / Promising,1
13845,64,1,312.98,United Kingdom,3,1,2,2,Needs Attention,3
13846,24,3,865.0600000000001,United Kingdom,4,3,3,3,Loyal Customers,2
13848,92,3,1255.0,United Kingdom,2,3,4,4,Can't Lose Them,2
13849,51,2,1537.95,United Kingdom,3,2,4,3,Loyal Customers,2
13850,129,1,1595.48,United Kingdom,2,1,4,2,Hibernating,3
13851,95,3,2651.46,United Kingdom,2,3,5,4,Can't Lose Them,2
13853,57,1,1090.14,United Kingdom,3,1,4,2,Needs Attention,2
13854,8,25,8109.5199999999995,United Kingdom,5,5,5,5,Champions,0
13856,168,3,388.5,United Kingdom,2,3,2,2,Hibernating,3
13858,57,1,216.17,United Kingdom,3,1,1,1,Needs Attention,3
13859,326,1,201.16,United Kingdom,1,1,1,1,Hibernating,3
13860,1,5,1245.9,United Kingdom,5,4,4,4,Champions,0
13862,18,8,2209.36,United Kingdom,4,5,5,5,Champions,0
13863,247,1,305.78,United Kingdom,1,1,2,2,Hibernating,3
13865,58,4,501.56,United Kingdom,3,4,3,4,Loyal Customers,2
13866,74,1,145.67000000000002,United Kingdom,2,1,1,1,Hibernating,3
13867,31,3,1005.09,United Kingdom,4,3,4,4,Champions,2
13868,7,2,3192.54,United Kingdom,5,2,5,4,Champions,1
13869,123,4,3083.65,United Kingdom,2,4,5,4,Can't Lose Them,2
13870,2,8,2770.94,United Kingdom,5,5,5,5,Champions,0
13871,22,13,6403.25,United Kingdom,4,5,5,5,Champions,0
13873,119,3,389.6,United Kingdom,2,3,2,2,Hibernating,3
13874,358,1,540.45,United Kingdom,1,1,3,2,Hibernating,3
13875,53,5,1786.79,United Kingdom,3,4,4,4,Loyal Customers,2
13876,63,1,122.7,United Kingdom,3,1,1,1,Needs Attention,3
13877,86,1,117.24,United Kingdom,2,1,1,1,Hibernating,3
13878,54,1,1271.57,United Kingdom,3,1,4,2,Needs Attention,2
13880,21,13,3219.77,United Kingdom,4,5,5,5,Champions,0
13881,3,20,17159.52,United Kingdom,5,5,5,5,Champions,0
13882,2,5,1191.13,United Kingdom,5,4,4,4,Champions,0
13883,10,5,2674.48,United Kingdom,5,4,5,4,Champions,0
13884,7,5,787.6,United Kingdom,5,4,3,4,Champions,1
13885,189,2,506.8,United Kingdom,1,2,3,2,Hibernating,3
13886,71,1,243.56,United Kingdom,3,1,1,1,Needs Attention,3
13887,204,1,349.55,United Kingdom,1,1,2,2,Hibernating,3
13888,119,2,595.67,United Kingdom,2,2,3,2,Hibernating,3
13889,92,1,416.90000000000003,United Kingdom,2,1,2,2,Hibernating,3
13890,1,10,1883.8100000000002,United Kingdom,5,5,4,4,Champions,0
13892,26,4,632.97,United Kingdom,4,4,3,4,Champions,2
13893,297,1,821.1,United Kingdom,1,1,3,2,Hibernating,3
13894,23,3,564.62,United Kingdom,4,3,3,3,Loyal Customers,1
13895,28,4,2593.07,United Kingdom,4,4,5,4,Champions,2
13897,50,1,311.16,United Kingdom,3,1,2,2,Needs Attention,3
13898,325,1,155.93,United Kingdom,1,1,1,1,Hibernating,3
13899,16,2,388.52,United Kingdom,4,3,2,2,New / Promising,1
13900,183,3,740.95,United Kingdom,1,3,3,3,At Risk,2
13901,72,5,2867.2,United Kingdom,2,4,5,4,Can't Lose Them,2
13904,37,2,332.64,United Kingdom,3,3,2,2,Needs Attention,1
13908,79,4,2369.55,United Kingdom,2,4,5,4,Can't Lose Them,2
13911,57,9,2580.91,United Kingdom,3,5,5,5,Loyal Customers,2
13914,11,2,626.45,United Kingdom,5,3,3,3,Loyal Customers,1
13917,49,2,272.04,United Kingdom,3,3,2,2,Needs Attention,3
13918,49,2,1212.8400000000001,United Kingdom,3,3,4,4,Loyal Customers,2
13919,59,2,348.81,Denmark,3,3,2,2,Needs Attention,3
13922,351,1,172.25,United Kingdom,1,1,1,1,Hibernating,3
13923,53,1,351.13,United Kingdom,3,1,2,2,Needs Attention,3
13924,1,6,1838.8500000000001,United Kingdom,5,5,4,4,Champions,0
13925,92,4,678.25,United Kingdom,2,4,3,4,Can't Lose Them,2
13926,23,1,223.85000000000002,United Kingdom,4,1,1,1,New / Promising,1
13927,74,1,348.99,United Kingdom,2,1,2,2,Hibernating,3
13928,10,4,464.57,United Kingdom,5,4,2,3,Loyal Customers,1
13929,169,2,842.65,United Kingdom,2,3,3,3,At Risk,3
13930,57,2,337.34,United Kingdom,3,3,2,2,Needs Attention,3
13931,95,2,1237.53,United Kingdom,2,3,4,4,Can't Lose Them,2
13932,294,1,307.4,United Kingdom,1,1,2,2,Hibernating,3
13933,109,2,608.7900000000001,United Kingdom,2,3,3,3,At Risk,3
13934,263,1,922.1,United Kingdom,1,1,3,2,Hibernating,3
13936,179,1,376.58,United Kingdom,2,1,2,2,Hibernating,3
13937,169,1,158.85,United Kingdom,2,1,1,1,Hibernating,3
13938,35,1,71.66,United Kingdom,3,1,1,1,Needs Attention,3
13939,23,3,568.55,United Kingdom,4,3,3,3,Loyal Customers,1
13940,17,4,839.14,United Kingdom,4,4,3,4,Champions,2
13941,21,5,5112.96,United Kingdom,4,4,5,4,Champions,2
13946,79,3,561.5699999999999,United Kingdom,2,3,3,3,At Risk,2
13947,65,1,90.6,United Kingdom,3,1,1,1,Needs Attention,3
13948,360,1,102.0,United Kingdom,1,1,1,1,Hibernating,3
13949,2,6,2427.32,United Kingdom,5,5,5,5,Champions,0
13950,11,4,745.06,United Kingdom,5,4,3,4,Champions,1
13951,176,3,674.45,United Kingdom,2,3,3,3,At Risk,2
13952,217,2,3251.07,United Kingdom,1,3,5,4,Can't Lose Them,2
13953,7,7,3515.68,United Kingdom,5,5,5,5,Champions,0
13954,1,2,439.92,United Kingdom,5,3,2,2,New / Promising,1
13955,154,2,322.96,United Kingdom,2,3,2,2,Hibernating,3
13956,5,5,1019.27,United Kingdom,5,4,4,4,Champions,1
13959,79,3,594.04,United Kingdom,2,3,3,3,At Risk,2
13960,21,2,230.22,United Kingdom,4,3,1,2,New / Promising,1
13962,21,2,169.55,United Kingdom,4,3,1,2,New / Promising,1
13963,308,4,664.54,United Kingdom,1,4,3,4,Can't Lose Them,2
13967,145,1,80.7,United Kingdom,2,1,1,1,Hibernating,3
13969,7,18,9024.17,United Kingdom,5,5,5,5,Champions,0
13971,18,8,2758.26,United Kingdom,4,5,5,5,Champions,0
13972,70,2,190.25,United Kingdom,3,3,1,2,Needs Attention,3
13973,287,1,264.7,United Kingdom,1,1,2,2,Hibernating,3
13974,49,1,413.59000000000003,United Kingdom,3,1,2,2,Needs Attention,3
13975,31,6,2461.2400000000002,United Kingdom,4,5,5,5,Champions,2
13976,206,1,357.98,United Kingdom,1,1,2,2,Hibernating,3
13978,14,2,196.79000000000002,United Kingdom,5,3,1,2,New / Promising,1
13979,73,1,869.87,United Kingdom,2,1,3,2,Hibernating,3
13980,60,1,200.14,United Kingdom,3,1,1,1,Needs Attention,3
13982,39,4,1871.81,United Kingdom,3,4,4,4,Loyal Customers,2
13983,29,12,2603.43,United Kingdom,4,5,5,5,Champions,0
13984,26,5,920.51,United Kingdom,4,4,3,4,Champions,2
13985,4,15,7060.13,United Kingdom,5,5,5,5,Champions,0
13986,17,1,320.46,United Kingdom,4,1,2,2,New / Promising,1
13988,19,6,4147.96,United Kingdom,4,5,5,5,Champions,0
13989,65,2,1266.08,United Kingdom,3,3,4,4,Loyal Customers,2
13990,213,1,311.3,United Kingdom,1,1,2,2,Hibernating,3
13991,12,6,851.88,United Kingdom,5,5,3,4,Champions,2
13992,30,1,76.8,United Kingdom,4,1,1,1,New / Promising,3
13993,42,9,3466.36,United Kingdom,3,5,5,5,Loyal Customers,0
13994,3,6,2274.14,United Kingdom,5,5,5,5,Champions,0
13995,15,5,1393.69,United Kingdom,4,4,4,4,Champions,2
13999,10,12,3901.81,United Kingdom,5,5,5,5,Champions,0
14000,211,1,635.66,United Kingdom,1,1,3,2,Hibernating,3
14001,45,3,2043.0800000000002,United Kingdom,3,3,5,4,Loyal Customers,2
14002,134,2,529.73,United Kingdom,2,3,3,3,At Risk,3
14004,43,7,4582.64,United Kingdom,3,5,5,5,Loyal Customers,2
14005,9,5,2874.72,United Kingdom,5,4,5,4,Champions,0
14006,115,3,962.19,United Kingdom,2,3,4,4,Can't Lose Them,2
14009,198,2,695.61,United Kingdom,1,3,3,3,At Risk,3
14012,277,1,328.8,United Kingdom,1,1,2,2,Hibernating,3
14013,110,3,473.02,United Kingdom,2,3,2,2,Hibernating,3
14014,77,1,505.18,United Kingdom,2,1,3,2,Hibernating,3
14015,52,1,917.34,United Kingdom,3,1,3,2,Needs Attention,3
14016,161,4,4341.21,EIRE,2,4,5,4,Can't Lose Them,2
14019,46,3,1421.61,United Kingdom,3,3,4,4,Loyal Customers,2
14020,16,2,642.8,United Kingdom,4,3,3,3,Loyal Customers,1
14021,155,3,631.9,United Kingdom,2,3,3,3,At Risk,2
14022,225,1,440.0,United Kingdom,1,1,2,2,Hibernating,3
14023,7,2,584.07,United Kingdom,5,3,3,3,Loyal Customers,1
14024,121,2,327.7,United Kingdom,2,3,2,2,Hibernating,3
14027,60,1,104.82,United Kingdom,3,1,1,1,Needs Attention,3
14029,63,2,467.66,United Kingdom,3,3,2,2,Needs Attention,3
14030,18,8,2358.84,United Kingdom,4,5,5,5,Champions,0
14031,7,19,17286.86,United Kingdom,5,5,5,5,Champions,0
14032,2,11,2975.59,United Kingdom,5,5,5,5,Champions,0
14034,22,3,648.89,United Kingdom,4,3,3,3,Loyal Customers,1
14035,28,5,1428.02,United Kingdom,4,4,4,4,Champions,2
14036,284,1,626.65,United Kingdom,1,1,3,2,Hibernating,3
14037,176,2,147.20000000000002,United Kingdom,2,3,1,2,Hibernating,3
14038,78,3,1560.38,United Kingdom,2,3,4,4,Can't Lose Them,2
14039,33,1,152.2,United Kingdom,3,1,1,1,Needs Attention,3
14040,40,12,3560.32,United Kingdom,3,5,5,5,Loyal Customers,0
14041,266,1,141.41,United Kingdom,1,1,1,1,Hibernating,3
14044,26,4,646.42,United Kingdom,4,4,3,4,Champions,2
14045,109,4,1659.75,United Kingdom,2,4,4,4,Can't Lose Them,2
14046,284,1,151.59,United Kingdom,1,1,1,1,Hibernating,3
14047,8,5,1308.6100000000001,United Kingdom,5,4,4,4,Champions,2
14048,305,1,409.93,United Kingdom,1,1,2,2,Hibernating,3
14049,16,4,5578.72,United Kingdom,4,4,5,4,Champions,2
14050,31,2,746.36,United Kingdom,4,3,3,3,Loyal Customers,1
14051,0,23,15610.390000000001,United Kingdom,5,5,5,5,Champions,0
14052,19,1,225.36,United Kingdom,4,1,1,1,New / Promising,1
14053,124,2,260.25,United Kingdom,2,3,2,2,Hibernating,3
14054,65,1,92.46,United Kingdom,3,1,1,1,Needs Attention,3
14055,106,1,725.6400000000001,United Kingdom,2,1,3,2,Hibernating,3
14056,1,23,8152.71,United Kingdom,5,5,5,5,Champions,0
14057,23,17,6211.66,United Kingdom,4,5,5,5,Champions,0
14059,266,1,183.6,United Kingdom,1,1,1,1,Hibernating,3
14060,4,19,6140.42,United Kingdom,5,5,5,5,Champions,0
14062,9,12,10464.85,United Kingdom,5,5,5,5,Champions,0
14064,29,5,1334.34,United Kingdom,4,4,4,4,Champions,2
14066,266,1,152.55,United Kingdom,1,1,1,1,Hibernating,3
14067,63,2,374.7,United Kingdom,3,3,2,2,Needs Attention,3
14068,320,1,265.85,United Kingdom,1,1,2,2,Hibernating,3
14071,3,8,1422.75,United Kingdom,5,5,4,4,Champions,0
14073,32,1,151.04,United Kingdom,4,1,1,1,New / Promising,3
14075,4,3,942.26,United Kingdom,5,3,4,4,Champions,1
14076,129,1,118.67,United Kingdom,2,1,1,1,Hibernating,3
14077,40,5,499.41999999999996,United Kingdom,3,4,3,4,Loyal Customers,2
14078,101,6,1049.37,United Kingdom,2,5,4,4,Can't Lose Them,2
14079,124,1,375.1,United Kingdom,2,1,2,2,Hibernating,3
14080,32,1,45.599999999999994,United Kingdom,4,1,1,1,New / Promising,3
14081,302,2,921.62,United Kingdom,1,3,3,3,At Risk,3
14082,364,1,182.25,United Kingdom,1,1,1,1,Hibernating,3
14083,4,9,1002.9,United Kingdom,5,5,4,4,Champions,0
14085,2,18,4421.29,United Kingdom,5,5,5,5,Champions,0
14087,2,1,191.47,United Kingdom,5,1,1,1,New / Promising,1
14088,10,13,50491.81,United Kingdom,5,5,5,5,Champions,0
14089,56,1,158.75,United Kingdom,3,1,1,1,Needs Attention,3
14090,324,1,76.32000000000001,United Kingdom,1,1,1,1,Hibernating,3
14092,7,14,4076.91,United Kingdom,5,5,5,5,Champions,0
14093,12,1,433.86,United Kingdom,5,1,2,2,New / Promising,1
14096,4,17,53258.43,United Kingdom,5,5,5,5,Champions,0
14098,36,1,147.35,United Kingdom,3,1,1,1,Needs Attention,3
14099,16,11,3104.17,United Kingdom,4,5,5,5,Champions,0
14100,137,1,191.95000000000002,United Kingdom,2,1,1,1,Hibernating,3
14101,73,6,5976.79,United Kingdom,2,5,5,5,Can't Lose Them,2
14102,5,5,1105.8799999999999,United Kingdom,5,4,4,4,Champions,1
14104,154,2,216.20999999999998,United Kingdom,2,3,1,2,Hibernating,3
14105,239,1,1266.23,United Kingdom,1,1,4,2,Hibernating,3
14107,51,7,2703.23,United Kingdom,3,5,5,5,Loyal Customers,2
14108,30,2,597.91,United Kingdom,4,3,3,3,Loyal Customers,1
14109,72,1,144.2,United Kingdom,2,1,1,1,Hibernating,3
14110,3,12,5683.15,United Kingdom,5,5,5,5,Champions,0
14111,14,4,692.85,United Kingdom,5,4,3,4,Champions,1
14112,22,7,2915.15,United Kingdom,4,5,5,5,Champions,0
14113,3,4,1840.42,United Kingdom,5,4,4,4,Champions,0
14114,273,2,386.53,United Kingdom,1,3,2,2,Hibernating,3
14116,19,5,1382.74,United Kingdom,4,4,4,4,Champions,2
14117,143,1,90.0,United Kingdom,2,1,1,1,Hibernating,3
14121,3,4,2780.15,United Kingdom,5,4,5,4,Champions,0
14124,84,1,419.58000000000004,United Kingdom,2,1,2,2,Hibernating,3
14125,10,3,2720.63,United Kingdom,5,3,5,4,Champions,2
14126,7,3,706.1300000000001,United Kingdom,5,3,3,3,Loyal Customers,1
14127,122,3,709.71,United Kingdom,2,3,3,3,At Risk,2
14128,60,2,637.5,United Kingdom,3,3,3,3,Loyal Customers,2
14129,1,5,1123.8600000000001,United Kingdom,5,4,4,4,Champions,0
14130,319,1,480.91,United Kingdom,1,1,2,2,Hibernating,3
14132,2,11,3586.0299999999997,United Kingdom,5,5,5,5,Champions,0
14133,129,3,605.64,United Kingdom,2,3,3,3,At Risk,2
14135,1,15,4690.31,United Kingdom,5,5,5,5,Champions,0
14138,1,2,965.8800000000001,United Kingdom,5,3,4,4,Champions,1
14139,46,1,415.82,United Kingdom,3,1,2,2,Needs Attention,3
14140,3,2,935.05,United Kingdom,5,3,4,4,Champions,1
14141,2,4,915.13,United Kingdom,5,4,3,4,Champions,1
14142,373,1,311.81,United Kingdom,1,1,2,2,Hibernating,3
14143,133,1,115.8,United Kingdom,2,1,1,1,Hibernating,3
14145,46,4,3742.2,United Kingdom,3,4,5,4,Loyal Customers,2
14146,8,5,4191.0,United Kingdom,5,4,5,4,Champions,0
14147,78,2,483.4,United Kingdom,2,3,3,3,At Risk,3
14148,233,1,157.2,United Kingdom,1,1,1,1,Hibernating,3
14149,220,1,446.62,United Kingdom,1,1,2,2,Hibernating,3
14150,35,2,658.64,United Kingdom,3,3,3,3,Loyal Customers,1
14152,75,2,621.29,United Kingdom,2,3,3,3,At Risk,3
14154,239,2,1345.62,United Kingdom,1,3,4,4,Can't Lose Them,2
14155,266,1,118.75,United Kingdom,1,1,1,1,Hibernating,3
14156,9,55,117210.08,EIRE,5,5,5,5,Champions,0
14157,19,2,424.89000000000004,United Kingdom,4,3,2,2,New / Promising,1
14158,40,1,507.66,United Kingdom,3,1,3,2,Needs Attention,1
14159,19,11,4627.98,United Kingdom,4,5,5,5,Champions,0
14161,215,3,1097.6200000000001,United Kingdom,1,3,4,4,Can't Lose Them,2
14162,173,2,289.36,United Kingdom,2,3,2,2,Hibernating,3
14163,87,4,2445.91,United Kingdom,2,4,5,4,Can't Lose Them,2
14164,70,2,1631.77,United Kingdom,3,3,4,4,Loyal Customers,2
14165,275,1,120.44,United Kingdom,1,1,1,1,Hibernating,3
14167,39,4,562.59,United Kingdom,3,4,3,4,Loyal Customers,2
14171,98,1,363.79,United Kingdom,2,1,2,2,Hibernating,3
14173,10,4,450.84,United Kingdom,5,4,2,3,Loyal Customers,1
14174,33,1,134.46,United Kingdom,3,1,1,1,Needs Attention,3
14175,59,3,3222.3,United Kingdom,3,3,5,4,Loyal Customers,2
14176,297,4,576.9000000000001,United Kingdom,1,4,3,4,Can't Lose Them,3
14177,86,4,549.46,United Kingdom,2,4,3,4,Can't Lose Them,2
14178,8,7,1580.26,United Kingdom,5,5,4,4,Champions,0
14179,40,2,701.57,United Kingdom,3,3,3,3,Loyal Customers,1
14180,10,25,4748.52,United Kingdom,5,5,5,5,Champions,0
14184,66,1,452.89,United Kingdom,3,1,2,2,Needs Attention,3
14185,331,1,197.65,United Kingdom,1,1,1,1,Hibernating,3
14188,30,6,2054.36,United Kingdom,4,5,5,5,Champions,2
14189,2,15,4654.08,United Kingdom,5,5,5,5,Champions,0
14191,1,13,4684.76,United Kingdom,5,5,5,5,Champions,0
14193,67,2,853.39,United Kingdom,3,3,3,3,Loyal Customers,2
14194,4,21,11349.52,United Kingdom,5,5,5,5,Champions,0
14195,201,2,1012.0,United Kingdom,1,3,4,4,Can't Lose Them,3
14196,106,1,335.52,United Kingdom,2,1,2,2,Hibernating,3
14198,18,4,701.4,United Kingdom,4,4,3,4,Champions,1
14199,218,1,185.39999999999998,United Kingdom,1,1,1,1,Hibernating,3
14201,60,7,747.44,United Kingdom,3,5,3,4,Loyal Customers,2
14204,2,1,150.61,United Kingdom,5,1,1,1,New / Promising,1
14205,16,2,466.7,United Kingdom,4,3,2,2,New / Promising,1
14206,239,1,328.15999999999997,United Kingdom,1,1,2,2,Hibernating,3
14208,94,1,151.74,United Kingdom,2,1,1,1,Hibernating,3
14209,10,6,2073.43,United Kingdom,5,5,5,5,Champions,0
14210,105,6,1905.8400000000001,United Kingdom,2,5,4,4,Can't Lose Them,2
14211,53,9,2241.1,United Kingdom,3,5,5,5,Loyal Customers,2
14212,89,1,1070.48,United Kingdom,2,1,4,2,Hibernating,3
14214,30,5,1004.38,United Kingdom,4,4,4,4,Champions,2
14215,11,6,1789.72,United Kingdom,5,5,4,4,Champions,0
14216,3,4,1839.3,United Kingdom,5,4,4,4,Champions,0
14217,1,17,2004.98,United Kingdom,5,5,4,4,Champions,0
14218,42,1,169.48000000000002,United Kingdom,3,1,1,1,Needs Attention,3
14219,4,1,89.94,United Kingdom,5,1,1,1,New / Promising,1
14220,247,2,632.4,United Kingdom,1,3,3,3,At Risk,3
14221,42,9,3432.8,United Kingdom,3,5,5,5,Loyal Customers,2
14222,177,1,683.17,United Kingdom,2,1,3,2,Hibernating,3
14223,92,3,991.13,United Kingdom,2,3,4,4,Can't Lose Them,2
14224,110,4,1009.73,United Kingdom,2,4,4,4,Can't Lose Them,2
14226,28,5,2214.79,United Kingdom,4,4,5,4,Champions,2
14227,26,10,3350.96,United Kingdom,4,5,5,5,Champions,0
14229,51,3,1547.2,United Kingdom,3,3,4,4,Loyal Customers,2
14231,183,3,925.71,United Kingdom,1,3,4,4,Can't Lose Them,2
14232,42,5,2048.07,United Kingdom,3,4,5,4,Loyal Customers,2
14233,49,4,1462.72,United Kingdom,3,4,4,4,Loyal Customers,2
14234,22,4,754.12,United Kingdom,4,4,3,4,Champions,2
14235,75,5,3144.86,United Kingdom,2,4,5,4,Can't Lose Them,2
14236,80,2,490.86,United Kingdom,2,3,3,3,At Risk,3
14237,373,1,161.0,United Kingdom,1,1,1,1,Hibernating,3
14238,326,1,146.85,United Kingdom,1,1,1,1,Hibernating,3
14239,43,11,2380.85,United Kingdom,3,5,5,5,Loyal Customers,0
14240,30,2,890.34,United Kingdom,4,3,3,3,Loyal Customers,1
14241,183,1,213.70000000000002,United Kingdom,1,1,1,1,Hibernating,3
14242,234,2,280.55,United Kingdom,1,3,2,2,Hibernating,3
14243,8,10,2588.77,United Kingdom,5,5,5,5,Champions,0
14245,219,2,1693.45,United Kingdom,1,3,4,4,Can't Lose Them,2
14246,110,3,1474.06,United Kingdom,2,3,4,4,Can't Lose Them,2
14247,278,1,136.76999999999998,United Kingdom,1,1,1,1,Hibernating,3
14248,318,1,302.58,United Kingdom,1,1,2,2,Hibernating,3
14250,7,3,1904.05,United Kingdom,5,3,4,4,Champions,1
14251,1,5,2879.7000000000003,United Kingdom,5,4,5,4,Champions,0
14256,260,2,969.0600000000001,United Kingdom,1,3,4,4,Can't Lose Them,3
14257,64,5,3099.7200000000003,United Kingdom,3,4,5,4,Loyal Customers,2
14258,9,9,12669.98,United Kingdom,5,5,5,5,Champions,0
14259,141,1,120.0,United Kingdom,2,1,1,1,Hibernating,3
14261,50,2,1163.45,United Kingdom,3,3,4,4,Loyal Customers,2
14262,8,8,2618.23,United Kingdom,5,5,5,5,Champions,0
14264,154,2,333.97,United Kingdom,2,3,2,2,Hibernating,3
14265,109,2,530.18,Unspecified,2,3,3,3,At Risk,3
14267,162,3,1516.24,United Kingdom,2,3,4,4,Can't Lose Them,2
14270,331,1,492.65000000000003,United Kingdom,1,1,3,2,Hibernating,3
14271,225,1,112.32,United Kingdom,1,1,1,1,Hibernating,3
14272,73,2,437.96,United Kingdom,2,3,2,2,Hibernating,3
14273,51,4,559.97,United Kingdom,3,4,3,4,Loyal Customers,2
14276,98,3,1119.74,United Kingdom,2,3,4,4,Can't Lose Them,2
14277,15,3,4152.0,France,4,3,5,4,Champions,2
14280,196,1,134.04,United Kingdom,1,1,1,1,Hibernating,3
14282,3,15,3701.44,United Kingdom,5,5,5,5,Champions,0
14284,30,2,595.25,United Kingdom,4,3,3,3,Loyal Customers,1
14285,21,4,1910.01,United Kingdom,4,4,4,4,Champions,2
14286,23,3,4628.75,United Kingdom,4,3,5,4,Champions,2
14287,8,3,176.63,United Kingdom,5,3,1,2,New / Promising,1
14288,213,1,426.6,United Kingdom,1,1,2,2,Hibernating,3
14289,8,6,911.26,United Kingdom,5,5,3,4,Champions,1
14290,11,5,2314.65,United Kingdom,5,4,5,4,Champions,0
14291,1,11,3883.25,United Kingdom,5,5,5,5,Champions,0
14292,7,9,4871.93,United Kingdom,5,5,5,5,Champions,0
14293,3,4,1046.56,United Kingdom,5,4,4,4,Champions,1
14295,40,1,166.20000000000002,United Kingdom,3,1,1,1,Needs Attention,3
14297,17,4,1305.33,United Kingdom,4,4,4,4,Champions,2
14298,8,44,51527.3,United Kingdom,5,5,5,5,Champions,0
14299,8,9,3965.62,United Kingdom,5,5,5,5,Champions,0
14300,18,1,43.2,United Kingdom,4,1,1,1,New / Promising,1
14301,117,1,640.14,United Kingdom,2,1,3,2,Hibernating,3
14304,222,1,383.45,United Kingdom,1,1,2,2,Hibernating,3
14305,71,3,1858.96,United Kingdom,3,3,4,4,Loyal Customers,2
14306,51,2,2093.32,United Kingdom,3,3,5,4,Loyal Customers,2
14307,88,6,2995.72,United Kingdom,2,5,5,5,Can't Lose Them,2
14309,8,9,2352.53,United Kingdom,5,5,5,5,Champions,0
14311,242,1,310.26,United Kingdom,1,1,2,2,Hibernating,3
14312,46,6,1611.59,United Kingdom,3,5,4,4,Loyal Customers,2
14314,106,1,120.0,United Kingdom,2,1,1,1,Hibernating,3
14315,44,6,2481.13,United Kingdom,3,5,5,5,Loyal Customers,2
14317,64,1,508.58000000000004,United Kingdom,3,1,3,2,Needs Attention,3
14320,206,2,477.79,United Kingdom,1,3,2,2,Hibernating,3
14321,10,5,1530.75,United Kingdom,5,4,4,4,Champions,2
14323,114,2,605.0600000000001,United Kingdom,2,3,3,3,At Risk,3
14326,242,1,183.85,United Kingdom,1,1,1,1,Hibernating,3
14327,163,1,311.65,United Kingdom,2,1,2,2,Hibernating,3
14329,17,7,4975.24,United Kingdom,4,5,5,5,Champions,0
14331,124,2,462.65999999999997,United Kingdom,2,3,2,2,Hibernating,3
14332,22,3,840.21,United Kingdom,4,3,3,3,Loyal Customers,1
14333,67,1,415.2,United Kingdom,3,1,2,2,Needs Attention,3
14334,16,8,2552.21,United Kingdom,4,5,5,5,Champions,0
14335,16,2,454.86,Germany,4,3,2,2,New / Promising,1
14336,16,4,1614.91,United Kingdom,4,4,4,4,Champions,2
14338,161,2,588.22,United Kingdom,2,3,3,3,At Risk,3
14339,242,1,309.52,United Kingdom,1,1,2,2,Hibernating,3
14340,218,1,134.7,United Kingdom,1,1,1,1,Hibernating,3
14341,45,8,2166.98,United Kingdom,3,5,5,5,Loyal Customers,2
14342,21,4,668.5600000000001,United Kingdom,4,4,3,4,Champions,2
14344,127,8,889.9300000000001,United Kingdom,2,5,3,4,Can't Lose Them,2
14345,38,1,108.97999999999999,United Kingdom,3,1,1,1,Needs Attention,3
14346,120,2,1021.58,United Kingdom,2,3,4,4,Can't Lose Them,2
14348,260,1,409.57,United Kingdom,1,1,2,2,Hibernating,3
14349,10,1,133.5,United Kingdom,5,1,1,1,New / Promising,1
14350,274,1,282.93,United Kingdom,1,1,2,2,Hibernating,3
14351,164,1,51.0,United Kingdom,2,1,1,1,Hibernating,3
14352,157,4,1078.96,United Kingdom,2,4,4,4,Can't Lose Them,2
14353,215,1,90.6,United Kingdom,1,1,1,1,Hibernating,3
14354,5,2,163.62,United Kingdom,5,3,1,2,New / Promising,1
14355,365,1,174.4,United Kingdom,1,1,1,1,Hibernating,3
14356,79,2,701.23,United Kingdom,2,3,3,3,At Risk,2
14357,43,1,225.12,United Kingdom,3,1,1,1,Needs Attention,3
14359,19,3,912.18,United Kingdom,4,3,3,3,Loyal Customers,1
14360,31,4,2118.03,United Kingdom,4,4,5,4,Champions,2
14362,22,1,151.5,United Kingdom,4,1,1,1,New / Promising,1
14364,108,8,3717.35,United Kingdom,2,5,5,5,Can't Lose Them,2
14367,8,16,9227.82,United Kingdom,5,5,5,5,Champions,0
14368,319,1,155.0,United Kingdom,1,1,1,1,Hibernating,3
14371,295,1,100.5,United Kingdom,1,1,1,1,Hibernating,3
14373,358,1,76.55,United Kingdom,1,1,1,1,Hibernating,3
14375,185,1,235.56,United Kingdom,1,1,1,1,Hibernating,3
14377,191,2,617.05,United Kingdom,1,3,3,3,At Risk,3
14379,44,2,348.1,United Kingdom,3,3,2,2,Needs Attention,1
14381,52,1,202.68,United Kingdom,3,1,1,1,Needs Attention,3
14382,26,1,615.49,United Kingdom,4,1,3,2,New / Promising,1
14383,38,3,1247.69,United Kingdom,3,3,4,4,Loyal Customers,2
14385,9,3,202.11,United Kingdom,5,3,1,2,New / Promising,1
14386,296,1,142.4,United Kingdom,1,1,1,1,Hibernating,3
14387,32,3,1727.6,United Kingdom,4,3,4,4,Champions,2
14388,10,8,3212.84,United Kingdom,5,5,5,5,Champions,0
14389,65,2,1043.46,United Kingdom,3,3,4,4,Loyal Customers,2
14390,10,9,4642.57,United Kingdom,5,5,5,5,Champions,0
14393,218,1,67.95,United Kingdom,1,1,1,1,Hibernating,3
14395,2,9,3479.91,United Kingdom,5,5,5,5,Champions,0
14396,65,2,487.99,United Kingdom,3,3,3,3,Loyal Customers,3
14397,2,19,2612.96,United Kingdom,5,5,5,5,Champions,0
14400,149,1,574.7,United Kingdom,2,1,3,2,Hibernating,3
14401,4,13,4051.48,United Kingdom,5,5,5,5,Champions,0
14403,130,4,1475.81,United Kingdom,2,4,4,4,Can't Lose Them,2
14404,33,6,1449.32,United Kingdom,3,5,4,4,Loyal Customers,2
14406,119,1,156.75,United Kingdom,2,1,1,1,Hibernating,3
14407,107,5,2142.73,United Kingdom,2,4,5,4,Can't Lose Them,2
14408,10,7,2599.03,United Kingdom,5,5,5,5,Champions,0
14409,71,6,2059.4500000000003,United Kingdom,3,5,5,5,Loyal Customers,2
14410,92,9,1099.27,United Kingdom,2,5,4,4,Can't Lose Them,2
14411,310,1,1063.0,United Kingdom,1,1,4,2,Hibernating,3
14412,42,2,770.03,United Kingdom,3,3,3,3,Loyal Customers,2
14413,362,1,121.05,United Kingdom,1,1,1,1,Hibernating,3
14414,91,7,1496.98,United Kingdom,2,5,4,4,Can't Lose Them,2
14415,1,13,5855.57,United Kingdom,5,5,5,5,Champions,0
14416,22,2,490.22,United Kingdom,4,3,3,3,Loyal Customers,1
14418,3,3,1937.25,United Kingdom,5,3,4,4,Champions,1
14419,10,6,1051.79,United Kingdom,5,5,4,4,Champions,2
14420,99,1,387.52,United Kingdom,2,1,2,2,Hibernating,3
14421,57,2,813.11,United Kingdom,3,3,3,3,Loyal Customers,2
14422,0,6,4263.64,United Kingdom,5,5,5,5,Champions,0
14423,218,1,265.2,United Kingdom,1,1,2,2,Hibernating,3
14424,17,1,322.08,United Kingdom,4,1,2,2,New / Promising,1
14426,23,10,4481.67,United Kingdom,4,5,5,5,Champions,0
14427,50,2,363.34000000000003,United Kingdom,3,3,2,2,Needs Attention,3
14428,7,5,1224.06,United Kingdom,5,4,4,4,Champions,1
14431,302,1,470.36,United Kingdom,1,1,2,2,Hibernating,3
14432,9,6,2248.5,United Kingdom,5,5,5,5,Champions,0
14434,21,6,1372.8,United Kingdom,4,5,4,4,Champions,2
14436,98,1,89.06,United Kingdom,2,1,1,1,Hibernating,3
14437,365,1,63.0,United Kingdom,1,1,1,1,Hibernating,3
14438,306,1,131.9,United Kingdom,1,1,1,1,Hibernating,3
14439,319,1,2661.24,Greece,1,1,5,3,At Risk,2
14440,8,5,2357.6800000000003,United Kingdom,5,4,5,4,Champions,0
14441,0,4,1712.89,United Kingdom,5,4,4,4,Champions,0
14442,204,2,1589.82,Channel Islands,1,3,4,4,Can't Lose Them,2
14443,53,4,1420.2,United Kingdom,3,4,4,4,Loyal Customers,2
14446,0,4,1005.55,United Kingdom,5,4,4,4,Champions,1
14447,18,5,1163.23,United Kingdom,4,4,4,4,Champions,2
14448,9,2,375.35,United Kingdom,5,3,2,2,New / Promising,1
14449,18,4,885.8,United Kingdom,4,4,3,4,Champions,2
14450,180,3,483.25,United Kingdom,1,3,3,3,At Risk,3
14451,60,2,643.9,United Kingdom,3,3,3,3,Loyal Customers,2
14452,10,2,259.05,United Kingdom,5,3,2,2,New / Promising,1
14453,190,1,119.93,United Kingdom,1,1,1,1,Hibernating,3
14456,5,9,3014.32,United Kingdom,5,5,5,5,Champions,0
14457,310,1,113.64,United Kingdom,1,1,1,1,Hibernating,3
14459,155,1,1837.92,United Kingdom,2,1,4,2,Hibernating,2
14460,110,3,434.34,United Kingdom,2,3,2,2,Hibernating,3
14461,148,3,2102.67,United Kingdom,2,3,5,4,Can't Lose Them,2
14462,66,11,1975.57,United Kingdom,3,5,4,4,Loyal Customers,2
14463,98,3,529.62,United Kingdom,2,3,3,3,At Risk,2
14465,246,3,1038.44,United Kingdom,1,3,4,4,Can't Lose Them,2
14466,29,7,2272.4,United Kingdom,4,5,5,5,Champions,2
14467,17,4,596.26,United Kingdom,4,4,3,4,Champions,1
14470,11,2,461.19,United Kingdom,5,3,2,2,New / Promising,1
14472,103,8,1852.67,United Kingdom,2,5,4,4,Can't Lose Them,2
14473,74,2,234.34000000000003,United Kingdom,2,3,1,2,Hibernating,3
14474,46,1,547.66,United Kingdom,3,1,3,2,Needs Attention,3
14475,71,3,925.85,United Kingdom,3,3,4,4,Loyal Customers,2
14476,257,1,193.0,United Kingdom,1,1,1,1,Hibernating,3
14477,19,4,1309.6,United Kingdom,4,4,4,4,Champions,2
14479,253,2,316.25,United Kingdom,1,3,2,2,Hibernating,3
14480,11,1,279.05,United Kingdom,5,1,2,2,New / Promising,1
14481,164,2,636.51,United Kingdom,2,3,3,3,At Risk,3
14482,18,6,2022.81,United Kingdom,4,5,4,4,Champions,2
14483,281,1,137.1,United Kingdom,1,1,1,1,Hibernating,3
14484,50,1,321.92,United Kingdom,3,1,2,2,Needs Attention,3
14485,38,1,162.8,United Kingdom,3,1,1,1,Needs Attention,3
14487,26,6,1165.48,United Kingdom,4,5,4,4,Champions,2
14488,67,1,1064.28,United Kingdom,3,1,4,2,Needs Attention,3
14489,207,1,463.38,United Kingdom,1,1,2,2,Hibernating,3
14491,175,2,340.93,United Kingdom,2,3,2,2,Hibernating,3
14493,7,5,2383.2400000000002,United Kingdom,5,4,5,4,Champions,0
14494,25,1,139.56,United Kingdom,4,1,1,1,New / Promising,1
14495,50,2,123.8,United Kingdom,3,3,1,2,Needs Attention,3
14496,311,2,538.8100000000001,United Kingdom,1,3,3,3,At Risk,3
14497,309,1,475.37,United Kingdom,1,1,2,2,Hibernating,3
14498,42,5,1957.32,United Kingdom,3,4,4,4,Loyal Customers,2
14499,26,3,808.44,United Kingdom,4,3,3,3,Loyal Customers,2
14500,88,3,356.85,United Kingdom,2,3,2,2,Hibernating,3
14501,183,2,251.21,United Kingdom,1,3,2,2,Hibernating,3
14502,19,11,2426.79,United Kingdom,4,5,5,5,Champions,0
14503,3,6,3543.26,United Kingdom,5,5,5,5,Champions,0
14504,47,4,673.26,United Kingdom,3,4,3,4,Loyal Customers,2
14505,17,8,5859.43,United Kingdom,4,5,5,5,Champions,0
14506,17,5,1960.65,United Kingdom,4,4,4,4,Champions,2
14507,23,6,1367.88,United Kingdom,4,5,4,4,Champions,2
14508,22,2,268.05,United Kingdom,4,3,2,2,New / Promising,1
14511,11,5,1314.81,United Kingdom,5,4,4,4,Champions,2
14512,187,2,275.28,United Kingdom,1,3,2,2,Hibernating,3
14513,100,3,455.59000000000003,United Kingdom,2,3,2,2,Hibernating,3
14514,61,3,990.2,United Kingdom,3,3,4,4,Loyal Customers,2
14515,17,6,2076.89,United Kingdom,4,5,5,5,Champions,2
14517,33,2,330.45,United Kingdom,3,3,2,2,Needs Attention,1
14518,64,1,174.37,United Kingdom,3,1,1,1,Needs Attention,3
14520,1,2,270.6,United Kingdom,5,3,2,2,New / Promising,1
14522,24,4,974.54,United Kingdom,4,4,4,4,Champions,2
14523,108,1,241.09,United Kingdom,2,1,1,1,Hibernating,3
14524,31,9,1843.83,United Kingdom,4,5,4,4,Champions,2
14525,19,9,4215.9,United Kingdom,4,5,5,5,Champions,0
14527,2,55,8506.13,United Kingdom,5,5,5,5,Champions,0
14528,37,1,364.21999999999997,United Kingdom,3,1,2,2,Needs Attention,1
14529,60,3,578.61,United Kingdom,3,3,3,3,Loyal Customers,2
14530,25,6,2862.11,United Kingdom,4,5,5,5,Champions,2
14532,236,4,932.85,United Kingdom,1,4,4,4,Can't Lose Them,2
14533,24,7,1949.72,United Kingdom,4,5,4,4,Champions,2
14534,2,18,4395.65,United Kingdom,5,5,5,5,Champions,0
14535,60,3,2854.84,United Kingdom,3,3,5,4,Loyal Customers,2
14536,259,1,170.95,United Kingdom,1,1,1,1,Hibernating,3
14537,57,1,355.56,United Kingdom,3,1,2,2,Needs Attention,3
14538,64,2,388.25,United Kingdom,3,3,2,2,Needs Attention,3
14539,15,2,537.48,United Kingdom,4,3,3,3,Loyal Customers,1
14540,9,3,952.66,United Kingdom,5,3,4,4,Champions,1
14541,58,8,1453.35,United Kingdom,3,5,4,4,Loyal Customers,2
14542,185,1,103.25,United Kingdom,1,1,1,1,Hibernating,3
14543,28,16,3560.08,United Kingdom,4,5,5,5,Champions,0
14544,24,2,2004.3,United Kingdom,4,3,4,4,Champions,2
14546,5,5,2573.93,United Kingdom,5,4,5,4,Champions,0
14547,3,8,3974.75,United Kingdom,5,5,5,5,Champions,0
14548,150,2,652.8,United Kingdom,2,3,3,3,At Risk,3
14549,311,1,289.24,United Kingdom,1,1,2,2,Hibernating,3
14550,10,2,757.37,United Kingdom,5,3,3,3,Loyal Customers,1
14551,18,2,186.23,United Kingdom,4,3,1,2,New / Promising,1
14552,151,1,164.22,United Kingdom,2,1,1,1,Hibernating,3
14553,19,5,859.27,United Kingdom,4,4,3,4,Champions,2
14554,10,4,2279.4900000000002,United Kingdom,5,4,5,4,Champions,2
14555,57,2,312.54,United Kingdom,3,3,2,2,Needs Attention,3
14557,85,1,788.38,United Kingdom,2,1,3,2,Hibernating,3
14560,7,22,2237.77,United Kingdom,5,5,5,5,Champions,0
14561,75,3,1080.76,United Kingdom,2,3,4,4,Can't Lose Them,2
14562,3,18,5006.77,United Kingdom,5,5,5,5,Champions,0
14565,95,4,3099.12,United Kingdom,2,4,5,4,Can't Lose Them,2
14566,110,1,1432.0,Channel Islands,2,1,4,2,Hibernating,3
14567,56,2,1530.3600000000001,United Kingdom,3,3,4,4,Loyal Customers,2
14569,1,1,227.39,United Kingdom,5,1,1,1,New / Promising,1
14570,280,2,217.21,United Kingdom,1,3,1,2,Hibernating,3
14572,3,7,2804.54,United Kingdom,5,5,5,5,Champions,0
14573,179,9,1639.82,United Kingdom,2,5,4,4,Can't Lose Them,2
14576,372,1,35.400000000000006,United Kingdom,1,1,1,1,Hibernating,3
14577,12,4,859.71,United Kingdom,5,4,3,4,Champions,1
14578,3,1,168.63,United Kingdom,5,1,1,1,New / Promising,1
14581,16,1,138.6,United Kingdom,4,1,1,1,New / Promising,1
14582,40,1,114.11,United Kingdom,3,1,1,1,Needs Attention,3
14583,5,5,986.96,United Kingdom,5,4,4,4,Champions,1
14584,169,4,1033.06,United Kingdom,2,4,4,4,Can't Lose Them,2
14585,50,1,157.05,United Kingdom,3,1,1,1,Needs Attention,3
14586,276,1,237.36,United Kingdom,1,1,1,1,Hibernating,3
14587,18,9,1580.29,United Kingdom,4,5,4,4,Champions,0
14589,371,1,39.75,United Kingdom,1,1,1,1,Hibernating,3
14591,15,4,1320.21,United Kingdom,4,4,4,4,Champions,2
14592,35,3,557.94,United Kingdom,3,3,3,3,Loyal Customers,1
14593,21,3,617.15,United Kingdom,4,3,3,3,Loyal Customers,1
14594,7,2,363.33,United Kingdom,5,3,2,2,New / Promising,1
14595,19,6,1740.6,United Kingdom,4,5,4,4,Champions,2
14597,11,2,866.24,United Kingdom,5,3,3,3,Loyal Customers,1
14598,44,1,221.97,United Kingdom,3,1,1,1,Needs Attention,3
14600,305,1,393.33000000000004,United Kingdom,1,1,2,2,Hibernating,3
14601,10,1,213.96,United Kingdom,5,1,1,1,New / Promising,1
14603,274,1,660.0,United Kingdom,1,1,3,2,Hibernating,3
14606,1,90,11926.15,United Kingdom,5,5,5,5,Champions,0
14607,15,12,15021.5,United Kingdom,4,5,5,5,Champions,0
14608,4,4,1785.15,United Kingdom,5,4,4,4,Champions,0
14609,72,4,601.56,United Kingdom,2,4,3,4,Can't Lose Them,2
14616,242,3,406.08000000000004,United Kingdom,1,3,2,2,Hibernating,3
14618,9,3,553.44,United Kingdom,5,3,3,3,Loyal Customers,1
14619,245,1,394.44,United Kingdom,1,1,2,2,Hibernating,3
14620,205,2,412.78000000000003,United Kingdom,1,3,2,2,Hibernating,3
14621,1,5,1788.3600000000001,United Kingdom,5,4,4,4,Champions,0
14622,184,1,320.58000000000004,United Kingdom,1,1,2,2,Hibernating,3
14623,32,5,882.02,United Kingdom,4,4,3,4,Champions,2
14624,57,2,225.85,United Kingdom,3,3,1,2,Needs Attention,3
14625,196,2,899.63,United Kingdom,1,3,3,3,At Risk,3
14626,23,4,2791.27,United Kingdom,4,4,5,4,Champions,2
14628,91,2,671.96,United Kingdom,2,3,3,3,At Risk,3
14629,4,2,955.26,United Kingdom,5,3,4,4,Champions,1
14631,50,3,1006.98,United Kingdom,3,3,4,4,Loyal Customers,2
14632,262,1,114.56,United Kingdom,1,1,1,1,Hibernating,3
14633,266,1,344.90000000000003,United Kingdom,1,1,2,2,Hibernating,3
14636,36,2,609.85,United Kingdom,3,3,3,3,Loyal Customers,1
14638,50,1,443.6,United Kingdom,3,1,2,2,Needs Attention,3
14639,52,6,2984.49,United Kingdom,3,5,5,5,Loyal Customers,2
14640,24,6,2107.38,United Kingdom,4,5,5,5,Champions,2
14641,21,1,110.46,United Kingdom,4,1,1,1,New / Promising,1
14642,58,1,96.12,United Kingdom,3,1,1,1,Needs Attention,3
14643,170,2,693.8100000000001,United Kingdom,2,3,3,3,At Risk,3
14644,67,2,830.76,United Kingdom,3,3,3,3,Loyal Customers,2
14645,156,2,597.09,United Kingdom,2,3,3,3,At Risk,3
14646,1,72,279138.02,Netherlands,5,5,5,5,Champions,0
14647,201,1,236.04000000000002,United Kingdom,1,1,1,1,Hibernating,3
14649,4,4,1402.59,United Kingdom,5,4,4,4,Champions,1
14651,67,2,653.75,United Kingdom,3,3,3,3,Loyal Customers,2
14652,77,1,114.18,United Kingdom,2,1,1,1,Hibernating,3
14653,1,7,1916.7,United Kingdom,5,5,4,4,Champions,0
14655,8,4,1932.23,United Kingdom,5,4,4,4,Champions,2
14656,169,2,291.05,United Kingdom,2,3,2,2,Hibernating,3
14657,17,4,848.22,United Kingdom,4,4,3,4,Champions,2
14658,5,2,247.15,United Kingdom,5,3,1,2,New / Promising,1
14659,8,9,2529.93,United Kingdom,5,5,5,5,Champions,0
14660,86,2,285.74,United Kingdom,2,3,2,2,Hibernating,3
14661,26,1,107.95,United Kingdom,4,1,1,1,New / Promising,1
14662,28,4,741.37,United Kingdom,4,4,3,4,Champions,2
14664,19,2,636.24,United Kingdom,4,3,3,3,Loyal Customers,1
14665,60,5,1835.7,United Kingdom,3,4,4,4,Loyal Customers,2
14666,24,1,179.95,United Kingdom,4,1,1,1,New / Promising,1
14667,10,25,9170.79,United Kingdom,5,5,5,5,Champions,0
14669,241,3,1259.24,United Kingdom,1,3,4,4,Can't Lose Them,2
14670,280,2,392.86,United Kingdom,1,3,2,2,Hibernating,3
14672,234,2,765.55,United Kingdom,1,3,3,3,At Risk,3
14673,3,5,1736.4,United Kingdom,5,4,4,4,Champions,0
14675,16,1,596.36,United Kingdom,4,1,3,2,New / Promising,1
14676,31,6,2548.2400000000002,United Kingdom,4,5,5,5,Champions,2
14680,25,16,28754.11,United Kingdom,4,5,5,5,Champions,0
14681,71,3,498.95,United Kingdom,3,3,3,3,Loyal Customers,2
14682,187,2,52.0,United Kingdom,1,3,1,2,Hibernating,3
14684,25,5,1201.51,United Kingdom,4,4,4,4,Champions,2
14687,106,1,628.38,United Kingdom,2,1,3,2,Hibernating,3
14688,7,21,5579.1,United Kingdom,5,5,5,5,Champions,0
14689,208,1,112.8,United Kingdom,1,1,1,1,Hibernating,3
14690,44,2,355.05,United Kingdom,3,3,2,2,Needs Attention,1
14691,30,5,2114.33,United Kingdom,4,4,5,4,Champions,2
14692,137,4,591.55,United Kingdom,2,4,3,4,Can't Lose Them,2
14693,264,1,172.9,United Kingdom,1,1,1,1,Hibernating,3
14696,4,7,2078.95,United Kingdom,5,5,5,5,Champions,0
14697,218,2,188.60999999999999,United Kingdom,1,3,1,2,Hibernating,3
14698,1,5,1217.27,United Kingdom,5,4,4,4,Champions,0
14699,214,1,109.13000000000001,United Kingdom,1,1,1,1,Hibernating,3
14700,32,3,2195.1,United Kingdom,4,3,5,4,Champions,2
14701,10,9,2526.09,United Kingdom,5,5,5,5,Champions,0
14702,1,17,3251.79,United Kingdom,5,5,5,5,Champions,0
14703,14,1,318.17,United Kingdom,5,1,2,2,New / Promising,1
14704,19,7,1461.6200000000001,United Kingdom,4,5,4,4,Champions,2
14705,198,1,179.0,United Kingdom,1,1,1,1,Hibernating,3
14708,2,3,1126.37,United Kingdom,5,3,4,4,Champions,1
14709,15,13,4921.04,United Kingdom,4,5,5,5,Champions,0
14710,14,4,599.48,United Kingdom,5,4,3,4,Champions,1
14711,10,11,2839.62,United Kingdom,5,5,5,5,Champions,0
14712,29,3,917.07,United Kingdom,4,3,3,3,Loyal Customers,2
14713,9,11,2662.2,United Kingdom,5,5,5,5,Champions,0
14714,24,1,160.19,United Kingdom,4,1,1,1,New / Promising,1
14715,24,4,867.38,United Kingdom,4,4,3,4,Champions,2
14716,43,2,307.51,United Kingdom,3,3,2,2,Needs Attention,1
14719,1,5,1581.84,United Kingdom,5,4,4,4,Champions,0
14720,5,3,663.81,United Kingdom,5,3,3,3,Loyal Customers,1
14722,147,1,180.42000000000002,United Kingdom,2,1,1,1,Hibernating,3
14723,10,6,1120.66,United Kingdom,5,5,4,4,Champions,2
14725,24,1,655.58,United Kingdom,4,1,3,2,New / Promising,1
14727,274,1,268.58,United Kingdom,1,1,2,2,Hibernating,3
14729,373,1,313.49,United Kingdom,1,1,2,2,Hibernating,3
14730,1,8,1897.57,United Kingdom,5,5,4,4,Champions,0
14731,47,3,380.02,United Kingdom,3,3,2,2,Needs Attention,1
14732,8,8,2702.4900000000002,United Kingdom,5,5,5,5,Champions,0
14733,16,12,9585.91,United Kingdom,4,5,5,5,Champions,0
14735,3,31,6050.69,United Kingdom,5,5,5,5,Champions,0
14737,3,3,1164.55,United Kingdom,5,3,4,4,Champions,1
14738,42,7,1314.45,United Kingdom,3,5,4,4,Loyal Customers,2
14739,4,7,3902.28,United Kingdom,5,5,5,5,Champions,0
14740,197,3,1448.21,United Kingdom,1,3,4,4,Can't Lose Them,2
14741,11,6,1400.34,United Kingdom,5,5,4,4,Champions,2
14744,16,7,1099.98,United Kingdom,4,5,4,4,Champions,2
14745,112,5,1220.26,United Kingdom,2,4,4,4,Can't Lose Them,2
14747,249,1,328.2,United Kingdom,1,1,2,2,Hibernating,3
14748,29,5,1415.75,United Kingdom,4,4,4,4,Champions,2
14752,43,1,389.64,United Kingdom,3,1,2,2,Needs Attention,3
14753,87,1,563.15,United Kingdom,2,1,3,2,Hibernating,3
14754,44,2,638.05,United Kingdom,3,3,3,3,Loyal Customers,1
14755,9,11,5010.28,United Kingdom,5,5,5,5,Champions,0
14756,15,1,738.96,United Kingdom,4,1,3,2,New / Promising,1
14757,75,1,420.5,United Kingdom,2,1,2,2,Hibernating,3
14758,144,4,1484.06,United Kingdom,2,4,4,4,Can't Lose Them,2
14759,4,3,1625.97,United Kingdom,5,3,4,4,Champions,1
14760,297,1,89.2,United Kingdom,1,1,1,1,Hibernating,3
14761,58,2,255.9,United Kingdom,3,3,2,2,Needs Attention,3
14762,263,1,300.52,United Kingdom,1,1,2,2,Hibernating,3
14764,46,1,278.3,United Kingdom,3,1,2,2,Needs Attention,3
14765,29,3,254.11,United Kingdom,4,3,2,2,New / Promising,1
14766,8,6,2473.37,United Kingdom,5,5,5,5,Champions,0
14768,17,2,192.60000000000002,United Kingdom,4,3,1,2,New / Promising,1
14769,2,8,10415.33,United Kingdom,5,5,5,5,Champions,0
14770,232,2,876.42,United Kingdom,1,3,3,3,At Risk,3
14772,112,1,139.26,United Kingdom,2,1,1,1,Hibernating,3
14775,58,3,1011.9,United Kingdom,3,3,4,4,Loyal Customers,2
14776,51,11,2538.3,United Kingdom,3,5,5,5,Loyal Customers,2
14778,127,2,730.86,United Kingdom,2,3,3,3,At Risk,3
14779,280,3,386.15,United Kingdom,1,3,2,2,Hibernating,3
14780,54,2,447.68,United Kingdom,3,3,2,2,Needs Attention,3
14782,319,1,200.10000000000002,United Kingdom,1,1,1,1,Hibernating,3
14784,26,2,289.99,United Kingdom,4,3,2,2,New / Promising,1
14785,10,2,77.4,United Kingdom,5,3,1,2,New / Promising,1
14788,7,2,679.4399999999999,United Kingdom,5,3,3,3,Loyal Customers,1
14789,28,1,197.64,United Kingdom,4,1,1,1,New / Promising,1
14790,16,4,745.06,United Kingdom,4,4,3,4,Champions,1
14792,63,1,6.2,United Kingdom,3,1,1,1,Needs Attention,3
14793,21,1,228.99,United Kingdom,4,1,1,1,New / Promising,1
14794,2,7,1319.91,United Kingdom,5,5,4,4,Champions,0
14795,166,1,131.45000000000002,United Kingdom,2,1,1,1,Hibernating,3
14796,1,17,7973.93,United Kingdom,5,5,5,5,Champions,0
14798,52,3,173.74,United Kingdom,3,3,1,2,Needs Attention,3
14799,51,1,157.7,United Kingdom,3,1,1,1,Needs Attention,3
14800,47,12,4331.79,United Kingdom,3,5,5,5,Loyal Customers,0
14801,61,1,189.34,United Kingdom,3,1,1,1,Needs Attention,3
14803,162,3,845.55,United Kingdom,2,3,3,3,At Risk,2
14804,8,1,353.27,United Kingdom,5,1,2,2,New / Promising,1
14805,15,4,546.4,United Kingdom,4,4,3,4,Champions,1
14806,75,1,193.39000000000001,United Kingdom,2,1,1,1,Hibernating,3
14808,39,8,2718.6,United Kingdom,3,5,5,5,Loyal Customers,2
14810,40,11,2085.33,United Kingdom,3,5,5,5,Loyal Customers,0
14813,369,2,152.88,United Kingdom,1,3,1,2,Hibernating,3
14815,36,2,778.5,United Kingdom,3,3,3,3,Loyal Customers,1
14816,197,1,271.85,United Kingdom,1,1,2,2,Hibernating,3
14817,200,2,1110.34,United Kingdom,1,3,4,4,Can't Lose Them,2
14818,73,3,657.8,United Kingdom,2,3,3,3,At Risk,2
14819,64,2,272.07,United Kingdom,3,3,2,2,Needs Attention,3
14820,21,4,507.29,United Kingdom,4,4,3,4,Champions,1
14821,366,1,48.800000000000004,United Kingdom,1,1,1,1,Hibernating,3
14823,180,3,321.43,United Kingdom,1,3,2,2,Hibernating,3
14824,10,4,1127.71,United Kingdom,5,4,4,4,Champions,1
14825,3,12,2221.01,United Kingdom,5,5,5,5,Champions,0
14828,196,3,2139.76,United Kingdom,1,3,5,4,Can't Lose Them,2
14829,29,4,697.55,United Kingdom,4,4,3,4,Champions,2
14830,53,1,188.03,United Kingdom,3,1,1,1,Needs Attention,3
14834,17,6,1720.3,United Kingdom,4,5,4,4,Champions,2
14836,10,3,102.44999999999999,United Kingdom,5,3,1,2,New / Promising,1
14837,89,4,1649.5,United Kingdom,2,4,4,4,Can't Lose Them,2
14840,267,1,62.85,United Kingdom,1,1,1,1,Hibernating,3
14841,53,6,3295.76,United Kingdom,3,5,5,5,Loyal Customers,2
14842,43,4,2824.69,United Kingdom,3,4,5,4,Loyal Customers,2
14844,63,4,3189.81,United Kingdom,3,4,5,4,Loyal Customers,2
14847,148,1,309.4,United Kingdom,2,1,2,2,Hibernating,3
14849,21,25,7930.54,United Kingdom,4,5,5,5,Champions,0
14850,311,1,325.75,United Kingdom,1,1,2,2,Hibernating,3
14851,23,2,511.35,United Kingdom,4,3,3,3,Loyal Customers,1
14852,58,6,2836.69,United Kingdom,3,5,5,5,Loyal Customers,2
14853,24,2,475.8,United Kingdom,4,3,2,2,New / Promising,1
14854,78,7,2740.03,United Kingdom,2,5,5,5,Can't Lose Them,2
14855,119,2,645.65,United Kingdom,2,3,3,3,At Risk,3
14856,36,3,1290.53,United Kingdom,3,3,4,4,Loyal Customers,2
14857,59,2,1173.12,United Kingdom,3,3,4,4,Loyal Customers,2
14859,12,4,1353.74,United Kingdom,5,4,4,4,Champions,2
14860,19,1,170.32,United Kingdom,4,1,1,1,New / Promising,1
14861,52,1,125.79,United Kingdom,3,1,1,1,Needs Attention,3
14862,25,2,841.1999999999999,United Kingdom,4,3,3,3,Loyal Customers,1
14863,29,1,266.76,United Kingdom,4,1,2,2,New / Promising,1
14865,7,2,52.2,United Kingdom,5,3,1,2,New / Promising,1
14866,10,11,14353.4,United Kingdom,5,5,5,5,Champions,0
14867,185,3,710.28,United Kingdom,1,3,3,3,At Risk,2
14868,3,8,2953.59,United Kingdom,5,5,5,5,Champions,0
14869,8,2,721.45,United Kingdom,5,3,3,3,Loyal Customers,1
14870,261,1,327.25,United Kingdom,1,1,2,2,Hibernating,3
14871,3,4,501.28000000000003,United Kingdom,5,4,3,4,Champions,1
14873,210,1,519.68,United Kingdom,1,1,3,2,Hibernating,3
14875,107,2,1465.3200000000002,United Kingdom,2,3,4,4,Can't Lose Them,2
14878,12,9,1476.09,United Kingdom,5,5,4,4,Champions,0
14880,77,3,690.59,United Kingdom,2,3,3,3,At Risk,2
14881,19,1,255.4,United Kingdom,4,1,2,2,New / Promising,1
14882,26,2,589.7,United Kingdom,4,3,3,3,Loyal Customers,1
14883,18,6,761.59,United Kingdom,4,5,3,4,Champions,2
14885,131,1,765.3199999999999,United Kingdom,2,1,3,2,Hibernating,3
14886,252,1,364.8,United Kingdom,1,1,2,2,Hibernating,3
14887,79,1,1862.0,United Kingdom,2,1,4,2,Hibernating,2
14888,207,1,369.2,United Kingdom,1,1,2,2,Hibernating,3
14889,336,1,135.9,United Kingdom,1,1,1,1,Hibernating,3
14890,253,1,125.65,United Kingdom,1,1,1,1,Hibernating,3
14891,148,2,554.38,United Kingdom,2,3,3,3,At Risk,3
14893,9,2,1237.8500000000001,United Kingdom,5,3,4,4,Champions,1
14894,85,1,655.75,United Kingdom,2,1,3,2,Hibernating,3
14895,7,20,11138.710000000001,United Kingdom,5,5,5,5,Champions,0
14896,204,2,468.77000000000004,United Kingdom,1,3,2,2,Hibernating,3
14897,7,4,1366.38,United Kingdom,5,4,4,4,Champions,1
14898,23,6,1269.31,United Kingdom,4,5,4,4,Champions,2
14901,11,9,1421.29,United Kingdom,5,5,4,4,Champions,0
14902,25,1,332.66,United Kingdom,4,1,2,2,New / Promising,1
14903,21,5,2795.33,United Kingdom,4,4,5,4,Champions,2
14904,2,2,1025.44,United Kingdom,5,3,4,4,Champions,1
14905,157,2,616.15,United Kingdom,2,3,3,3,At Risk,3
14907,3,7,3501.1,United Kingdom,5,5,5,5,Champions,0
14908,74,1,277.8,United Kingdom,2,1,2,2,Hibernating,3
14910,2,4,434.35,United Kingdom,5,4,2,3,Loyal Customers,1
14911,1,199,140336.83,EIRE,5,5,5,5,Champions,0
14912,16,2,867.85,Italy,4,3,3,3,Loyal Customers,1
14913,35,4,1227.43,United Kingdom,3,4,4,4,Loyal Customers,2
14915,91,2,307.48,United Kingdom,2,3,2,2,Hibernating,3
14916,70,4,1268.98,United Kingdom,3,4,4,4,Loyal Customers,2
14918,115,2,1610.15,United Kingdom,2,3,4,4,Can't Lose Them,2
14920,212,2,977.77,United Kingdom,1,3,4,4,Can't Lose Them,3
14921,30,2,1316.07,United Kingdom,4,3,4,4,Champions,2
14923,50,1,749.1,United Kingdom,3,1,3,2,Needs Attention,3
14924,245,1,310.05,United Kingdom,1,1,2,2,Hibernating,3
14929,32,1,223.88,United Kingdom,4,1,1,1,New / Promising,1
14930,108,3,2362.96,Channel Islands,2,3,5,4,Can't Lose Them,2
14931,4,4,964.6800000000001,Channel Islands,5,4,4,4,Champions,1
14932,365,1,363.53,Channel Islands,1,1,2,2,Hibernating,3
14934,81,2,1890.94,Channel Islands,2,3,4,4,Can't Lose Them,2
14935,297,1,1784.71,Channel Islands,1,1,4,2,Hibernating,3
14936,33,8,8137.02,Channel Islands,3,5,5,5,Loyal Customers,0
14937,56,3,1621.88,Channel Islands,3,3,4,4,Loyal Customers,2
14944,29,12,5900.25,United Kingdom,4,5,5,5,Champions,0
14946,14,1,100.9,United Kingdom,5,1,1,1,New / Promising,1
14947,72,2,290.82,United Kingdom,2,3,2,2,Hibernating,3
14948,23,6,1101.97,United Kingdom,4,5,4,4,Champions,2
14950,19,1,371.2,United Kingdom,4,1,2,2,New / Promising,1
14951,79,1,311.69,United Kingdom,2,1,2,2,Hibernating,3
14952,59,11,8099.49,United Kingdom,3,5,5,5,Loyal Customers,0
14953,25,1,285.67,United Kingdom,4,1,2,2,New / Promising,1
14954,12,1,294.85,United Kingdom,5,1,2,2,New / Promising,1
14957,253,1,58.49,United Kingdom,1,1,1,1,Hibernating,3
14958,147,3,483.72999999999996,United Kingdom,2,3,3,3,At Risk,3
14959,64,4,695.42,United Kingdom,3,4,3,4,Loyal Customers,2
14960,8,2,221.27,United Kingdom,5,3,1,2,New / Promising,1
14961,10,9,7044.68,United Kingdom,5,5,5,5,Champions,0
14962,270,1,126.7,United Kingdom,1,1,1,1,Hibernating,3
14963,9,5,1472.34,United Kingdom,5,4,4,4,Champions,2
14964,247,1,206.21,United Kingdom,1,1,1,1,Hibernating,3
14965,96,2,596.09,United Kingdom,2,3,3,3,At Risk,3
14966,14,1,183.02,United Kingdom,5,1,1,1,New / Promising,1
14967,49,1,463.8,United Kingdom,3,1,2,2,Needs Attention,3
14968,30,1,147.59,United Kingdom,4,1,1,1,New / Promising,1
14970,68,4,1592.06,United Kingdom,3,4,4,4,Loyal Customers,2
14971,35,3,1097.98,United Kingdom,3,3,4,4,Loyal Customers,2
14972,128,1,114.77,United Kingdom,2,1,1,1,Hibernating,3
14973,107,3,1314.45,United Kingdom,2,3,4,4,Can't Lose Them,2
14974,37,1,89.94,United Kingdom,3,1,1,1,Needs Attention,3
14975,57,1,279.94,United Kingdom,3,1,2,2,Needs Attention,3
14976,57,6,774.86,United Kingdom,3,5,3,4,Loyal Customers,2
14978,72,5,1921.3700000000001,United Kingdom,2,4,4,4,Can't Lose Them,2
14981,246,1,102.12,United Kingdom,1,1,1,1,Hibernating,3
14984,19,2,202.37,United Kingdom,4,3,1,2,New / Promising,1
14985,198,2,292.01,United Kingdom,1,3,2,2,Hibernating,3
14987,15,2,326.4,United Kingdom,4,3,2,2,New / Promising,1
14988,211,1,334.54,United Kingdom,1,1,2,2,Hibernating,3
14995,38,2,231.98000000000002,United Kingdom,3,3,1,2,Needs Attention,1
14997,46,3,546.1999999999999,United Kingdom,3,3,3,3,Loyal Customers,2
14998,170,2,414.87,United Kingdom,2,3,2,2,Hibernating,3
15000,47,1,490.52,United Kingdom,3,1,3,2,Needs Attention,3
15002,115,4,1641.76,United Kingdom,2,4,4,4,Can't Lose Them,2
15004,147,1,1220.38,United Kingdom,2,1,4,2,Hibernating,3
15005,15,28,6293.67,United Kingdom,4,5,5,5,Champions,0
15006,51,1,475.43,United Kingdom,3,1,2,2,Needs Attention,3
15007,159,1,156.91,United Kingdom,2,1,1,1,Hibernating,3
15009,12,3,1259.43,United Kingdom,5,3,4,4,Champions,1
15010,35,1,308.94,United Kingdom,3,1,2,2,Needs Attention,1
15012,53,2,405.04,United Kingdom,3,3,2,2,Needs Attention,3
15014,43,2,257.67,United Kingdom,3,3,2,2,Needs Attention,1
15016,172,1,170.04,United Kingdom,2,1,1,1,Hibernating,3
15017,33,1,125.58,United Kingdom,3,1,1,1,Needs Attention,3
15018,38,3,496.21000000000004,United Kingdom,3,3,3,3,Loyal Customers,1
15019,266,1,252.81,United Kingdom,1,1,2,2,Hibernating,3
15021,8,9,1871.77,United Kingdom,5,5,4,4,Champions,0
15022,11,4,852.39,United Kingdom,5,4,3,4,Champions,1
15023,3,11,6701.51,United Kingdom,5,5,5,5,Champions,0
15024,9,10,1636.43,United Kingdom,5,5,4,4,Champions,0
15025,33,1,361.96,United Kingdom,3,1,2,2,Needs Attention,1
15026,80,3,464.2,United Kingdom,2,3,2,2,Hibernating,2
15027,30,4,1066.1499999999999,United Kingdom,4,4,4,4,Champions,2
15028,8,4,627.13,United Kingdom,5,4,3,4,Champions,1
15030,71,2,518.28,United Kingdom,3,3,3,3,Loyal Customers,3
15031,4,4,653.19,United Kingdom,5,4,3,4,Champions,1
15032,256,3,4959.1,United Kingdom,1,3,5,4,Can't Lose Them,2
15033,4,10,2553.88,United Kingdom,5,5,5,5,Champions,0
15034,15,8,4274.16,United Kingdom,4,5,5,5,Champions,0
15035,89,1,252.73000000000002,United Kingdom,2,1,2,2,Hibernating,3
15036,72,3,429.56,United Kingdom,2,3,2,2,Hibernating,2
15038,58,6,685.74,United Kingdom,3,5,3,4,Loyal Customers,2
15039,9,47,19766.59,United Kingdom,5,5,5,5,Champions,0
15041,170,1,179.93,United Kingdom,2,1,1,1,Hibernating,3
15042,199,1,135.93,United Kingdom,1,1,1,1,Hibernating,3
15043,31,1,537.0,United Kingdom,4,1,3,2,New / Promising,1
15044,19,17,7634.7300000000005,United Kingdom,4,5,5,5,Champions,0
15045,151,2,735.66,United Kingdom,2,3,3,3,At Risk,3
15046,9,15,5071.47,United Kingdom,5,5,5,5,Champions,0
15047,269,1,343.62,United Kingdom,1,1,2,2,Hibernating,3
15048,65,4,381.0,United Kingdom,3,4,2,3,Loyal Customers,2
15049,273,1,121.17000000000002,United Kingdom,1,1,1,1,Hibernating,3
15050,25,3,1737.69,United Kingdom,4,3,4,4,Champions,2
15051,23,3,1383.3600000000001,United Kingdom,4,3,4,4,Champions,2
15052,319,1,207.73000000000002,United Kingdom,1,1,1,1,Hibernating,3
15053,4,3,693.95,United Kingdom,5,3,3,3,Loyal Customers,1
15054,12,2,302.1,United Kingdom,5,3,2,2,New / Promising,1
15057,275,2,1489.5,United Kingdom,1,3,4,4,Can't Lose Them,2
15058,25,11,2102.54,United Kingdom,4,5,5,5,Champions,0
15059,40,9,1337.72,United Kingdom,3,5,4,4,Loyal Customers,2
15060,8,4,293.0,United Kingdom,5,4,2,3,Loyal Customers,1
15061,3,48,54534.14,United Kingdom,5,5,5,5,Champions,0
15062,71,4,987.86,United Kingdom,3,4,4,4,Loyal Customers,2
15063,213,1,370.79999999999995,United Kingdom,1,1,2,2,Hibernating,3
15065,37,4,3158.13,United Kingdom,3,4,5,4,Loyal Customers,2
15066,53,1,893.59,United Kingdom,3,1,3,2,Needs Attention,3
15067,78,3,1744.76,United Kingdom,2,3,4,4,Can't Lose Them,2
15068,46,2,553.36,United Kingdom,3,3,3,3,Loyal Customers,1
15069,179,1,1109.53,United Kingdom,2,1,4,2,Hibernating,3
15070,372,1,106.2,United Kingdom,1,1,1,1,Hibernating,3
15071,93,2,982.07,United Kingdom,2,3,4,4,Can't Lose Them,2
15073,9,3,1043.41,United Kingdom,5,3,4,4,Champions,1
15074,105,1,735.67,United Kingdom,2,1,3,2,Hibernating,3
15075,77,1,773.03,United Kingdom,2,1,3,2,Hibernating,3
15076,172,1,880.85,United Kingdom,2,1,3,2,Hibernating,3
15078,7,32,9743.11,United Kingdom,5,5,5,5,Champions,0
15079,212,4,895.61,United Kingdom,1,4,3,4,Can't Lose Them,2
15081,22,5,504.8,United Kingdom,4,4,3,4,Champions,2
15083,256,1,88.2,United Kingdom,1,1,1,1,Hibernating,3
15087,281,1,306.94,United Kingdom,1,1,2,2,Hibernating,3
15088,21,2,1160.07,United Kingdom,4,3,4,4,Champions,1
15089,10,6,2420.84,United Kingdom,5,5,5,5,Champions,0
15090,308,1,381.32,United Kingdom,1,1,2,2,Hibernating,3
15091,67,1,480.71,United Kingdom,3,1,2,2,Needs Attention,3
15092,215,2,457.81,United Kingdom,1,3,2,2,Hibernating,3
15093,18,6,4597.02,United Kingdom,4,5,5,5,Champions,0
15095,103,4,1370.6,United Kingdom,2,4,4,4,Can't Lose Them,2
15096,42,1,219.39000000000001,United Kingdom,3,1,1,1,Needs Attention,3
15097,4,1,248.08,United Kingdom,5,1,2,2,New / Promising,1
15098,182,3,39916.5,United Kingdom,1,3,5,4,Can't Lose Them,2
15099,84,1,410.48,United Kingdom,2,1,2,2,Hibernating,3
15100,333,3,876.0,United Kingdom,1,3,3,3,At Risk,3
15101,8,2,317.53,United Kingdom,5,3,2,2,New / Promising,1
15103,31,2,703.36,United Kingdom,4,3,3,3,Loyal Customers,1
15104,196,2,993.54,United Kingdom,1,3,4,4,Can't Lose Them,3
15105,18,7,2298.93,United Kingdom,4,5,5,5,Champions,0
15106,17,5,1422.52,United Kingdom,4,4,4,4,Champions,2
15107,311,6,319.5,United Kingdom,1,5,2,4,Can't Lose Them,3
15108,141,3,1159.25,European Community,2,3,4,4,Can't Lose Them,2
15109,245,1,484.95,United Kingdom,1,1,3,2,Hibernating,3
15110,23,4,996.1,United Kingdom,4,4,4,4,Champions,2
15111,29,3,1567.48,United Kingdom,4,3,4,4,Champions,2
15113,9,3,3509.04,United Kingdom,5,3,5,4,Champions,2
15114,30,10,2760.56,United Kingdom,4,5,5,5,Champions,0
15115,18,1,340.11,United Kingdom,4,1,2,2,New / Promising,1
15116,17,4,1352.75,United Kingdom,4,4,4,4,Champions,2
15117,14,5,1551.78,United Kingdom,5,4,4,4,Champions,2
15118,134,1,244.8,United Kingdom,2,1,1,1,Hibernating,3
15119,245,1,266.4,United Kingdom,1,1,2,2,Hibernating,3
15120,133,1,358.82,United Kingdom,2,1,2,2,Hibernating,3
15121,50,2,457.72,United Kingdom,3,3,2,2,Needs Attention,1
15122,114,3,1633.78,United Kingdom,2,3,4,4,Can't Lose Them,2
15123,7,2,2199.31,United Kingdom,5,3,5,4,Champions,1
15124,22,2,184.19,United Kingdom,4,3,1,2,New / Promising,1
15125,25,15,11528.48,United Kingdom,4,5,5,5,Champions,0
15127,65,1,406.53,United Kingdom,3,1,2,2,Needs Attention,3
15128,60,4,1471.0,United Kingdom,3,4,4,4,Loyal Customers,2
15129,50,11,3447.4,United Kingdom,3,5,5,5,Loyal Customers,0
15130,169,1,330.11,United Kingdom,2,1,2,2,Hibernating,3
15132,18,5,977.9300000000001,United Kingdom,4,4,4,4,Champions,2
15133,127,3,982.42,United Kingdom,2,3,4,4,Can't Lose Them,2
15134,14,8,1387.99,United Kingdom,5,5,4,4,Champions,0
15135,239,1,139.05,United Kingdom,1,1,1,1,Hibernating,3
15136,2,4,1286.7,United Kingdom,5,4,4,4,Champions,1
15139,239,2,178.96,United Kingdom,1,3,1,2,Hibernating,3
15140,52,7,2354.25,United Kingdom,3,5,5,5,Loyal Customers,2
15142,46,1,498.74,United Kingdom,3,1,3,2,Needs Attention,3
15143,225,1,259.45,United Kingdom,1,1,2,2,Hibernating,3
15144,8,17,6580.44,United Kingdom,5,5,5,5,Champions,0
15145,4,4,1194.73,United Kingdom,5,4,4,4,Champions,1
15146,164,2,1327.16,United Kingdom,2,3,4,4,Can't Lose Them,2
15147,240,1,623.5,United Kingdom,1,1,3,2,Hibernating,3
15148,10,1,301.29,United Kingdom,5,1,2,2,New / Promising,1
15149,133,1,520.8000000000001,United Kingdom,2,1,3,2,Hibernating,3
15150,17,10,5291.33,United Kingdom,4,5,5,5,Champions,0
15152,9,13,4745.69,United Kingdom,5,5,5,5,Champions,0
15153,31,1,329.25,United Kingdom,4,1,2,2,New / Promising,1
15154,75,1,254.28,United Kingdom,2,1,2,2,Hibernating,3
15156,1,3,961.49,United Kingdom,5,3,4,4,Champions,1
15157,3,3,1936.07,United Kingdom,5,3,4,4,Champions,1
15158,45,1,401.40000000000003,United Kingdom,3,1,2,2,Needs Attention,3
15159,1,30,18641.010000000002,United Kingdom,5,5,5,5,Champions,0
15160,357,1,158.16,United Kingdom,1,1,1,1,Hibernating,3
15163,18,2,304.47,United Kingdom,4,3,2,2,New / Promising,1
15164,68,3,824.58,United Kingdom,3,3,3,3,Loyal Customers,2
15165,373,1,487.75,United Kingdom,1,1,3,2,Hibernating,3
15167,320,1,158.8,United Kingdom,1,1,1,1,Hibernating,3
15168,25,1,106.56,United Kingdom,4,1,1,1,New / Promising,1
15171,331,1,1289.5,United Kingdom,1,1,4,2,Hibernating,3
15172,8,5,1624.05,United Kingdom,5,4,4,4,Champions,0
15174,322,1,135.75,United Kingdom,1,1,1,1,Hibernating,3
15175,71,1,224.14,United Kingdom,3,1,1,1,Needs Attention,3
15178,260,1,40.5,United Kingdom,1,1,1,1,Hibernating,3
15179,18,5,2206.95,United Kingdom,4,4,5,4,Champions,2
15180,367,1,87.5,United Kingdom,1,1,1,1,Hibernating,3
15181,66,3,689.4799999999999,United Kingdom,3,3,3,3,Loyal Customers,2
15182,154,2,622.85,United Kingdom,2,3,3,3,At Risk,3
15184,29,2,402.2,United Kingdom,4,3,2,2,New / Promising,1
15185,70,1,310.62,United Kingdom,3,1,2,2,Needs Attention,3
15186,14,2,411.41,United Kingdom,5,3,2,2,New / Promising,1
15187,1,15,4762.18,United Kingdom,5,5,5,5,Champions,0
15189,1,41,16225.39,United Kingdom,5,5,5,5,Champions,0
15192,119,3,1044.32,United Kingdom,2,3,4,4,Can't Lose Them,2
15193,60,1,499.32,United Kingdom,3,1,3,2,Needs Attention,3
15194,3,15,7616.53,United Kingdom,5,5,5,5,Champions,0
15195,2,1,3861.0,United Kingdom,5,1,5,3,Loyal Customers,1
15197,10,3,1079.6100000000001,United Kingdom,5,3,4,4,Champions,1
15198,92,2,193.64,United Kingdom,2,3,1,2,Hibernating,3
15199,59,4,1268.7,United Kingdom,3,4,4,4,Loyal Customers,2
15201,87,5,1236.54,United Kingdom,2,4,4,4,Can't Lose Them,2
15203,25,6,1827.8,United Kingdom,4,5,4,4,Champions,2
15204,357,1,316.58,United Kingdom,1,1,2,2,Hibernating,3
15205,85,2,653.24,United Kingdom,2,3,3,3,At Risk,3
15206,10,4,420.29999999999995,United Kingdom,5,4,2,3,Loyal Customers,1
15208,1,5,870.12,United Kingdom,5,4,3,4,Champions,1
15210,225,1,331.18,United Kingdom,1,1,2,2,Hibernating,3
15211,60,2,894.4100000000001,United Kingdom,3,3,3,3,Loyal Customers,2
15212,241,1,101.8,United Kingdom,1,1,1,1,Hibernating,3
15213,318,2,328.35,United Kingdom,1,3,2,2,Hibernating,3
15214,1,8,1661.44,United Kingdom,5,5,4,4,Champions,0
15215,46,3,734.94,United Kingdom,3,3,3,3,Loyal Customers,2
15216,87,1,96.6,United Kingdom,2,1,1,1,Hibernating,3
15218,10,11,5756.89,United Kingdom,5,5,5,5,Champions,0
15219,176,1,305.75,United Kingdom,2,1,2,2,Hibernating,3
15220,51,6,1778.96,United Kingdom,3,5,4,4,Loyal Customers,2
15221,366,1,403.25,United Kingdom,1,1,2,2,Hibernating,3
15222,318,1,585.0,United Kingdom,1,1,3,2,Hibernating,3
15223,225,2,755.75,United Kingdom,1,3,3,3,At Risk,3
15224,358,2,322.08,United Kingdom,1,3,2,2,Hibernating,3
15225,234,1,409.40000000000003,United Kingdom,1,1,2,2,Hibernating,3
15226,310,1,154.41,United Kingdom,1,1,1,1,Hibernating,3
15227,36,5,1219.4,United Kingdom,3,4,4,4,Loyal Customers,2
15228,66,4,3386.71,United Kingdom,3,4,5,4,Loyal Customers,2
15230,239,2,429.6,United Kingdom,1,3,2,2,Hibernating,3
15232,113,2,612.06,United Kingdom,2,3,3,3,At Risk,3
15234,276,1,197.0,United Kingdom,1,1,1,1,Hibernating,3
15235,217,12,2247.51,United Kingdom,1,5,5,5,Can't Lose Them,2
15236,298,1,321.05,United Kingdom,1,1,2,2,Hibernating,3
15237,1,4,1412.32,United Kingdom,5,4,4,4,Champions,0
15238,29,3,1071.99,United Kingdom,4,3,4,4,Champions,2
15239,10,2,780.59,United Kingdom,5,3,3,3,Loyal Customers,1
15240,44,5,1706.57,United Kingdom,3,4,4,4,Loyal Customers,2
15241,66,8,1756.44,United Kingdom,3,5,4,4,Loyal Customers,2
15243,74,1,316.68,United Kingdom,2,1,2,2,Hibernating,3
15244,65,2,631.57,United Kingdom,3,3,3,3,Loyal Customers,2
15245,134,3,2515.84,United Kingdom,2,3,5,4,Can't Lose Them,2
15246,238,2,514.15,United Kingdom,1,3,3,3,At Risk,3
15247,122,1,356.0,United Kingdom,2,1,2,2,Hibernating,3
15249,31,13,6688.46,United Kingdom,4,5,5,5,Champions,0
15251,9,11,10484.99,United Kingdom,5,5,5,5,Champions,0
15252,36,2,740.78,United Kingdom,3,3,3,3,Loyal Customers,1
15253,16,5,918.1999999999999,United Kingdom,4,4,3,4,Champions,2
15254,127,1,300.36,United Kingdom,2,1,2,2,Hibernating,3
15255,66,1,890.85,United Kingdom,3,1,3,2,Needs Attention,3
15256,148,1,98.45,United Kingdom,2,1,1,1,Hibernating,3
15257,283,1,317.15,United Kingdom,1,1,2,2,Hibernating,3
15258,168,2,623.16,United Kingdom,2,3,3,3,At Risk,3
15260,100,7,1810.77,United Kingdom,2,5,4,4,Can't Lose Them,2
15261,135,1,254.82,United Kingdom,2,1,2,2,Hibernating,3
15262,323,1,178.95000000000002,United Kingdom,1,1,1,1,Hibernating,3
15263,106,1,156.51,United Kingdom,2,1,1,1,Hibernating,3
15264,64,1,393.74,United Kingdom,3,1,2,2,Needs Attention,3
15265,151,2,1506.1200000000001,United Kingdom,2,3,4,4,Can't Lose Them,2
15266,338,1,119.3,United Kingdom,1,1,1,1,Hibernating,3
15267,22,5,1717.36,United Kingdom,4,4,4,4,Champions,2
15269,23,1,408.8,United Kingdom,4,1,2,2,New / Promising,1
15270,15,7,2379.49,United Kingdom,4,5,5,5,Champions,0
15271,7,15,2493.34,United Kingdom,5,5,5,5,Champions,0
15272,57,2,721.94,United Kingdom,3,3,3,3,Loyal Customers,2
15274,4,2,716.57,United Kingdom,5,3,3,3,Loyal Customers,1
15275,37,1,615.14,United Kingdom,3,1,3,2,Needs Attention,1
15276,66,1,128.63,United Kingdom,3,1,1,1,Needs Attention,3
15277,46,1,255.89999999999998,United Kingdom,3,1,2,2,Needs Attention,3
15279,354,1,290.51,United Kingdom,1,1,2,2,Hibernating,3
15280,172,1,113.12,United Kingdom,2,1,1,1,Hibernating,3
15281,58,9,2332.15,United Kingdom,3,5,5,5,Loyal Customers,2
15286,49,1,240.55,United Kingdom,3,1,1,1,Needs Attention,3
15287,22,2,486.69,United Kingdom,4,3,3,3,Loyal Customers,1
15288,43,5,2306.52,United Kingdom,3,4,5,4,Loyal Customers,2
15289,29,3,939.78,United Kingdom,4,3,4,4,Champions,2
15290,4,18,7943.22,United Kingdom,5,5,5,5,Champions,0
15291,25,14,4623.3,United Kingdom,4,5,5,5,Champions,0
15292,201,1,178.39,United Kingdom,1,1,1,1,Hibernating,3
15296,50,6,3672.86,United Kingdom,3,5,5,5,Loyal Customers,2
15297,10,3,641.94,United Kingdom,5,3,3,3,Loyal Customers,1
15298,2,12,4799.9,United Kingdom,5,5,5,5,Champions,0
15299,67,6,3907.01,United Kingdom,3,5,5,5,Loyal Customers,2
15300,64,1,496.44,United Kingdom,3,1,3,2,Needs Attention,3
15301,50,12,5049.95,United Kingdom,3,5,5,5,Loyal Customers,0
15303,290,1,574.02,United Kingdom,1,1,3,2,Hibernating,3
15304,60,8,694.4000000000001,United Kingdom,3,5,3,4,Loyal Customers,2
15306,64,3,1174.35,United Kingdom,3,3,4,4,Loyal Customers,2
15307,95,1,205.3,United Kingdom,2,1,1,1,Hibernating,3
15308,274,1,310.47,United Kingdom,1,1,2,2,Hibernating,3
15311,0,91,60632.75,United Kingdom,5,5,5,5,Champions,0
15312,75,4,924.85,United Kingdom,2,4,4,4,Can't Lose Them,2
15313,110,1,52.0,United Kingdom,2,1,1,1,Hibernating,3
15314,199,1,327.97,United Kingdom,1,1,2,2,Hibernating,3
15315,64,2,570.5,United Kingdom,3,3,3,3,Loyal Customers,3
15316,326,1,165.0,United Kingdom,1,1,1,1,Hibernating,3
15318,3,1,312.62,United Kingdom,5,1,2,2,New / Promising,1
15319,283,1,204.5,United Kingdom,1,1,1,1,Hibernating,3
15320,44,1,267.13,United Kingdom,3,1,2,2,Needs Attention,3
15321,70,3,2748.31,United Kingdom,3,3,5,4,Loyal Customers,2
15322,85,1,679.68,United Kingdom,2,1,3,2,Hibernating,3
15325,103,1,161.74,United Kingdom,2,1,1,1,Hibernating,3
15326,333,1,311.71,United Kingdom,1,1,2,2,Hibernating,3
15327,52,1,208.75,United Kingdom,3,1,1,1,Needs Attention,3
15329,39,3,1049.7,United Kingdom,3,3,4,4,Loyal Customers,2
15330,32,2,714.96,United Kingdom,4,3,3,3,Loyal Customers,1
15332,366,4,1661.06,Lithuania,1,4,4,4,Can't Lose Them,2
15333,208,1,1028.56,United Kingdom,1,1,4,2,Hibernating,3
15334,156,3,347.87,United Kingdom,2,3,2,2,Hibernating,3
15335,53,1,170.22,United Kingdom,3,1,1,1,Needs Attention,3
15339,66,2,574.07,United Kingdom,3,3,3,3,Loyal Customers,3
15341,80,1,2020.52,United Kingdom,2,1,4,2,Hibernating,2
15342,129,1,406.09,United Kingdom,2,1,2,2,Hibernating,3
15343,87,1,364.5,United Kingdom,2,1,2,2,Hibernating,3
15344,0,3,563.94,United Kingdom,5,3,3,3,Loyal Customers,1
15345,45,1,393.54,United Kingdom,3,1,2,2,Needs Attention,3
15346,332,1,252.42000000000002,United Kingdom,1,1,2,2,Hibernating,3
15347,366,1,201.60000000000002,United Kingdom,1,1,1,1,Hibernating,3
15348,72,1,158.04,United Kingdom,2,1,1,1,Hibernating,3
15349,158,2,463.90999999999997,United Kingdom,2,3,2,2,Hibernating,3
15350,373,1,115.65,United Kingdom,1,1,1,1,Hibernating,3
15351,12,7,1934.66,United Kingdom,5,5,4,4,Champions,0
15353,254,2,770.12,United Kingdom,1,3,3,3,At Risk,3
15355,29,2,277.05,United Kingdom,4,3,2,2,New / Promising,1
15356,31,10,2718.03,United Kingdom,4,5,5,5,Champions,0
15358,4,22,8347.2,United Kingdom,5,5,5,5,Champions,0
15360,39,1,427.93,United Kingdom,3,1,2,2,Needs Attention,1
15361,361,1,418.92,United Kingdom,1,1,2,2,Hibernating,3
15363,372,1,326.0,United Kingdom,1,1,2,2,Hibernating,3
15364,95,2,913.19,United Kingdom,2,3,3,3,At Risk,2
15365,25,7,2314.32,United Kingdom,4,5,5,5,Champions,2
15366,75,2,602.51,United Kingdom,2,3,3,3,At Risk,3
15367,57,4,1877.59,United Kingdom,3,4,4,4,Loyal Customers,2
15368,21,1,446.94000000000005,United Kingdom,4,1,2,2,New / Promising,1
15370,40,7,2386.05,United Kingdom,3,5,5,5,Loyal Customers,2
15372,137,1,2007.3999999999999,United Kingdom,2,1,4,2,Hibernating,2
15373,8,12,2415.91,United Kingdom,5,5,5,5,Champions,0
15374,128,1,168.0,United Kingdom,2,1,1,1,Hibernating,3
15376,40,3,1221.56,United Kingdom,3,3,4,4,Loyal Customers,2
15379,169,7,3703.29,United Kingdom,2,5,5,5,Can't Lose Them,2
15380,8,5,1690.2600000000002,United Kingdom,5,4,4,4,Champions,0
15381,213,2,596.85,United Kingdom,1,3,3,3,At Risk,3
15382,14,6,5955.71,United Kingdom,5,5,5,5,Champions,0
15384,169,2,642.41,United Kingdom,2,3,3,3,At Risk,3
15385,40,1,316.88,United Kingdom,3,1,2,2,Needs Attention,3
15386,186,1,394.14,United Kingdom,1,1,2,2,Hibernating,3
15388,270,1,140.54,Canada,1,1,1,1,Hibernating,3
15389,172,1,500.0,United Kingdom,2,1,3,2,Hibernating,3
15392,4,4,1535.53,United Kingdom,5,4,4,4,Champions,1
15393,16,2,231.86,United Kingdom,4,3,1,2,New / Promising,1
15394,9,4,2183.54,United Kingdom,5,4,5,4,Champions,2
15395,325,1,107.45,United Kingdom,1,1,1,1,Hibernating,3
15396,112,1,288.18,United Kingdom,2,1,2,2,Hibernating,3
15397,289,1,94.0,United Kingdom,1,1,1,1,Hibernating,3
15398,16,2,1345.53,United Kingdom,4,3,4,4,Champions,1
15399,1,3,815.77,United Kingdom,5,3,3,3,Loyal Customers,1
15400,92,5,716.2,United Kingdom,2,4,3,4,Can't Lose Them,2
15402,148,2,626.35,United Kingdom,2,3,3,3,At Risk,3
15405,189,1,349.1,United Kingdom,1,1,2,2,Hibernating,3
15406,31,2,510.71000000000004,United Kingdom,4,3,3,3,Loyal Customers,1
15407,33,4,1046.74,United Kingdom,3,4,4,4,Loyal Customers,2
15408,264,1,267.18,United Kingdom,1,1,2,2,Hibernating,3
15410,84,8,3450.84,United Kingdom,2,5,5,5,Can't Lose Them,2
15411,26,4,1348.93,United Kingdom,4,4,4,4,Champions,2
15412,171,1,190.53,United Kingdom,2,1,1,1,Hibernating,3
15414,9,3,774.9000000000001,United Kingdom,5,3,3,3,Loyal Customers,1
15415,313,1,559.61,United Kingdom,1,1,3,2,Hibernating,3
15416,64,4,3984.32,United Kingdom,3,4,5,4,Loyal Customers,2
15417,85,1,508.8,United Kingdom,2,1,3,2,Hibernating,3
15419,24,1,135.86,United Kingdom,4,1,1,1,New / Promising,1
15421,58,4,950.36,United Kingdom,3,4,4,4,Loyal Customers,2
15422,323,2,97.7,United Kingdom,1,3,1,2,Hibernating,3
15423,38,1,43.5,United Kingdom,3,1,1,1,Needs Attention,3
15424,254,2,383.34,United Kingdom,1,3,2,2,Hibernating,3
15426,19,5,1404.07,United Kingdom,4,4,4,4,Champions,2
15427,33,3,1430.54,United Kingdom,3,3,4,4,Loyal Customers,2
15428,15,1,93.78,United Kingdom,4,1,1,1,New / Promising,1
15429,26,2,397.35,United Kingdom,4,3,2,2,New / Promising,1
15432,23,1,171.19,United Kingdom,4,1,1,1,New / Promising,1
15433,213,2,533.3,United Kingdom,1,3,3,3,At Risk,3
15434,8,5,1041.48,United Kingdom,5,4,4,4,Champions,1
15435,22,1,149.29,United Kingdom,4,1,1,1,New / Promising,1
15436,12,3,1067.75,United Kingdom,5,3,4,4,Champions,1
15437,262,1,200.16,United Kingdom,1,1,1,1,Hibernating,3
15438,131,1,156.57999999999998,United Kingdom,2,1,1,1,Hibernating,3
15440,54,3,383.68,United Kingdom,3,3,2,2,Needs Attention,2
15442,248,1,594.0,United Kingdom,1,1,3,2,Hibernating,3
15443,1,7,3213.59,United Kingdom,5,5,5,5,Champions,0
15444,9,2,1411.21,United Kingdom,5,3,4,4,Champions,1
15445,264,1,113.5,United Kingdom,1,1,1,1,Hibernating,3
15447,330,1,155.17,United Kingdom,1,1,1,1,Hibernating,3
15448,312,1,494.64,United Kingdom,1,1,3,2,Hibernating,3
15449,26,3,974.52,United Kingdom,4,3,4,4,Champions,2
15450,30,1,429.84,United Kingdom,4,1,2,2,New / Promising,1
15452,29,3,528.48,United Kingdom,4,3,3,3,Loyal Customers,1
15453,1,7,1371.77,United Kingdom,5,5,4,4,Champions,0
15454,362,1,179.1,United Kingdom,1,1,1,1,Hibernating,3
15456,283,3,434.59000000000003,United Kingdom,1,3,2,2,Hibernating,3
15457,262,1,237.07,United Kingdom,1,1,1,1,Hibernating,3
15458,25,1,161.64,United Kingdom,4,1,1,1,New / Promising,1
15460,354,1,214.26,United Kingdom,1,1,1,1,Hibernating,3
15462,94,3,234.6,United Kingdom,2,3,1,2,Hibernating,3
15463,29,1,126.14,United Kingdom,4,1,1,1,New / Promising,1
15464,338,1,1044.65,United Kingdom,1,1,4,2,Hibernating,3
15465,19,18,7354.62,United Kingdom,4,5,5,5,Champions,0
15466,85,1,334.53,United Kingdom,2,1,2,2,Hibernating,3
15467,9,3,524.88,United Kingdom,5,3,3,3,Loyal Customers,1
15468,51,2,467.51,United Kingdom,3,3,2,2,Needs Attention,1
15469,50,2,538.55,United Kingdom,3,3,3,3,Loyal Customers,1
15471,2,1,454.48,United Kingdom,5,1,2,2,New / Promising,1
15472,113,1,371.56,United Kingdom,2,1,2,2,Hibernating,3
15473,14,7,1771.2,United Kingdom,5,5,4,4,Champions,0
15475,77,1,454.10999999999996,United Kingdom,2,1,2,2,Hibernating,3
15478,40,2,1399.92,United Kingdom,3,3,4,4,Loyal Customers,2
15480,116,1,905.5,Malta,2,1,3,2,Hibernating,3
15482,15,11,10839.76,United Kingdom,4,5,5,5,Champions,0
15483,161,4,225.26,United Kingdom,2,4,1,2,Hibernating,3
15484,1,4,3590.41,United Kingdom,5,4,5,4,Champions,0
15485,30,3,2564.5,United Kingdom,4,3,5,4,Champions,2
15488,92,1,91.32000000000001,United Kingdom,2,1,1,1,Hibernating,3
15489,22,3,1134.28,United Kingdom,4,3,4,4,Champions,2
15491,95,6,3100.09,United Kingdom,2,5,5,5,Can't Lose Them,2
15492,28,2,659.4599999999999,United Kingdom,4,3,3,3,Loyal Customers,1
15493,32,5,1953.41,United Kingdom,4,4,4,4,Champions,2
15494,21,2,1280.58,United Kingdom,4,3,4,4,Champions,1
15497,17,2,1262.2,United Kingdom,4,3,4,4,Champions,1
15498,2,27,13316.4,United Kingdom,5,5,5,5,Champions,0
15500,8,4,1131.56,United Kingdom,5,4,4,4,Champions,1
15502,15,10,6923.98,United Kingdom,4,5,5,5,Champions,0
15503,362,1,141.04,United Kingdom,1,1,1,1,Hibernating,3
15504,81,1,52.83,United Kingdom,2,1,1,1,Hibernating,3
15505,52,5,3610.96,United Kingdom,3,4,5,4,Loyal Customers,2
15506,22,3,972.08,United Kingdom,4,3,4,4,Champions,2
15507,171,1,475.86,United Kingdom,2,1,2,2,Hibernating,3
15508,189,6,1000.27,United Kingdom,1,5,4,4,Can't Lose Them,2
15510,330,1,250.0,United Kingdom,1,1,2,2,Hibernating,3
15511,11,5,900.53,United Kingdom,5,4,3,4,Champions,1
15512,155,2,121.0,United Kingdom,2,3,1,2,Hibernating,3
15513,33,19,14758.220000000001,United Kingdom,3,5,5,5,Loyal Customers,0
15514,12,11,4023.7200000000003,United Kingdom,5,5,5,5,Champions,0
15516,44,3,62.43,United Kingdom,3,3,1,2,Needs Attention,3
15517,233,1,267.03,United Kingdom,1,1,2,2,Hibernating,3
15518,64,8,1921.55,United Kingdom,3,5,4,4,Loyal Customers,2
15520,1,1,343.5,United Kingdom,5,1,2,2,New / Promising,1
15521,40,8,3000.2,United Kingdom,3,5,5,5,Loyal Customers,2
15522,32,2,397.99,United Kingdom,4,3,2,2,New / Promising,1
15523,84,1,412.01000000000005,United Kingdom,2,1,2,2,Hibernating,3
15524,24,1,440.0,United Kingdom,4,1,2,2,New / Promising,1
15525,2,3,731.87,United Kingdom,5,3,3,3,Loyal Customers,1
15526,33,2,148.44,United Kingdom,3,3,1,2,Needs Attention,1
15527,18,8,2428.53,United Kingdom,4,5,5,5,Champions,0
15528,254,1,229.33,United Kingdom,1,1,1,1,Hibernating,3
15529,22,11,3960.05,United Kingdom,4,5,5,5,Champions,0
15530,21,4,1497.31,United Kingdom,4,4,4,4,Champions,2
15531,8,2,1972.39,United Kingdom,5,3,4,4,Champions,1
15532,25,4,1554.83,United Kingdom,4,4,4,4,Champions,2
15533,19,3,807.57,United Kingdom,4,3,3,3,Loyal Customers,1
15535,173,4,502.9,United Kingdom,2,4,3,4,Can't Lose Them,2
15537,163,1,110.92,United Kingdom,2,1,1,1,Hibernating,3
15539,7,1,538.46,United Kingdom,5,1,3,2,New / Promising,1
15540,11,1,213.3,United Kingdom,5,1,1,1,New / Promising,1
15541,114,1,85.13000000000001,United Kingdom,2,1,1,1,Hibernating,3
15543,288,1,127.86,United Kingdom,1,1,1,1,Hibernating,3
15544,9,9,3546.71,United Kingdom,5,5,5,5,Champions,0
15545,54,2,288.96999999999997,United Kingdom,3,3,2,2,Needs Attention,3
15547,7,14,4910.6,United Kingdom,5,5,5,5,Champions,0
15549,77,3,1677.71,United Kingdom,2,3,4,4,Can't Lose Them,2
15550,4,4,575.63,United Kingdom,5,4,3,4,Champions,1
15551,36,1,436.06,United Kingdom,3,1,2,2,Needs Attention,1
15552,217,1,90.12,United Kingdom,1,1,1,1,Hibernating,3
15553,60,1,428.93,United Kingdom,3,1,2,2,Needs Attention,3
15554,277,1,217.2,United Kingdom,1,1,1,1,Hibernating,3
15555,12,16,4791.87,United Kingdom,5,5,5,5,Champions,0
15556,24,1,279.77,United Kingdom,4,1,2,2,New / Promising,1
15557,28,1,468.91,United Kingdom,4,1,2,2,New / Promising,1
15561,11,4,800.59,United Kingdom,5,4,3,4,Champions,1
15562,351,1,134.55,United Kingdom,1,1,1,1,Hibernating,3
15563,22,3,1361.44,United Kingdom,4,3,4,4,Champions,2
15565,50,2,173.16,United Kingdom,3,3,1,2,Needs Attention,3
15567,18,1,186.01,United Kingdom,4,1,1,1,New / Promising,1
15568,2,3,758.29,United Kingdom,5,3,3,3,Loyal Customers,1
15569,103,5,1375.71,United Kingdom,2,4,4,4,Can't Lose Them,2
15570,7,12,4148.82,United Kingdom,5,5,5,5,Champions,0
15571,11,4,650.4300000000001,United Kingdom,5,4,3,4,Champions,1
15572,4,7,2533.42,United Kingdom,5,5,5,5,Champions,0
15573,31,2,583.24,United Kingdom,4,3,3,3,Loyal Customers,1
15574,177,4,675.64,United Kingdom,2,4,3,4,Can't Lose Them,2
15576,37,1,921.37,United Kingdom,3,1,3,2,Needs Attention,1
15577,151,3,258.88,United Kingdom,2,3,2,2,Hibernating,3
15578,162,1,127.1,United Kingdom,2,1,1,1,Hibernating,3
15579,68,2,327.6,United Kingdom,3,3,2,2,Needs Attention,3
15581,156,10,717.4300000000001,United Kingdom,2,5,3,4,Can't Lose Them,2
15582,24,3,682.9100000000001,United Kingdom,4,3,3,3,Loyal Customers,1
15584,23,4,720.86,United Kingdom,4,4,3,4,Champions,2
15585,176,1,455.3,United Kingdom,2,1,2,2,Hibernating,3
15587,50,4,913.6800000000001,United Kingdom,3,4,3,4,Loyal Customers,2
15589,255,3,478.53000000000003,United Kingdom,1,3,2,2,Hibernating,3
15592,46,1,388.58,United Kingdom,3,1,2,2,Needs Attention,3
15593,70,1,199.8,United Kingdom,3,1,1,1,Needs Attention,3
15594,15,5,1771.78,United Kingdom,4,4,4,4,Champions,2
15596,100,5,1406.59,United Kingdom,2,4,4,4,Can't Lose Them,2
15597,35,1,324.57,United Kingdom,3,1,2,2,Needs Attention,1
15598,53,1,240.68,United Kingdom,3,1,1,1,Needs Attention,3
15599,26,2,761.74,United Kingdom,4,3,3,3,Loyal Customers,1
15601,11,14,6776.56,United Kingdom,5,5,5,5,Champions,0
15602,8,9,1297.8700000000001,United Kingdom,5,5,4,4,Champions,0
15603,78,1,48.480000000000004,United Kingdom,2,1,1,1,Hibernating,3
15604,52,1,216.39,United Kingdom,3,1,1,1,Needs Attention,3
15605,36,5,1198.23,United Kingdom,3,4,4,4,Loyal Customers,2
15606,61,9,2920.16,United Kingdom,3,5,5,5,Loyal Customers,2
15607,336,1,104.76,United Kingdom,1,1,1,1,Hibernating,3
15608,28,4,1093.68,United Kingdom,4,4,4,4,Champions,2
15609,184,1,298.48,United Kingdom,1,1,2,2,Hibernating,3
15610,51,1,112.46000000000001,United Kingdom,3,1,1,1,Needs Attention,3
15611,9,11,1570.45,United Kingdom,5,5,4,4,Champions,0
15612,36,2,195.15,United Kingdom,3,3,1,2,Needs Attention,1
15615,10,23,10399.74,United Kingdom,5,5,5,5,Champions,0
15618,32,4,776.85,United Kingdom,4,4,3,4,Champions,2
15619,10,1,336.40000000000003,United Kingdom,5,1,2,2,New / Promising,1
15620,56,3,1553.18,United Kingdom,3,3,4,4,Loyal Customers,2
15621,4,4,1293.03,United Kingdom,5,4,4,4,Champions,1
15622,43,9,3709.56,United Kingdom,3,5,5,5,Loyal Customers,0
15623,141,1,301.03,United Kingdom,2,1,2,2,Hibernating,3
15624,116,4,588.13,United Kingdom,2,4,3,4,Can't Lose Them,2
15625,103,4,1534.26,United Kingdom,2,4,4,4,Can't Lose Them,2
15626,74,2,675.8,United Kingdom,2,3,3,3,At Risk,2
15628,4,9,2870.2400000000002,United Kingdom,5,5,5,5,Champions,0
15630,45,2,1186.35,United Kingdom,3,3,4,4,Loyal Customers,2
15632,15,8,3285.31,United Kingdom,4,5,5,5,Champions,0
15634,17,1,243.55,United Kingdom,4,1,1,1,New / Promising,1
15636,89,2,724.76,United Kingdom,2,3,3,3,At Risk,2
15637,52,1,223.36,United Kingdom,3,1,1,1,Needs Attention,3
15639,134,1,425.32,United Kingdom,2,1,2,2,Hibernating,3
15640,4,15,12416.11,United Kingdom,5,5,5,5,Champions,0
15641,105,4,1887.2,United Kingdom,2,4,4,4,Can't Lose Them,2
15643,191,3,664.0,United Kingdom,1,3,3,3,At Risk,3
15644,166,4,803.54,United Kingdom,2,4,3,4,Can't Lose Them,2
15645,18,1,611.59,United Kingdom,4,1,3,2,New / Promising,1
15646,157,3,447.64000000000004,United Kingdom,2,3,2,2,Hibernating,3
15648,204,2,639.5,United Kingdom,1,3,3,3,At Risk,3
15649,336,2,816.0,United Kingdom,1,3,3,3,At Risk,3
15651,36,3,646.3,United Kingdom,3,3,3,3,Loyal Customers,2
15652,91,1,337.74,United Kingdom,2,1,2,2,Hibernating,3
15653,92,2,877.4399999999999,United Kingdom,2,3,3,3,At Risk,2
15654,9,2,922.53,United Kingdom,5,3,3,3,Loyal Customers,1
15655,243,1,560.67,United Kingdom,1,1,3,2,Hibernating,3
15656,45,4,748.5,United Kingdom,3,4,3,4,Loyal Customers,2
15657,22,1,30.0,United Kingdom,4,1,1,1,New / Promising,3
15658,190,5,1024.1000000000001,United Kingdom,1,4,4,4,Can't Lose Them,2
15659,43,1,306.45,United Kingdom,3,1,2,2,Needs Attention,3
15660,25,9,1600.86,United Kingdom,4,5,4,4,Champions,2
15661,317,2,309.8,United Kingdom,1,3,2,2,Hibernating,3
15663,106,1,138.14,United Kingdom,2,1,1,1,Hibernating,3
15664,50,1,386.43,United Kingdom,3,1,2,2,Needs Attention,3
15665,168,2,2222.21,United Kingdom,2,3,5,4,Can't Lose Them,2
15667,39,1,301.32,United Kingdom,3,1,2,2,Needs Attention,3
15668,217,1,76.32000000000001,United Kingdom,1,1,1,1,Hibernating,3
15669,40,4,684.34,United Kingdom,3,4,3,4,Loyal Customers,2
15670,296,1,173.05,United Kingdom,1,1,1,1,Hibernating,3
15671,18,7,2657.13,United Kingdom,4,5,5,5,Champions,0
15673,88,4,2726.23,United Kingdom,2,4,5,4,Can't Lose Them,2
15674,73,4,2111.89,United Kingdom,2,4,5,4,Can't Lose Them,2
15675,81,3,323.69,United Kingdom,2,3,2,2,Hibernating,3
15676,18,3,3435.76,United Kingdom,4,4,5,4,Champions,2
15677,49,1,657.23,United Kingdom,3,1,3,2,Needs Attention,3
15678,52,1,352.7,United Kingdom,3,1,2,2,Needs Attention,3
15679,24,4,781.28,United Kingdom,4,4,3,4,Champions,2
15680,9,3,1333.68,United Kingdom,5,4,4,4,Champions,1
15681,25,5,1426.16,United Kingdom,4,4,4,4,Champions,2
15683,117,1,193.75,United Kingdom,2,1,1,1,Hibernating,3
15687,8,9,2993.1,United Kingdom,5,5,5,5,Champions,0
15689,119,2,254.1,United Kingdom,2,3,2,2,Hibernating,3
15690,4,2,239.76,United Kingdom,5,3,1,2,New / Promising,1
15691,252,1,136.8,United Kingdom,1,1,1,1,Hibernating,3
15692,28,1,191.04,United Kingdom,4,1,1,1,New / Promising,1
15694,0,13,6464.4,United Kingdom,5,5,5,5,Champions,0
15695,266,2,409.98,United Kingdom,1,3,2,2,Hibernating,3
15696,33,8,2711.11,United Kingdom,3,5,5,5,Loyal Customers,2
15699,17,1,309.65,United Kingdom,4,1,2,2,New / Promising,1
15700,172,2,696.68,United Kingdom,2,3,3,3,At Risk,3
15701,2,4,1529.0,United Kingdom,5,4,4,4,Champions,1
15703,264,1,211.5,United Kingdom,1,1,1,1,Hibernating,3
15704,140,4,2293.62,United Kingdom,2,4,5,4,Can't Lose Them,2
15705,201,1,143.1,United Kingdom,1,1,1,1,Hibernating,3
15706,63,4,1060.56,United Kingdom,3,4,4,4,Loyal Customers,2
15707,35,4,916.98,United Kingdom,3,4,3,4,Loyal Customers,2
15708,40,7,3235.25,United Kingdom,3,5,5,5,Loyal Customers,2
15709,283,1,133.25,United Kingdom,1,1,1,1,Hibernating,3
15712,9,5,1072.3600000000001,United Kingdom,5,4,4,4,Champions,1
15713,143,2,356.7,United Kingdom,2,3,2,2,Hibernating,3
15714,11,2,330.03000000000003,United Kingdom,5,3,2,2,New / Promising,1
15716,145,4,1101.1100000000001,United Kingdom,2,4,4,4,Can't Lose Them,2
15717,234,1,150.3,United Kingdom,1,1,1,1,Hibernating,3
15719,32,13,5028.42,United Kingdom,4,5,5,5,Champions,0
15720,24,1,598.73,United Kingdom,4,1,3,2,New / Promising,1
15721,11,1,471.40000000000003,United Kingdom,5,2,2,2,New / Promising,1
15722,35,5,2211.21,United Kingdom,3,4,5,4,Loyal Customers,2
15723,364,1,190.7,United Kingdom,1,2,1,2,Hibernating,3
15724,201,2,218.25,United Kingdom,1,3,1,2,Hibernating,3
15725,15,1,415.25,United Kingdom,4,2,2,2,New / Promising,1
15727,16,7,5159.06,United Kingdom,4,5,5,5,Champions,0
15729,212,1,85.0,United Kingdom,1,2,1,2,Hibernating,3
15730,65,3,1120.88,United Kingdom,3,4,4,4,Loyal Customers,2
15732,212,2,294.12,United Kingdom,1,3,2,2,Hibernating,3
15733,282,1,162.3,United Kingdom,1,2,1,2,Hibernating,3
15734,114,2,1339.45,United Kingdom,2,3,4,4,Can't Lose Them,2
15737,14,8,1188.1200000000001,United Kingdom,5,5,4,4,Champions,0
15738,18,16,4812.42,United Kingdom,4,5,5,5,Champions,0
15739,66,1,449.12,United Kingdom,3,2,2,2,Needs Attention,3
15740,49,1,154.88,United Kingdom,3,2,1,2,Needs Attention,3
15743,16,4,775.96,United Kingdom,4,4,3,4,Champions,1
15744,77,1,34.8,United Kingdom,2,2,1,2,Hibernating,3
15745,19,4,1094.59,United Kingdom,4,4,4,4,Champions,2
15746,134,1,196.88,United Kingdom,2,2,1,2,Hibernating,3
15747,12,3,946.64,United Kingdom,5,4,4,4,Champions,1
15748,40,1,144.36,United Kingdom,3,2,1,2,Needs Attention,3
15749,235,3,44534.3,United Kingdom,1,4,5,4,Can't Lose Them,2
15750,2,8,2463.05,United Kingdom,5,5,5,5,Champions,0
15752,39,7,2626.6,United Kingdom,3,5,5,5,Loyal Customers,2
15753,304,1,79.2,United Kingdom,1,2,1,2,Hibernating,3
15754,51,3,458.57,United Kingdom,3,4,2,3,Loyal Customers,2
15755,10,6,2364.25,United Kingdom,5,5,5,5,Champions,0
15756,61,4,528.01,United Kingdom,3,4,3,4,Loyal Customers,2
15757,65,2,714.42,United Kingdom,3,3,3,3,Loyal Customers,2
15758,24,1,205.25,United Kingdom,4,2,1,2,New / Promising,1
15759,218,3,253.04,United Kingdom,1,4,2,3,At Risk,3
15762,65,2,583.75,United Kingdom,3,3,3,3,Loyal Customers,3
15763,31,2,1086.92,United Kingdom,4,3,4,4,Champions,2
15764,88,6,3279.97,United Kingdom,2,5,5,5,Can't Lose Them,2
15766,64,1,315.06,United Kingdom,3,2,2,2,Needs Attention,3
15768,115,3,621.8299999999999,United Kingdom,2,4,3,4,Can't Lose Them,2
15769,7,26,56252.72,United Kingdom,5,5,5,5,Champions,0
15773,5,1,635.6800000000001,United Kingdom,5,2,3,2,New / Promising,1
15774,68,1,270.8,United Kingdom,3,2,2,2,Needs Attention,3
15775,245,1,104.9,United Kingdom,1,2,1,2,Hibernating,3
15776,133,1,241.62,United Kingdom,2,2,1,2,Hibernating,3
15777,241,4,1047.11,United Kingdom,1,4,4,4,Can't Lose Them,2
15780,183,3,475.28000000000003,United Kingdom,1,4,2,3,At Risk,3
15781,25,3,345.46,United Kingdom,4,4,2,3,Loyal Customers,1
15782,9,3,2614.7400000000002,United Kingdom,5,4,5,4,Champions,2
15783,10,1,246.3,United Kingdom,5,2,1,2,New / Promising,1
15785,32,5,2328.9700000000003,United Kingdom,4,4,5,4,Champions,2
15786,46,3,4919.0,United Kingdom,3,4,5,4,Loyal Customers,2
15787,26,3,933.26,United Kingdom,4,4,4,4,Champions,2
15789,358,1,351.3,United Kingdom,1,2,2,2,Hibernating,3
15790,10,1,218.75,United Kingdom,5,2,1,2,New / Promising,1
15791,43,2,1612.69,United Kingdom,3,3,4,4,Loyal Customers,2
15793,14,3,965.61,United Kingdom,5,4,4,4,Champions,1
15795,149,1,610.01,United Kingdom,2,2,3,2,Hibernating,3
15796,1,8,2707.61,United Kingdom,5,5,5,5,Champions,0
15797,113,3,2192.4,United Kingdom,2,4,5,4,Can't Lose Them,2
15799,75,3,884.14,United Kingdom,2,4,3,4,Can't Lose Them,2
15800,107,2,696.89,United Kingdom,2,3,3,3,At Risk,3
15801,46,3,1063.95,United Kingdom,3,4,4,4,Loyal Customers,2
15803,51,1,415.82000000000005,United Kingdom,3,2,2,2,Needs Attention,3
15804,0,13,4206.39,United Kingdom,5,5,5,5,Champions,0
15805,23,17,5488.18,United Kingdom,4,5,5,5,Champions,0
15806,46,3,784.58,United Kingdom,3,4,3,4,Loyal Customers,2
15807,50,3,903.9,United Kingdom,3,4,3,4,Loyal Customers,2
15808,306,4,3651.27,United Kingdom,1,4,5,4,Can't Lose Them,2
15809,36,5,515.77,United Kingdom,3,4,3,4,Loyal Customers,2
15810,78,4,1391.98,United Kingdom,2,4,4,4,Can't Lose Them,2
15811,22,6,2218.62,United Kingdom,4,5,5,5,Champions,2
15812,107,5,1801.14,United Kingdom,2,4,4,4,Can't Lose Them,2
15813,207,2,1303.9099999999999,United Kingdom,1,3,4,4,Can't Lose Them,2
15814,16,4,1945.33,United Kingdom,4,4,4,4,Champions,2
15815,63,5,2100.6,United Kingdom,3,4,5,4,Loyal Customers,2
15819,49,4,1905.45,United Kingdom,3,4,4,4,Loyal Customers,2
15820,319,1,206.98,United Kingdom,1,2,1,2,Hibernating,3
15821,44,2,570.96,United Kingdom,3,3,3,3,Loyal Customers,1
15822,3,2,885.47,United Kingdom,5,3,3,3,Loyal Customers,1
15825,172,1,532.94,United Kingdom,2,2,3,2,Hibernating,3
15826,56,3,1654.31,United Kingdom,3,4,4,4,Loyal Customers,2
15827,73,14,1836.0900000000001,United Kingdom,2,5,4,4,Can't Lose Them,2
15829,99,2,636.14,United Kingdom,2,3,3,3,At Risk,3
15830,37,1,576.0,United Kingdom,3,2,3,2,Needs Attention,1
15831,58,3,794.64,United Kingdom,3,4,3,4,Loyal Customers,2
15832,254,1,836.79,United Kingdom,1,2,3,2,Hibernating,3
15834,70,4,2222.65,United Kingdom,3,4,5,4,Loyal Customers,2
15835,44,4,954.09,United Kingdom,3,4,4,4,Loyal Customers,2
15836,50,1,137.37,United Kingdom,3,2,1,2,Needs Attention,3
15837,64,1,391.98,United Kingdom,3,2,2,2,Needs Attention,3
15838,11,19,33643.08,United Kingdom,5,5,5,5,Champions,0
15839,33,3,1048.49,United Kingdom,3,4,4,4,Loyal Customers,2
15840,58,2,355.56,United Kingdom,3,3,2,2,Needs Attention,3
15841,72,4,1224.06,United Kingdom,2,4,4,4,Can't Lose Them,2
15843,303,1,118.95000000000002,United Kingdom,1,2,1,2,Hibernating,3
15844,46,1,130.73999999999998,United Kingdom,3,2,1,2,Needs Attention,3
15845,17,8,3711.77,United Kingdom,4,5,5,5,Champions,0
15847,38,2,389.27,United Kingdom,3,3,2,2,Needs Attention,1
15850,19,2,234.88,United Kingdom,4,3,1,2,New / Promising,1
15852,186,2,160.71,United Kingdom,1,3,1,2,Hibernating,3
15853,51,1,110.8,United Kingdom,3,2,1,2,Needs Attention,3
15854,4,12,2969.12,United Kingdom,5,5,5,5,Champions,0
15855,136,5,712.24,United Kingdom,2,4,3,4,Can't Lose Them,2
15856,4,27,16142.380000000001,United Kingdom,5,5,5,5,Champions,0
15857,18,1,297.0,United Kingdom,4,2,2,2,New / Promising,1
15858,15,5,1427.57,United Kingdom,4,4,4,4,Champions,2
15860,40,8,965.16,United Kingdom,3,5,4,4,Loyal Customers,2
15861,12,8,3146.92,United Kingdom,5,5,5,5,Champions,0
15862,8,4,832.88,United Kingdom,5,4,3,4,Champions,1
15863,25,2,68.84,United Kingdom,4,3,1,2,New / Promising,1
15864,22,6,1936.3200000000002,United Kingdom,4,5,4,4,Champions,2
15865,40,3,895.13,United Kingdom,3,4,3,4,Loyal Customers,2
15866,101,1,211.89,United Kingdom,2,2,1,2,Hibernating,3
15867,5,15,3803.6,United Kingdom,5,5,5,5,Champions,0
15869,277,2,149.64,United Kingdom,1,3,1,2,Hibernating,3
15870,32,1,351.44,United Kingdom,4,2,2,2,New / Promising,1
15872,14,2,316.25,United Kingdom,5,3,2,2,New / Promising,1
15874,63,7,4405.88,United Kingdom,3,5,5,5,Loyal Customers,2
15877,1,2,490.33,United Kingdom,5,3,3,3,Loyal Customers,1
15880,369,1,329.03000000000003,United Kingdom,1,2,2,2,Hibernating,3
15881,312,5,501.39000000000004,United Kingdom,1,4,3,4,Can't Lose Them,2
15882,198,4,514.08,United Kingdom,1,4,3,4,Can't Lose Them,2
15883,2,2,396.48,United Kingdom,5,3,2,2,New / Promising,1
15885,93,1,349.35,United Kingdom,2,2,2,2,Hibernating,3
15886,60,1,181.09,United Kingdom,3,2,1,2,Needs Attention,3
15888,80,1,162.64,United Kingdom,2,2,1,2,Hibernating,3
15889,156,2,400.77,United Kingdom,2,3,2,2,Hibernating,3
15891,226,1,509.13,United Kingdom,1,2,3,2,Hibernating,3
15894,253,2,257.6,United Kingdom,1,3,2,2,Hibernating,3
15895,149,1,179.17,United Kingdom,2,2,1,2,Hibernating,3
15897,194,2,208.59,United Kingdom,1,3,1,2,Hibernating,3
15898,1,5,1383.83,United Kingdom,5,4,4,4,Champions,0
15899,368,1,56.25,United Kingdom,1,2,1,2,Hibernating,3
15900,23,1,337.28,United Kingdom,4,2,2,2,New / Promising,1
15901,16,3,349.75,United Kingdom,4,4,2,3,Loyal Customers,1
15903,9,7,5126.76,United Kingdom,5,5,5,5,Champions,0
15904,8,1,164.68,United Kingdom,5,2,1,2,New / Promising,1
15906,19,7,1567.69,United Kingdom,4,5,4,4,Champions,2
15907,3,3,881.87,United Kingdom,5,4,3,4,Champions,1
15909,173,1,191.94,United Kingdom,2,2,1,2,Hibernating,3
15910,0,8,1228.88,United Kingdom,5,5,4,4,Champions,0
15912,178,2,264.62,United Kingdom,2,3,2,2,Hibernating,3
15916,16,8,1502.8600000000001,United Kingdom,4,5,4,4,Champions,0
15917,247,1,123.1,United Kingdom,1,2,1,2,Hibernating,3
15918,190,2,334.23,United Kingdom,1,3,2,2,Hibernating,3
15919,19,2,525.69,United Kingdom,4,3,3,3,Loyal Customers,1
15920,154,3,163.55,United Kingdom,2,4,1,2,Hibernating,3
15921,172,1,323.03000000000003,United Kingdom,2,2,2,2,Hibernating,3
15922,373,1,369.5,United Kingdom,1,2,2,2,Hibernating,3
15923,372,1,127.08,United Kingdom,1,2,1,2,Hibernating,3
15925,194,1,207.15,United Kingdom,1,2,1,2,Hibernating,3
15930,67,1,426.63,United Kingdom,3,2,2,2,Needs Attention,3
15932,4,8,2495.87,United Kingdom,5,5,5,5,Champions,0
15933,21,3,1107.46,United Kingdom,4,4,4,4,Champions,2
15935,239,1,108.03999999999999,United Kingdom,1,2,1,2,Hibernating,3
15937,64,1,145.35,United Kingdom,3,2,1,2,Needs Attention,3
15938,112,5,404.58,United Kingdom,2,4,2,3,At Risk,2
15939,89,14,6100.01,United Kingdom,2,5,5,5,Can't Lose Them,0
15940,311,1,35.8,United Kingdom,1,2,1,2,Hibernating,3
15942,133,1,337.44,United Kingdom,2,2,2,2,Hibernating,3
15944,276,1,325.1,United Kingdom,1,2,2,2,Hibernating,3
15945,365,1,181.0,United Kingdom,1,2,1,2,Hibernating,3
15947,82,1,1708.24,United Kingdom,2,2,4,3,At Risk,2
15948,8,2,955.24,United Kingdom,5,3,4,4,Champions,1
15949,16,2,364.72,United Kingdom,4,3,2,2,New / Promising,1
15950,31,4,1744.71,United Kingdom,4,4,4,4,Champions,2
15951,8,2,708.22,United Kingdom,5,3,3,3,Loyal Customers,1
15952,33,4,781.91,United Kingdom,3,4,3,4,Loyal Customers,2
15953,15,8,1657.28,United Kingdom,4,5,4,4,Champions,0
15955,24,14,4416.26,United Kingdom,4,5,5,5,Champions,0
15957,31,1,428.89,United Kingdom,4,2,2,2,New / Promising,1
15958,74,1,104.35,United Kingdom,2,2,1,2,Hibernating,3
15963,19,2,470.76,United Kingdom,4,3,2,2,New / Promising,1
15965,17,4,808.87,United Kingdom,4,4,3,4,Champions,2
15967,23,2,397.68,United Kingdom,4,3,2,2,New / Promising,1
15969,2,3,666.1,United Kingdom,5,4,3,4,Champions,1
15970,303,1,314.1,United Kingdom,1,2,2,2,Hibernating,3
15971,17,12,4194.9,United Kingdom,4,5,5,5,Champions,0
15973,366,1,307.82000000000005,United Kingdom,1,2,2,2,Hibernating,3
15974,39,7,3442.15,United Kingdom,3,5,5,5,Loyal Customers,2
15975,84,1,371.01,United Kingdom,2,2,2,2,Hibernating,3
15976,165,2,427.64,United Kingdom,2,3,2,2,Hibernating,3
15977,17,2,1054.73,United Kingdom,4,3,4,4,Champions,1
15978,77,1,1098.78,United Kingdom,2,2,4,3,At Risk,3
15980,88,3,2398.86,United Kingdom,2,4,5,4,Can't Lose Them,2
15981,24,8,3408.48,United Kingdom,4,5,5,5,Champions,0
15983,22,4,1465.12,United Kingdom,4,4,4,4,Champions,2
15984,2,10,2780.63,United Kingdom,5,5,5,5,Champions,0
15985,123,2,1142.42,United Kingdom,2,3,4,4,Can't Lose Them,2
15986,30,1,168.12,United Kingdom,4,2,1,2,New / Promising,1
15987,12,7,1432.77,United Kingdom,5,5,4,4,Champions,0
15988,19,1,156.78,United Kingdom,4,2,1,2,New / Promising,1
15990,44,2,792.11,United Kingdom,3,3,3,3,Loyal Customers,2
15992,3,1,41.989999999999995,United Kingdom,5,2,1,2,New / Promising,1
15993,8,7,2768.97,United Kingdom,5,5,5,5,Champions,0
15994,54,1,414.27,United Kingdom,3,2,2,2,Needs Attention,3
15996,88,6,1032.58,United Kingdom,2,5,4,4,Can't Lose Them,2
15998,36,5,3080.22,United Kingdom,3,4,5,4,Loyal Customers,2
16000,2,3,12393.7,United Kingdom,5,4,5,4,Champions,0
16003,29,5,2735.37,United Kingdom,4,4,5,4,Champions,2
16005,12,4,578.71,United Kingdom,5,4,3,4,Champions,1
16006,211,1,101.4,United Kingdom,1,2,1,2,Hibernating,3
16007,47,4,1693.81,United Kingdom,3,4,4,4,Loyal Customers,2
16008,23,3,478.78,United Kingdom,4,4,2,3,Loyal Customers,1
16009,22,4,972.11,United Kingdom,4,4,4,4,Champions,2
16010,245,3,392.4,United Kingdom,1,4,2,3,At Risk,3
16011,8,16,3352.96,United Kingdom,5,5,5,5,Champions,0
16012,35,3,1415.29,United Kingdom,3,4,4,4,Loyal Customers,2
16013,3,47,37130.6,United Kingdom,5,5,5,5,Champions,0
16014,37,3,646.83,United Kingdom,3,4,3,4,Loyal Customers,2
16015,3,3,704.26,United Kingdom,5,4,3,4,Champions,1
16016,3,8,1465.51,United Kingdom,5,5,4,4,Champions,0
16017,47,1,211.88,United Kingdom,3,2,1,2,Needs Attention,3
16018,39,2,408.90000000000003,United Kingdom,3,3,2,2,Needs Attention,1
16019,46,9,3786.2400000000002,United Kingdom,3,5,5,5,Loyal Customers,2
16020,16,3,851.01,United Kingdom,4,4,3,4,Champions,1
16022,260,1,602.63,United Kingdom,1,2,3,2,Hibernating,3
16023,46,3,719.81,United Kingdom,3,4,3,4,Loyal Customers,2
16024,12,1,245.75,United Kingdom,5,2,1,2,New / Promising,1
16025,29,1,439.65999999999997,United Kingdom,4,2,2,2,New / Promising,1
16026,43,1,236.09,United Kingdom,3,2,1,2,Needs Attention,3
16027,91,6,934.62,United Kingdom,2,5,4,4,Can't Lose Them,2
16029,38,62,72708.09,United Kingdom,3,5,5,5,Loyal Customers,0
16030,309,1,331.24,United Kingdom,1,2,2,2,Hibernating,3
16031,92,2,547.9,United Kingdom,2,3,3,3,At Risk,3
16033,5,20,8778.82,United Kingdom,5,5,5,5,Champions,0
16034,196,3,437.7,United Kingdom,1,4,2,3,At Risk,3
16036,87,2,758.92,United Kingdom,2,3,3,3,At Risk,2
16037,269,3,855.02,United Kingdom,1,4,3,4,Can't Lose Them,2
16038,7,3,471.78000000000003,United Kingdom,5,4,2,3,Loyal Customers,1
16040,65,3,1313.55,United Kingdom,3,4,4,4,Loyal Customers,2
16041,30,3,3166.4,United Kingdom,4,4,5,4,Champions,2
16042,22,5,1177.47,United Kingdom,4,4,4,4,Champions,2
16043,37,4,773.99,United Kingdom,3,4,3,4,Loyal Customers,2
16045,119,4,1340.7,United Kingdom,2,4,4,4,Can't Lose Them,2
16048,373,2,256.44,United Kingdom,1,3,2,2,Hibernating,3
16049,40,3,1074.81,United Kingdom,3,4,4,4,Loyal Customers,2
16050,173,1,137.9,United Kingdom,2,2,1,2,Hibernating,3
16052,54,1,362.06,United Kingdom,3,2,2,2,Needs Attention,3
16053,32,2,1511.95,United Kingdom,4,3,4,4,Champions,2
16054,145,1,783.9,United Kingdom,2,2,3,2,Hibernating,3
16055,220,1,134.8,United Kingdom,1,2,1,2,Hibernating,3
16056,45,1,650.75,United Kingdom,3,2,3,2,Needs Attention,1
16057,16,7,2263.12,United Kingdom,4,5,5,5,Champions,0
16059,65,6,1453.16,United Kingdom,3,5,4,4,Loyal Customers,2
16062,9,4,1153.62,United Kingdom,5,4,4,4,Champions,1
16063,260,1,335.32,United Kingdom,1,2,2,2,Hibernating,3
16065,365,1,367.14,United Kingdom,1,2,2,2,Hibernating,3
16066,16,5,1521.04,United Kingdom,4,4,4,4,Champions,2
16070,22,2,852.15,United Kingdom,4,3,3,3,Loyal Customers,1
16071,44,1,326.24,United Kingdom,3,2,2,2,Needs Attention,3
16072,288,1,584.3199999999999,United Kingdom,1,2,3,2,Hibernating,3
16073,297,1,122.39999999999999,United Kingdom,1,2,1,2,Hibernating,3
16076,3,10,2234.73,United Kingdom,5,5,5,5,Champions,0
16078,283,1,79.2,United Kingdom,1,2,1,2,Hibernating,3
16079,16,3,1352.0,United Kingdom,4,4,4,4,Champions,2
16080,81,2,217.16,United Kingdom,2,3,1,2,Hibernating,3
16081,56,5,2799.42,United Kingdom,3,4,5,4,Loyal Customers,2
16083,100,2,1317.62,United Kingdom,2,3,4,4,Can't Lose Them,2
16084,299,1,436.18,United Kingdom,1,2,2,2,Hibernating,3
16085,23,5,981.51,United Kingdom,4,4,4,4,Champions,2
16086,59,5,1121.39,United Kingdom,3,4,4,4,Loyal Customers,2
16091,154,2,315.06,United Kingdom,2,3,2,2,Hibernating,3
16092,114,3,817.86,United Kingdom,2,4,3,4,Can't Lose Them,2
16093,106,1,17.0,United Kingdom,2,2,1,2,Hibernating,3
16094,11,4,1078.23,United Kingdom,5,4,4,4,Champions,1
16096,264,1,320.62,United Kingdom,1,2,2,2,Hibernating,3
16097,240,1,185.04999999999998,United Kingdom,1,2,1,2,Hibernating,3
16098,87,7,2005.63,United Kingdom,2,5,4,4,Can't Lose Them,2
16099,50,3,731.9,United Kingdom,3,4,3,4,Loyal Customers,2
16101,70,1,1290.7,United Kingdom,3,2,4,3,Loyal Customers,2
16102,42,3,1842.14,United Kingdom,3,4,4,4,Loyal Customers,2
16103,7,6,1429.64,United Kingdom,5,5,4,4,Champions,0
16104,61,1,298.21,United Kingdom,3,2,2,2,Needs Attention,3
16105,248,1,336.96,United Kingdom,1,2,2,2,Hibernating,3
16106,65,1,108.38,United Kingdom,3,2,1,2,Needs Attention,3
16107,17,7,3204.1600000000003,United Kingdom,4,5,5,5,Champions,0
16108,84,1,842.5,United Kingdom,2,2,3,2,Hibernating,3
16109,218,2,611.88,United Kingdom,1,3,3,3,At Risk,3
16110,45,3,1320.95,United Kingdom,3,4,4,4,Loyal Customers,2
16112,143,4,195.73999999999998,United Kingdom,2,4,1,2,Hibernating,3
16113,183,1,161.38,United Kingdom,1,2,1,2,Hibernating,3
16114,170,1,135.75000000000003,United Kingdom,2,2,1,2,Hibernating,3
16115,9,8,1660.8799999999999,United Kingdom,5,5,4,4,Champions,0
16116,211,1,612.78,United Kingdom,1,2,3,2,Hibernating,3
16117,189,1,232.21,United Kingdom,1,2,1,2,Hibernating,3
16119,8,2,423.36,United Kingdom,5,3,2,2,New / Promising,1
16120,59,4,1309.14,United Kingdom,3,4,4,4,Loyal Customers,2
16121,57,2,854.66,United Kingdom,3,3,3,3,Loyal Customers,2
16122,73,4,684.4200000000001,United Kingdom,2,4,3,4,Can't Lose Them,2
16123,51,1,307.78,United Kingdom,3,2,2,2,Needs Attention,3
16124,317,1,249.0,United Kingdom,1,2,2,2,Hibernating,3
16125,367,1,289.35,United Kingdom,1,2,2,2,Hibernating,3
16126,29,4,6287.77,United Kingdom,4,4,5,4,Champions,2
16127,39,1,656.25,United Kingdom,3,2,3,2,Needs Attention,1
16128,17,5,1880.22,United Kingdom,4,4,4,4,Champions,2
16131,51,6,3506.54,United Kingdom,3,5,5,5,Loyal Customers,2
16133,3,33,14589.04,United Kingdom,5,5,5,5,Champions,0
16134,21,2,618.09,United Kingdom,4,3,3,3,Loyal Customers,1
16135,262,1,517.55,United Kingdom,1,2,3,2,Hibernating,3
16136,59,3,709.38,United Kingdom,3,4,3,4,Loyal Customers,2
16139,18,3,635.41,United Kingdom,4,4,3,4,Champions,1
16140,65,2,725.18,United Kingdom,3,3,3,3,Loyal Customers,2
16141,88,1,620.4,United Kingdom,2,2,3,2,Hibernating,3
16142,249,1,535.34,United Kingdom,1,2,3,2,Hibernating,3
16143,3,6,2424.94,United Kingdom,5,5,5,5,Champions,0
16144,246,1,175.2,United Kingdom,1,2,1,2,Hibernating,3
16145,8,11,3799.4900000000002,United Kingdom,5,5,5,5,Champions,0
16146,157,3,734.13,United Kingdom,2,4,3,4,Can't Lose Them,2
16147,133,1,375.0,United Kingdom,2,2,2,2,Hibernating,3
16148,296,1,76.32000000000001,United Kingdom,1,2,1,2,Hibernating,3
16149,4,2,280.52,United Kingdom,5,3,2,2,New / Promising,1
16150,42,5,2053.02,United Kingdom,3,4,5,4,Loyal Customers,2
16152,268,1,1829.04,United Kingdom,1,2,4,3,At Risk,3
16153,49,5,1824.23,United Kingdom,3,4,4,4,Loyal Customers,2
16156,8,9,3092.04,United Kingdom,5,5,5,5,Champions,0
16157,15,3,656.69,United Kingdom,4,4,3,4,Champions,1
16159,281,1,348.2,United Kingdom,1,2,2,2,Hibernating,3
16160,65,2,1025.44,United Kingdom,3,3,4,4,Loyal Customers,2
16161,1,19,5533.67,United Kingdom,5,5,5,5,Champions,0
16162,252,1,37.4,United Kingdom,1,2,1,2,Hibernating,3
16163,232,2,856.6,United Kingdom,1,3,3,3,At Risk,3
16164,17,3,822.48,United Kingdom,4,4,3,4,Champions,1
16168,10,27,3787.6,United Kingdom,5,5,5,5,Champions,0
16169,8,4,1822.97,United Kingdom,5,4,4,4,Champions,2
16170,50,6,1885.05,United Kingdom,3,5,4,4,Loyal Customers,2
16171,59,1,73.2,United Kingdom,3,2,1,2,Needs Attention,3
16172,95,5,1140.21,United Kingdom,2,4,4,4,Can't Lose Them,2
16173,15,6,1418.32,United Kingdom,4,5,4,4,Champions,2
16174,126,3,1009.5500000000001,United Kingdom,2,4,4,4,Can't Lose Them,2
16175,94,4,1037.59,United Kingdom,2,4,4,4,Can't Lose Them,2
16177,50,1,331.95,United Kingdom,3,2,2,2,Needs Attention,3
16178,138,1,197.9,United Kingdom,2,2,1,2,Hibernating,3
16179,60,1,215.83,United Kingdom,3,2,1,2,Needs Attention,3
16180,100,8,10254.18,United Kingdom,2,5,5,5,Can't Lose Them,2
16181,73,1,305.54,United Kingdom,2,2,2,2,Hibernating,3
16182,72,4,6617.65,United Kingdom,2,4,5,4,Can't Lose Them,2
16183,67,1,338.71000000000004,United Kingdom,3,2,2,2,Needs Attention,3
16184,64,6,1158.79,United Kingdom,3,5,4,4,Loyal Customers,2
16185,16,2,529.41,United Kingdom,4,3,3,3,Loyal Customers,1
16186,22,12,4006.94,United Kingdom,4,5,5,5,Champions,0
16187,31,15,6911.4400000000005,United Kingdom,4,5,5,5,Champions,0
16188,44,4,981.86,United Kingdom,3,4,4,4,Loyal Customers,2
16189,15,2,215.48,United Kingdom,4,3,1,2,New / Promising,1
16190,40,1,215.08,United Kingdom,3,2,1,2,Needs Attention,3
16191,2,13,5180.52,United Kingdom,5,5,5,5,Champions,0
16193,236,1,314.45,United Kingdom,1,2,2,2,Hibernating,3
16198,75,1,400.68,United Kingdom,2,2,2,2,Hibernating,3
16200,4,2,1068.8700000000001,United Kingdom,5,3,4,4,Champions,1
16201,3,4,1863.47,United Kingdom,5,4,4,4,Champions,0
16202,360,1,365.27,United Kingdom,1,2,2,2,Hibernating,3
16203,58,4,592.9,United Kingdom,3,4,3,4,Loyal Customers,2
16204,23,1,384.18,United Kingdom,4,2,2,2,New / Promising,1
16205,30,4,751.03,United Kingdom,4,4,3,4,Champions,2
16206,54,4,537.0600000000001,United Kingdom,3,4,3,4,Loyal Customers,2
16207,25,1,394.38,United Kingdom,4,2,2,2,New / Promising,1
16208,44,2,664.26,United Kingdom,3,3,3,3,Loyal Customers,1
16209,88,5,2262.62,United Kingdom,2,4,5,4,Can't Lose Them,2
16210,1,17,21076.3,United Kingdom,5,5,5,5,Champions,0
16211,88,1,547.02,United Kingdom,2,2,3,2,Hibernating,3
16212,19,2,690.34,United Kingdom,4,3,3,3,Loyal Customers,1
16213,78,1,159.0,United Kingdom,2,2,1,2,Hibernating,3
16214,170,3,1062.75,United Kingdom,2,4,4,4,Can't Lose Them,2
16215,80,1,242.35,United Kingdom,2,2,1,2,Hibernating,3
16216,267,1,914.9300000000001,United Kingdom,1,2,3,2,Hibernating,3
16217,235,2,304.25,United Kingdom,1,3,2,2,Hibernating,3
16218,29,7,3084.68,United Kingdom,4,5,5,5,Champions,2
16221,36,3,860.86,United Kingdom,3,4,3,4,Loyal Customers,2
16222,318,1,773.5500000000001,United Kingdom,1,2,3,2,Hibernating,3
16224,57,4,1295.3,United Kingdom,3,4,4,4,Loyal Customers,2
16225,44,5,1096.32,United Kingdom,3,4,4,4,Loyal Customers,2
16226,203,3,255.12,United Kingdom,1,4,2,3,At Risk,3
16227,225,1,314.22,United Kingdom,1,2,2,2,Hibernating,3
16229,87,2,1010.6,United Kingdom,2,3,4,4,Can't Lose Them,2
16230,189,2,542.03,United Kingdom,1,3,3,3,At Risk,3
16232,43,4,990.88,United Kingdom,3,4,4,4,Loyal Customers,2
16233,71,3,536.6800000000001,United Kingdom,3,4,3,4,Loyal Customers,2
16235,40,4,857.31,United Kingdom,3,4,3,4,Loyal Customers,2
16236,78,1,432.2,United Kingdom,2,2,2,2,Hibernating,3
16239,56,2,414.2,United Kingdom,3,3,2,2,Needs Attention,3
16240,24,2,3718.8,United Kingdom,4,3,5,4,Champions,2
16241,9,13,2590.31,United Kingdom,5,5,5,5,Champions,0
16242,8,7,3579.86,United Kingdom,5,5,5,5,Champions,0
16243,33,2,409.1,United Kingdom,3,3,2,2,Needs Attention,1
16244,211,2,1522.75,United Kingdom,1,3,4,4,Can't Lose Them,2
16245,23,3,1413.66,United Kingdom,4,4,4,4,Champions,2
16247,170,1,114.56,United Kingdom,2,2,1,2,Hibernating,3
16248,61,1,152.94,United Kingdom,3,2,1,2,Needs Attention,3
16249,52,5,1800.07,United Kingdom,3,4,4,4,Loyal Customers,2
16250,261,2,389.44,United Kingdom,1,3,2,2,Hibernating,3
16253,66,2,3683.86,United Kingdom,3,3,5,4,Loyal Customers,2
16255,16,8,2619.91,United Kingdom,4,5,5,5,Champions,0
16256,266,1,752.4300000000001,United Kingdom,1,2,3,2,Hibernating,3
16257,176,1,46.95,United Kingdom,2,2,1,2,Hibernating,3
16258,45,5,5203.51,United Kingdom,3,4,5,4,Loyal Customers,2
16260,50,1,1035.45,United Kingdom,3,2,4,3,Loyal Customers,1
16261,17,4,728.54,United Kingdom,4,4,3,4,Champions,1
16265,9,9,5447.0,United Kingdom,5,5,5,5,Champions,0
16266,73,7,861.89,United Kingdom,2,5,3,4,Can't Lose Them,2
16268,71,2,667.65,United Kingdom,3,3,3,3,Loyal Customers,2
16270,353,1,1141.24,United Kingdom,1,2,4,3,At Risk,3
16271,15,4,1389.64,United Kingdom,4,4,4,4,Champions,2
16272,116,1,411.7,United Kingdom,2,2,2,2,Hibernating,3
16274,373,1,331.55,United Kingdom,1,2,2,2,Hibernating,3
16275,196,1,559.87,United Kingdom,1,2,3,2,Hibernating,3
16276,176,1,810.6000000000001,United Kingdom,2,2,3,2,Hibernating,3
16278,100,1,566.38,United Kingdom,2,2,3,2,Hibernating,3
16279,21,3,1502.78,United Kingdom,4,4,4,4,Champions,2
16281,72,1,2062.06,United Kingdom,2,2,5,4,Can't Lose Them,2
16282,339,1,168.3,United Kingdom,1,2,1,2,Hibernating,3
16283,5,5,1569.11,United Kingdom,5,4,4,4,Champions,0
16284,31,2,812.68,United Kingdom,4,3,3,3,Loyal Customers,1
16287,169,1,142.5,United Kingdom,2,2,1,2,Hibernating,3
16292,121,1,302.25,United Kingdom,2,2,2,2,Hibernating,3
16293,21,10,2248.9900000000002,United Kingdom,4,5,5,5,Champions,0
16295,9,4,1328.55,United Kingdom,5,4,4,4,Champions,1
16297,268,1,301.9,United Kingdom,1,2,2,2,Hibernating,3
16298,22,3,598.2,United Kingdom,4,4,3,4,Champions,1
16302,126,1,233.22,United Kingdom,2,2,1,2,Hibernating,3
16303,25,3,5360.63,United Kingdom,4,4,5,4,Champions,2
16305,138,1,361.21999999999997,United Kingdom,2,2,2,2,Hibernating,3
16306,213,6,632.27,United Kingdom,1,5,3,4,Can't Lose Them,2
16308,37,4,2560.0,United Kingdom,3,4,5,4,Loyal Customers,2
16309,106,2,706.57,United Kingdom,2,3,3,3,At Risk,3
16311,17,2,616.26,United Kingdom,4,3,3,3,Loyal Customers,1
16313,3,2,274.15000000000003,United Kingdom,5,3,2,2,New / Promising,1
16315,330,1,226.37,United Kingdom,1,2,1,2,Hibernating,3
16316,64,8,2938.91,United Kingdom,3,5,5,5,Loyal Customers,2
16317,119,3,1341.65,United Kingdom,2,4,4,4,Can't Lose Them,2
16318,35,1,328.15,United Kingdom,3,2,2,2,Needs Attention,1
16319,217,1,404.40000000000003,United Kingdom,1,2,2,2,Hibernating,3
16320,172,2,1038.46,Unspecified,2,3,4,4,Can't Lose Them,2
16321,72,5,373.65000000000003,Australia,2,4,2,3,At Risk,2
16322,1,2,326.75,United Kingdom,5,3,2,2,New / Promising,1
16323,196,1,207.50000000000003,United Kingdom,1,2,1,2,Hibernating,3
16324,128,3,408.59000000000003,United Kingdom,2,4,2,3,At Risk,3
16325,46,3,594.24,United Kingdom,3,4,3,4,Loyal Customers,2
16326,5,14,3039.2200000000003,United Kingdom,5,5,5,5,Champions,0
16327,14,6,3789.67,United Kingdom,5,5,5,5,Champions,0
16330,17,3,251.91,United Kingdom,4,4,2,3,Loyal Customers,1
16332,28,7,1582.8,United Kingdom,4,5,4,4,Champions,2
16333,7,22,26626.8,United Kingdom,5,5,5,5,Champions,0
16337,36,1,151.05,United Kingdom,3,2,1,2,Needs Attention,3
16338,157,1,214.79999999999998,United Kingdom,2,2,1,2,Hibernating,3
16339,284,1,94.05,United Kingdom,1,2,1,2,Hibernating,3
16340,107,1,534.31,United Kingdom,2,2,3,2,Hibernating,3
16341,24,4,1971.87,United Kingdom,4,4,4,4,Champions,2
16342,75,4,322.41,United Kingdom,2,4,2,3,At Risk,2
16343,16,2,328.58,United Kingdom,4,3,2,2,New / Promising,1
16344,158,1,101.10000000000001,United Kingdom,2,2,1,2,Hibernating,3
16345,44,1,565.46,United Kingdom,3,2,3,2,Needs Attention,1
16347,11,2,847.45,United Kingdom,5,3,3,3,Loyal Customers,1
16348,32,7,1413.31,United Kingdom,4,5,4,4,Champions,2
16349,290,1,53.5,United Kingdom,1,2,1,2,Hibernating,3
16350,21,4,1116.47,United Kingdom,4,4,4,4,Champions,2
16351,332,1,153.9,United Kingdom,1,2,1,2,Hibernating,3
16352,17,2,494.44,United Kingdom,4,3,3,3,Loyal Customers,1
16353,3,23,6675.71,United Kingdom,5,5,5,5,Champions,0
16354,63,2,395.8,United Kingdom,3,3,2,2,Needs Attention,3
16356,197,3,211.77,United Kingdom,1,4,1,2,Hibernating,3
16357,33,3,658.88,United Kingdom,3,4,3,4,Loyal Customers,2
16358,1,4,2027.5,United Kingdom,5,4,4,4,Champions,0
16359,7,9,1750.92,United Kingdom,5,5,4,4,Champions,0
16360,4,6,3450.41,United Kingdom,5,5,5,5,Champions,0
16361,9,4,891.21,United Kingdom,5,4,3,4,Champions,1
16362,32,5,709.99,United Kingdom,4,4,3,4,Champions,2
16363,53,1,109.36000000000001,United Kingdom,3,2,1,2,Needs Attention,3
16364,11,2,705.79,United Kingdom,5,3,3,3,Loyal Customers,1
16365,17,9,1540.42,United Kingdom,4,5,4,4,Champions,0
16366,18,1,327.3,United Kingdom,4,2,2,2,New / Promising,1
16367,37,2,800.67,United Kingdom,3,3,3,3,Loyal Customers,1
16368,2,2,479.91,United Kingdom,5,3,2,2,New / Promising,1
16369,18,3,1543.33,United Kingdom,4,4,4,4,Champions,2
16370,82,4,1301.91,United Kingdom,2,4,4,4,Can't Lose Them,2
16372,33,2,355.73,United Kingdom,3,3,2,2,Needs Attention,1
16374,66,2,458.78000000000003,United Kingdom,3,3,2,2,Needs Attention,3
16376,8,2,974.96,United Kingdom,5,3,4,4,Champions,1
16377,267,1,676.2,United Kingdom,1,2,3,2,Hibernating,3
16378,247,3,362.95,United Kingdom,1,4,2,3,At Risk,3
16379,4,4,2157.4,United Kingdom,5,4,5,4,Champions,0
16380,61,1,1743.1499999999999,United Kingdom,3,2,4,3,Loyal Customers,2
16383,74,2,643.76,United Kingdom,2,3,3,3,At Risk,3
16384,89,2,584.5,United Kingdom,2,3,3,3,At Risk,3
16385,60,3,554.86,United Kingdom,3,4,3,4,Loyal Customers,2
16386,28,2,302.57,United Kingdom,4,3,2,2,New / Promising,1
16387,322,1,94.36,United Kingdom,1,2,1,2,Hibernating,3
16389,53,4,1382.07,United Kingdom,3,4,4,4,Loyal Customers,2
16392,269,1,217.89,United Kingdom,1,2,1,2,Hibernating,3
16393,2,13,3040.96,United Kingdom,5,5,5,5,Champions,0
16394,56,5,1555.34,United Kingdom,3,4,4,4,Loyal Customers,2
16395,60,5,1482.06,United Kingdom,3,4,4,4,Loyal Customers,2
16398,154,2,1705.8,United Kingdom,2,3,4,4,Can't Lose Them,2
16399,19,2,406.21999999999997,United Kingdom,4,3,2,2,New / Promising,1
16400,94,1,303.93,United Kingdom,2,2,2,2,Hibernating,3
16401,1,12,4098.32,United Kingdom,5,5,5,5,Champions,0
16402,264,2,293.45,United Kingdom,1,3,2,2,Hibernating,3
16403,312,1,177.5,United Kingdom,1,2,1,2,Hibernating,3
16404,70,1,443.05,United Kingdom,3,2,2,2,Needs Attention,3
16405,302,2,167.25,United Kingdom,1,3,1,2,Hibernating,3
16406,18,1,154.35,United Kingdom,4,2,1,2,New / Promising,1
16407,12,10,2079.68,United Kingdom,5,5,5,5,Champions,0
16409,36,5,2022.98,United Kingdom,3,4,4,4,Loyal Customers,2
16411,19,2,211.7,United Kingdom,4,3,1,2,New / Promising,1
16412,53,1,135.99,United Kingdom,3,2,1,2,Needs Attention,3
16413,56,1,262.2,United Kingdom,3,2,2,2,Needs Attention,3
16414,21,2,126.25,United Kingdom,4,3,1,2,New / Promising,1
16415,44,1,200.27,United Kingdom,3,2,1,2,Needs Attention,3
16416,26,3,1051.4,United Kingdom,4,4,4,4,Champions,2
16418,44,3,631.12,United Kingdom,3,4,3,4,Loyal Customers,2
16419,112,6,958.71,United Kingdom,2,5,4,4,Can't Lose Them,2
16422,17,51,34684.4,United Kingdom,4,5,5,5,Champions,0
16423,24,1,346.12,United Kingdom,4,2,2,2,New / Promising,1
16424,191,1,133.56,United Kingdom,1,2,1,2,Hibernating,3
16425,302,1,302.7,United Kingdom,1,2,2,2,Hibernating,3
16426,2,10,1863.76,United Kingdom,5,5,4,4,Champions,0
16427,263,2,241.06,United Kingdom,1,3,1,2,Hibernating,3
16429,106,1,284.55,United Kingdom,2,2,2,2,Hibernating,3
16430,57,1,300.85,United Kingdom,3,2,2,2,Needs Attention,3
16431,213,3,623.28,United Kingdom,1,4,3,4,Can't Lose Them,3
16432,64,1,287.4,United Kingdom,3,2,2,2,Needs Attention,3
16433,28,1,184.26,United Kingdom,4,2,1,2,New / Promising,1
16434,29,7,1511.8,United Kingdom,4,5,4,4,Champions,2
16438,5,5,798.35,United Kingdom,5,4,3,4,Champions,1
16440,7,5,3640.67,United Kingdom,5,4,5,4,Champions,0
16441,67,2,381.2,United Kingdom,3,3,2,2,Needs Attention,3
16442,1,3,609.3,United Kingdom,5,4,3,4,Champions,1
16444,46,4,654.67,United Kingdom,3,4,3,4,Loyal Customers,2
16445,33,1,230.51,United Kingdom,3,2,1,2,Needs Attention,1
16446,0,2,168472.5,United Kingdom,5,3,5,4,Champions,0
16447,135,1,255.91,United Kingdom,2,2,2,2,Hibernating,3
16448,198,1,182.99,United Kingdom,1,2,1,2,Hibernating,3
16449,197,2,707.69,United Kingdom,1,3,3,3,At Risk,3
16450,149,1,311.92,United Kingdom,2,2,2,2,Hibernating,3
16451,87,1,266.97,United Kingdom,2,2,2,2,Hibernating,3
16454,64,1,5.9,United Kingdom,3,2,1,2,Needs Attention,3
16455,63,7,1841.18,United Kingdom,3,5,4,4,Loyal Customers,2
16456,99,5,2158.18,United Kingdom,2,4,5,4,Can't Lose Them,2
16457,218,1,208.36,United Kingdom,1,2,1,2,Hibernating,3
16458,2,18,3482.7400000000002,United Kingdom,5,5,5,5,Champions,0
16460,28,3,811.23,United Kingdom,4,4,3,4,Champions,2
16461,177,1,142.92,United Kingdom,2,2,1,2,Hibernating,3
16462,73,3,136.0,United Kingdom,2,4,1,2,Hibernating,3
16463,21,4,1422.4,United Kingdom,4,4,4,4,Champions,2
16464,19,3,1298.66,United Kingdom,4,4,4,4,Champions,2
16466,33,7,1595.96,United Kingdom,3,5,4,4,Loyal Customers,2
16468,74,1,74.9,United Kingdom,2,2,1,2,Hibernating,3
16469,23,4,625.42,United Kingdom,4,4,3,4,Champions,2
16470,51,4,752.77,United Kingdom,3,4,3,4,Loyal Customers,2
16471,274,1,223.95000000000002,United Kingdom,1,2,1,2,Hibernating,3
16473,164,3,316.11,United Kingdom,2,4,2,3,At Risk,3
16474,7,7,1810.49,United Kingdom,5,5,4,4,Champions,0
16475,88,4,544.3,United Kingdom,2,4,3,4,Can't Lose Them,2
16477,63,7,2494.46,United Kingdom,3,5,5,5,Loyal Customers,2
16478,25,3,331.0,United Kingdom,4,4,2,3,Loyal Customers,1
16479,10,2,300.83,United Kingdom,5,3,2,2,New / Promising,1
16480,75,1,769.29,United Kingdom,2,2,3,2,Hibernating,3
16482,15,1,220.62,United Kingdom,4,2,1,2,New / Promising,1
16483,192,1,139.35,United Kingdom,1,2,1,2,Hibernating,3
16484,173,2,404.3,United Kingdom,2,3,2,2,Hibernating,3
16485,77,1,363.65,United Kingdom,2,2,2,2,Hibernating,3
16488,33,3,498.8,United Kingdom,3,4,3,4,Loyal Customers,1
16491,46,1,731.5,United Kingdom,3,2,3,2,Needs Attention,1
16493,79,4,1351.63,United Kingdom,2,4,4,4,Can't Lose Them,2
16494,296,1,826.53,United Kingdom,1,2,3,2,Hibernating,3
16495,3,3,648.26,United Kingdom,5,4,3,4,Champions,1
16496,8,3,1599.52,United Kingdom,5,4,4,4,Champions,1
16497,49,6,2965.69,United Kingdom,3,5,5,5,Loyal Customers,2
16498,161,2,100.97,United Kingdom,2,3,1,2,Hibernating,3
16499,360,2,365.45,United Kingdom,1,3,2,2,Hibernating,3
16500,4,6,400.86,United Kingdom,5,5,2,4,Champions,1
16503,106,4,1431.93,United Kingdom,2,4,4,4,Can't Lose Them,2
16504,25,1,465.88,United Kingdom,4,2,2,2,New / Promising,1
16505,31,1,777.6,United Kingdom,4,2,3,2,New / Promising,1
16506,19,2,90.30000000000001,United Kingdom,4,3,1,2,New / Promising,1
16509,296,1,363.7,United Kingdom,1,2,2,2,Hibernating,3
16510,372,1,248.1,United Kingdom,1,2,2,2,Hibernating,3
16511,21,3,916.33,United Kingdom,4,4,3,4,Champions,2
16513,4,4,874.59,United Kingdom,5,4,3,4,Champions,1
16515,52,5,1624.14,United Kingdom,3,4,4,4,Loyal Customers,2
16516,30,1,101.69999999999999,United Kingdom,4,2,1,2,New / Promising,3
16517,277,1,162.7,United Kingdom,1,2,1,2,Hibernating,3
16518,61,2,484.32,United Kingdom,3,3,3,3,Loyal Customers,3
16519,25,2,212.98,United Kingdom,4,3,1,2,New / Promising,1
16520,186,3,1046.57,United Kingdom,1,4,4,4,Can't Lose Them,2
16523,1,21,9418.470000000001,United Kingdom,5,5,5,5,Champions,0
16525,2,26,13027.45,United Kingdom,5,5,5,5,Champions,0
16526,171,1,290.36,United Kingdom,2,2,2,2,Hibernating,3
16527,81,1,228.06,United Kingdom,2,2,1,2,Hibernating,3
16528,3,1,244.41,United Kingdom,5,2,1,2,New / Promising,1
16529,190,1,455.25,United Kingdom,1,2,2,2,Hibernating,3
16531,22,7,1244.59,United Kingdom,4,5,4,4,Champions,2
16532,17,3,6748.8,United Kingdom,4,4,5,4,Champions,2
16533,19,3,1082.81,United Kingdom,4,4,4,4,Champions,2
16535,5,1,593.75,United Kingdom,5,2,3,2,New / Promising,1
16536,110,1,548.12,United Kingdom,2,2,3,2,Hibernating,3
16539,2,4,1388.81,United Kingdom,5,4,4,4,Champions,1
16542,53,1,119.62,United Kingdom,3,2,1,2,Needs Attention,3
16545,164,1,339.3,United Kingdom,2,2,2,2,Hibernating,3
16546,290,2,787.15,United Kingdom,1,3,3,3,At Risk,3
16549,10,10,4034.9,United Kingdom,5,5,5,5,Champions,0
16550,108,5,2298.97,United Kingdom,2,4,5,4,Can't Lose Them,2
16551,95,3,922.12,United Kingdom,2,4,3,4,Can't Lose Them,2
16552,242,2,379.73,United Kingdom,1,3,2,2,Hibernating,3
16553,163,12,5719.82,United Kingdom,2,5,5,5,Can't Lose Them,2
16554,42,3,837.1,United Kingdom,3,4,3,4,Loyal Customers,2
16555,35,2,285.89,United Kingdom,3,3,2,2,Needs Attention,1
16556,66,7,3313.79,United Kingdom,3,5,5,5,Loyal Customers,2
16557,24,2,281.85,United Kingdom,4,3,2,2,New / Promising,1
16558,0,20,8338.49,United Kingdom,5,5,5,5,Champions,0
16560,26,2,841.41,United Kingdom,4,3,3,3,Loyal Customers,1
16561,5,2,511.12,United Kingdom,5,3,3,3,Loyal Customers,1
16563,53,1,1077.74,United Kingdom,3,2,4,3,Loyal Customers,2
16565,364,1,173.7,United Kingdom,1,2,1,2,Hibernating,3
16566,15,5,614.66,United Kingdom,4,4,3,4,Champions,1
16567,194,2,865.6,United Kingdom,1,3,3,3,At Risk,3
16569,3,1,124.2,United Kingdom,5,2,1,2,New / Promising,1
16570,15,10,3738.4,United Kingdom,4,5,5,5,Champions,0
16571,26,3,1421.69,United Kingdom,4,4,4,4,Champions,2
16572,127,3,1009.6,United Kingdom,2,4,4,4,Can't Lose Them,2
16573,84,2,663.61,United Kingdom,2,3,3,3,At Risk,3
16574,71,1,451.44,United Kingdom,3,2,2,2,Needs Attention,3
16581,182,1,105.84,United Kingdom,1,2,1,2,Hibernating,3
16582,113,1,313.62,United Kingdom,2,2,2,2,Hibernating,3
16583,373,1,233.45,United Kingdom,1,2,1,2,Hibernating,3
16584,80,2,936.08,United Kingdom,2,3,4,4,Can't Lose Them,2
16586,248,1,463.95,United Kingdom,1,2,2,2,Hibernating,3
16587,232,1,225.15,United Kingdom,1,2,1,2,Hibernating,3
16589,71,3,459.24,United Kingdom,3,4,2,3,Loyal Customers,2
16591,68,1,213.5,United Kingdom,3,2,1,2,Needs Attention,3
16592,4,16,4113.68,United Kingdom,5,5,5,5,Champions,0
16593,50,3,330.03,United Kingdom,3,4,2,3,Loyal Customers,1
16594,75,1,181.09,United Kingdom,2,2,1,2,Hibernating,3
16595,61,1,360.16,United Kingdom,3,2,2,2,Needs Attention,3
16596,15,2,250.15,United Kingdom,4,3,2,2,New / Promising,1
16597,4,1,90.04,United Kingdom,5,2,1,2,New / Promising,1
16598,285,1,145.04999999999998,United Kingdom,1,2,1,2,Hibernating,3
16600,4,6,813.52,United Kingdom,5,5,3,4,Champions,1
16601,40,1,241.53,United Kingdom,3,2,1,2,Needs Attention,3
16602,36,1,528.08,United Kingdom,3,2,3,2,Needs Attention,1
16603,74,2,482.47,United Kingdom,2,3,2,2,Hibernating,3
16607,17,14,3347.71,United Kingdom,4,5,5,5,Champions,0
16609,15,7,5493.46,United Kingdom,4,5,5,5,Champions,0
16610,219,1,75.66,United Kingdom,1,2,1,2,Hibernating,3
16611,186,1,129.49,United Kingdom,1,2,1,2,Hibernating,3
16612,32,4,1187.66,United Kingdom,4,4,4,4,Champions,2
16613,70,1,618.59,United Kingdom,3,2,3,2,Needs Attention,3
16614,182,1,506.19,United Kingdom,1,2,3,2,Hibernating,3
16616,15,2,500.42,United Kingdom,4,3,3,3,Loyal Customers,1
16617,235,1,151.85,United Kingdom,1,2,1,2,Hibernating,3
16618,31,5,2647.59,United Kingdom,4,4,5,4,Champions,2
16619,263,1,226.21,United Kingdom,1,2,1,2,Hibernating,3
16620,3,2,178.96,United Kingdom,5,3,1,2,New / Promising,1
16621,51,4,813.48,United Kingdom,3,4,3,4,Loyal Customers,2
16623,245,1,129.45,United Kingdom,1,2,1,2,Hibernating,3
16624,80,2,810.5699999999999,United Kingdom,2,3,3,3,At Risk,2
16625,274,1,333.08,United Kingdom,1,2,2,2,Hibernating,3
16626,0,17,4413.1,United Kingdom,5,5,5,5,Champions,0
16627,79,1,322.8,United Kingdom,2,2,2,2,Hibernating,3
16628,29,5,2188.05,United Kingdom,4,4,5,4,Champions,2
16629,73,2,408.63,United Kingdom,2,3,2,2,Hibernating,3
16633,17,6,2883.1,United Kingdom,4,5,5,5,Champions,0
16634,222,2,217.9,United Kingdom,1,3,1,2,Hibernating,3
16637,32,4,1154.47,United Kingdom,4,4,4,4,Champions,2
16638,22,10,1680.72,United Kingdom,4,5,4,4,Champions,0
16639,31,3,1257.51,United Kingdom,4,4,4,4,Champions,2
16641,105,1,231.10000000000002,United Kingdom,2,2,1,2,Hibernating,3
16642,4,2,688.33,United Kingdom,5,3,3,3,Loyal Customers,1
16643,245,1,487.51,United Kingdom,1,2,3,2,Hibernating,3
16644,177,2,833.78,United Kingdom,2,3,3,3,At Risk,3
16647,169,2,214.06,United Kingdom,2,3,1,2,Hibernating,3
16648,42,1,290.65999999999997,United Kingdom,3,2,2,2,Needs Attention,3
16650,71,1,518.42,United Kingdom,3,2,3,2,Needs Attention,3
16652,58,7,6773.97,United Kingdom,3,5,5,5,Loyal Customers,2
16653,16,2,1212.66,United Kingdom,4,3,4,4,Champions,1
16654,141,4,601.27,United Kingdom,2,4,3,4,Can't Lose Them,2
16655,17,6,3789.52,United Kingdom,4,5,5,5,Champions,0
16656,22,15,8625.8,United Kingdom,4,5,5,5,Champions,0
16657,9,4,874.43,United Kingdom,5,4,3,4,Champions,1
16658,368,1,123.24,United Kingdom,1,2,1,2,Hibernating,3
16659,189,1,39.12,United Kingdom,1,2,1,2,Hibernating,3
16660,16,4,1267.6499999999999,United Kingdom,4,4,4,4,Champions,2
16665,362,1,135.39999999999998,United Kingdom,1,2,1,2,Hibernating,3
16666,19,1,118.98,United Kingdom,4,2,1,2,New / Promising,1
16667,68,2,567.1800000000001,United Kingdom,3,3,3,3,Loyal Customers,3
16668,15,6,306.71999999999997,United Kingdom,4,5,2,4,Champions,1
16669,23,2,1344.48,United Kingdom,4,3,4,4,Champions,2
16670,16,11,4095.9,United Kingdom,4,5,5,5,Champions,0
16671,28,3,1692.27,United Kingdom,4,4,4,4,Champions,2
16672,2,20,8134.9400000000005,United Kingdom,5,5,5,5,Champions,0
16674,54,2,304.24,United Kingdom,3,3,2,2,Needs Attention,3
16676,33,4,1592.1200000000001,United Kingdom,3,4,4,4,Loyal Customers,2
16678,2,12,3109.99,United Kingdom,5,5,5,5,Champions,0
16679,366,1,129.75,United Kingdom,1,2,1,2,Hibernating,3
16680,43,1,183.7,United Kingdom,3,2,1,2,Needs Attention,3
16681,72,6,1770.34,United Kingdom,2,5,4,4,Can't Lose Them,2
16682,4,5,1028.0,United Kingdom,5,4,4,4,Champions,1
16684,4,28,66653.56,United Kingdom,5,5,5,5,Champions,0
16685,61,2,324.24,United Kingdom,3,3,2,2,Needs Attention,3
16686,47,7,2959.88,United Kingdom,3,5,5,5,Loyal Customers,2
16688,1,4,1260.86,United Kingdom,5,4,4,4,Champions,1
16689,75,2,422.59999999999997,United Kingdom,2,3,2,2,Hibernating,3
16690,72,2,225.57999999999998,United Kingdom,2,3,1,2,Hibernating,3
16692,256,2,1126.0,United Kingdom,1,3,4,4,Can't Lose Them,3
16693,68,2,477.86,United Kingdom,3,3,2,2,Needs Attention,3
16696,135,4,657.9000000000001,United Kingdom,2,4,3,4,Can't Lose Them,2
16697,241,1,112.75,United Kingdom,1,2,1,2,Hibernating,3
16698,226,2,1998.0,United Kingdom,1,3,4,4,Can't Lose Them,2
16700,8,13,5076.55,United Kingdom,5,5,5,5,Champions,0
16701,8,13,5398.3,United Kingdom,5,5,5,5,Champions,0
16705,0,20,14034.99,United Kingdom,5,5,5,5,Champions,0
16706,37,3,531.35,United Kingdom,3,4,3,4,Loyal Customers,1
16708,45,1,656.63,United Kingdom,3,2,3,2,Needs Attention,1
16709,84,5,3029.87,United Kingdom,2,4,5,4,Can't Lose Them,2
16710,19,10,2467.99,United Kingdom,4,5,5,5,Champions,0
16711,3,5,1651.03,United Kingdom,5,4,4,4,Champions,0
16712,9,11,3603.66,United Kingdom,5,5,5,5,Champions,0
16713,18,15,6910.78,United Kingdom,4,5,5,5,Champions,0
16714,317,2,1114.06,United Kingdom,1,3,4,4,Can't Lose Them,3
16715,78,1,301.71999999999997,United Kingdom,2,2,2,2,Hibernating,3
16716,266,2,901.2,United Kingdom,1,3,3,3,At Risk,3
16717,23,6,3843.08,United Kingdom,4,5,5,5,Champions,2
16718,369,1,606.0500000000001,United Kingdom,1,2,3,2,Hibernating,3
16719,14,7,1770.22,United Kingdom,5,5,4,4,Champions,0
16720,26,1,152.95,United Kingdom,4,2,1,2,New / Promising,1
16721,262,1,292.47,United Kingdom,1,2,2,2,Hibernating,3
16722,17,13,4730.81,United Kingdom,4,5,5,5,Champions,0
16723,91,2,576.4,United Kingdom,2,3,3,3,At Risk,3
16725,302,6,756.82,United Kingdom,1,5,3,4,Can't Lose Them,2
16726,26,5,1358.74,United Kingdom,4,4,4,4,Champions,2
16727,364,1,256.32,United Kingdom,1,2,2,2,Hibernating,3
16728,46,4,1048.28,United Kingdom,3,4,4,4,Loyal Customers,2
16729,38,21,7202.01,United Kingdom,3,5,5,5,Loyal Customers,0
16730,52,3,743.11,United Kingdom,3,4,3,4,Loyal Customers,2
16732,31,1,603.75,United Kingdom,4,2,3,2,New / Promising,1
16734,52,3,646.76,United Kingdom,3,4,3,4,Loyal Customers,2
16735,78,5,2247.41,United Kingdom,2,4,5,4,Can't Lose Them,2
16737,53,1,417.59999999999997,United Kingdom,3,2,2,2,Needs Attention,3
16738,297,1,3.75,United Kingdom,1,2,1,2,Hibernating,3
16739,176,1,323.0,United Kingdom,2,2,2,2,Hibernating,3
16743,29,7,2213.13,United Kingdom,4,5,5,5,Champions,2
16744,11,7,1291.91,United Kingdom,5,5,4,4,Champions,0
16745,86,17,7180.7,United Kingdom,2,5,5,5,Can't Lose Them,0
16746,4,18,6680.11,United Kingdom,5,5,5,5,Champions,0
16747,37,2,836.06,United Kingdom,3,3,3,3,Loyal Customers,2
16748,17,5,1515.9,United Kingdom,4,4,4,4,Champions,2
16750,44,5,623.93,United Kingdom,3,4,3,4,Loyal Customers,2
16751,30,1,1764.72,United Kingdom,4,2,4,3,Loyal Customers,2
16752,372,1,207.5,United Kingdom,1,2,1,2,Hibernating,3
16753,58,1,223.92000000000002,United Kingdom,3,2,1,2,Needs Attention,3
16754,372,1,2002.4,United Kingdom,1,2,4,3,At Risk,3
16755,114,3,1475.43,United Kingdom,2,4,4,4,Can't Lose Them,2
16756,214,1,239.4,United Kingdom,1,2,1,2,Hibernating,3
16757,318,1,106.83000000000001,United Kingdom,1,2,1,2,Hibernating,3
16758,65,1,369.34000000000003,United Kingdom,3,2,2,2,Needs Attention,3
16759,7,3,789.79,United Kingdom,5,4,3,4,Champions,1
16761,96,1,316.62,United Kingdom,2,2,2,2,Hibernating,3
16762,19,3,1207.24,United Kingdom,4,4,4,4,Champions,2
16763,198,1,611.85,United Kingdom,1,2,3,2,Hibernating,3
16764,3,13,2790.9500000000003,United Kingdom,5,5,5,5,Champions,0
16765,294,1,34.0,United Kingdom,1,2,1,2,Hibernating,3
16766,273,2,1145.6,United Kingdom,1,3,4,4,Can't Lose Them,3
16767,30,11,5575.56,United Kingdom,4,5,5,5,Champions,0
16768,47,3,478.09000000000003,United Kingdom,3,4,2,3,Loyal Customers,2
16769,260,1,361.54,United Kingdom,1,2,2,2,Hibernating,3
16770,57,5,757.1,United Kingdom,3,4,3,4,Loyal Customers,2
16771,33,5,2230.61,United Kingdom,3,4,5,4,Loyal Customers,2
16773,57,1,171.59,United Kingdom,3,2,1,2,Needs Attention,3
16774,67,4,661.52,United Kingdom,3,4,3,4,Loyal Customers,2
16775,10,11,1691.51,United Kingdom,5,5,4,4,Champions,0
16776,60,1,371.54,United Kingdom,3,2,2,2,Needs Attention,3
16777,80,2,222.62,United Kingdom,2,3,1,2,Hibernating,3
16778,74,2,245.94,United Kingdom,2,3,1,2,Hibernating,3
16779,2,22,10611.720000000001,United Kingdom,5,5,5,5,Champions,0
16780,100,2,422.24,United Kingdom,2,3,2,2,Hibernating,3
16781,372,1,311.25,United Kingdom,1,2,2,2,Hibernating,3
16782,10,13,2267.9500000000003,United Kingdom,5,5,5,5,Champions,0
16784,19,1,107.6,United Kingdom,4,2,1,2,New / Promising,1
16788,123,2,592.74,United Kingdom,2,3,3,3,At Risk,3
16789,8,1,80.8,United Kingdom,5,2,1,2,New / Promising,1
16790,3,6,1545.6200000000001,United Kingdom,5,5,4,4,Champions,0
16791,29,7,1693.03,United Kingdom,4,5,4,4,Champions,2
16792,282,2,110.38000000000001,United Kingdom,1,3,1,2,Hibernating,3
16793,57,1,243.84,United Kingdom,3,2,1,2,Needs Attention,3
16794,1,10,1194.48,United Kingdom,5,5,4,4,Champions,0
16795,365,1,414.88,United Kingdom,1,2,2,2,Hibernating,3
16796,89,1,305.62,United Kingdom,2,2,2,2,Hibernating,3
16800,11,1,1162.65,United Kingdom,5,2,4,3,Loyal Customers,1
16801,163,4,1594.23,United Kingdom,2,4,4,4,Can't Lose Them,2
16803,65,1,332.3,United Kingdom,3,2,2,2,Needs Attention,3
16804,23,3,536.99,United Kingdom,4,4,3,4,Champions,1
16805,173,2,460.59,United Kingdom,2,3,2,2,Hibernating,3
16806,103,4,736.21,United Kingdom,2,4,3,4,Can't Lose Them,2
16807,142,3,1121.59,United Kingdom,2,4,4,4,Can't Lose Them,2
16808,99,2,288.42,United Kingdom,2,3,2,2,Hibernating,3
16809,23,5,914.69,United Kingdom,4,4,3,4,Champions,2
16810,192,1,309.54,United Kingdom,1,2,2,2,Hibernating,3
16811,4,2,547.07,United Kingdom,5,3,3,3,Loyal Customers,1
16812,360,1,479.35,United Kingdom,1,2,2,2,Hibernating,3
16813,8,10,1652.18,United Kingdom,5,5,4,4,Champions,0
16814,14,21,6406.8,United Kingdom,5,5,5,5,Champions,0
16816,103,4,417.06,United Kingdom,2,4,2,3,At Risk,2
16817,2,9,1604.75,United Kingdom,5,5,4,4,Champions,0
16818,10,11,3349.57,United Kingdom,5,5,5,5,Champions,0
16820,95,1,497.61,United Kingdom,2,2,3,2,Hibernating,3
16823,227,1,358.38,United Kingdom,1,2,2,2,Hibernating,3
16824,15,2,460.64,United Kingdom,4,3,2,2,New / Promising,1
16825,38,2,775.1800000000001,United Kingdom,3,3,3,3,Loyal Customers,1
16826,51,1,341.7,United Kingdom,3,2,2,2,Needs Attention,3
16828,112,1,113.5,United Kingdom,2,2,1,2,Hibernating,3
16829,156,1,197.22,United Kingdom,2,2,1,2,Hibernating,3
16830,38,1,325.91,United Kingdom,3,2,2,2,Needs Attention,1
16832,184,3,199.15,United Kingdom,1,4,1,2,Hibernating,3
16833,1,4,1106.53,United Kingdom,5,4,4,4,Champions,1
16834,227,1,413.46,United Kingdom,1,2,2,2,Hibernating,3
16835,128,2,180.85,United Kingdom,2,3,1,2,Hibernating,3
16836,39,2,251.87,United Kingdom,3,3,2,2,Needs Attention,1
16837,31,11,3170.98,United Kingdom,4,5,5,5,Champions,0
16838,197,2,588.85,United Kingdom,1,3,3,3,At Risk,3
16839,8,34,16594.35,United Kingdom,5,5,5,5,Champions,0
16841,36,6,1869.82,United Kingdom,3,5,4,4,Loyal Customers,2
16842,100,3,1264.19,United Kingdom,2,4,4,4,Can't Lose Them,2
16843,42,16,10196.57,United Kingdom,3,5,5,5,Loyal Customers,0
16846,50,1,214.32,United Kingdom,3,2,1,2,Needs Attention,3
16847,43,1,193.44,United Kingdom,3,2,1,2,Needs Attention,3
16848,52,1,281.42,United Kingdom,3,2,2,2,Needs Attention,3
16849,186,1,124.57,United Kingdom,1,2,1,2,Hibernating,3
16850,333,1,332.41,United Kingdom,1,2,2,2,Hibernating,3
16851,4,3,342.45,United Kingdom,5,4,2,3,Loyal Customers,1
16852,10,2,144.91000000000003,United Kingdom,5,3,1,2,New / Promising,1
16855,23,2,328.4,United Kingdom,4,3,2,2,New / Promising,1
16856,14,1,35.400000000000006,United Kingdom,5,2,1,2,New / Promising,1
16858,368,1,375.69000000000005,United Kingdom,1,2,2,2,Hibernating,3
16859,144,2,747.81,United Kingdom,2,3,3,3,At Risk,3
16861,59,2,173.76,United Kingdom,3,3,1,2,Needs Attention,3
16863,31,2,502.8,United Kingdom,4,3,3,3,Loyal Customers,1
16866,140,3,207.73999999999998,United Kingdom,2,4,1,2,Hibernating,3
16869,22,4,817.12,United Kingdom,4,4,3,4,Champions,2
16871,22,6,2812.34,United Kingdom,4,5,5,5,Champions,2
16872,77,3,680.02,United Kingdom,2,4,3,4,Can't Lose Them,2
16873,4,6,7123.62,United Kingdom,5,5,5,5,Champions,0
16875,67,5,2095.53,United Kingdom,3,4,5,4,Loyal Customers,2
16877,12,6,846.62,United Kingdom,5,5,3,4,Champions,2
16878,84,1,13.3,United Kingdom,2,2,1,2,Hibernating,3
16880,30,7,1491.43,United Kingdom,4,5,4,4,Champions,2
16881,66,1,432.0,United Kingdom,3,2,2,2,Needs Attention,3
16882,66,3,705.12,United Kingdom,3,4,3,4,Loyal Customers,2
16883,187,2,272.48,United Kingdom,1,3,2,2,Hibernating,3
16884,37,2,429.84000000000003,United Kingdom,3,3,2,2,Needs Attention,1
16885,15,3,450.41,United Kingdom,4,4,2,3,Loyal Customers,1
16887,35,1,192.32999999999998,United Kingdom,3,2,1,2,Needs Attention,3
16889,194,3,1578.67,United Kingdom,1,4,4,4,Can't Lose Them,2
16891,1,5,742.43,United Kingdom,5,4,3,4,Champions,1
16892,1,5,518.19,United Kingdom,5,4,3,4,Champions,1
16893,366,1,145.93,United Kingdom,1,2,1,2,Hibernating,3
16895,64,1,202.27,United Kingdom,3,2,1,2,Needs Attention,3
16897,299,2,289.78,United Kingdom,1,3,2,2,Hibernating,3
16898,26,3,501.03,United Kingdom,4,4,3,4,Champions,1
16899,7,6,1271.06,United Kingdom,5,5,4,4,Champions,0
16900,16,3,882.16,United Kingdom,4,4,3,4,Champions,1
16902,116,1,1706.88,United Kingdom,2,2,4,3,At Risk,2
16903,29,1,363.2,United Kingdom,4,2,2,2,New / Promising,1
16904,4,15,3634.95,United Kingdom,5,5,5,5,Champions,0
16905,5,7,3037.6,United Kingdom,5,5,5,5,Champions,0
16906,81,4,559.59,United Kingdom,2,4,3,4,Can't Lose Them,2
16907,29,5,928.76,United Kingdom,4,4,4,4,Champions,2
16909,72,1,379.14,United Kingdom,2,2,2,2,Hibernating,3
16910,4,8,1508.96,United Kingdom,5,5,4,4,Champions,0
16912,28,11,2555.58,United Kingdom,4,5,5,5,Champions,0
16913,290,1,113.44,United Kingdom,1,2,1,2,Hibernating,3
16914,36,1,183.76,United Kingdom,3,2,1,2,Needs Attention,3
16915,9,6,621.6800000000001,United Kingdom,5,5,3,4,Champions,1
16916,23,2,562.41,United Kingdom,4,3,3,3,Loyal Customers,1
16917,276,1,391.52,United Kingdom,1,2,2,2,Hibernating,3
16918,49,6,1068.82,United Kingdom,3,5,4,4,Loyal Customers,2
16919,156,11,2592.25,United Kingdom,2,5,5,5,Can't Lose Them,2
16921,61,1,154.18,United Kingdom,3,2,1,2,Needs Attention,3
16923,12,19,7069.08,United Kingdom,5,5,5,5,Champions,0
16924,21,3,829.89,United Kingdom,4,4,3,4,Champions,1
16926,371,1,230.25,United Kingdom,1,2,1,2,Hibernating,3
16927,115,3,543.05,United Kingdom,2,4,3,4,Can't Lose Them,2
16928,80,17,2806.75,United Kingdom,2,5,5,5,Can't Lose Them,0
16929,3,7,1295.39,United Kingdom,5,5,4,4,Champions,0
16930,26,3,378.89,United Kingdom,4,4,2,3,Loyal Customers,1
16931,5,21,4554.87,United Kingdom,5,5,5,5,Champions,0
16932,53,1,150.23000000000002,United Kingdom,3,2,1,2,Needs Attention,3
16933,1,2,563.23,United Kingdom,5,3,3,3,Loyal Customers,1
16934,54,2,931.03,United Kingdom,3,3,4,4,Loyal Customers,2
16936,25,1,261.9,United Kingdom,4,2,2,2,New / Promising,1
16938,8,4,2711.6800000000003,United Kingdom,5,4,5,4,Champions,0
16940,52,3,3049.88,United Kingdom,3,4,5,4,Loyal Customers,2
16942,12,9,1904.99,United Kingdom,5,5,4,4,Champions,0
16943,211,3,816.73,United Kingdom,1,4,3,4,Can't Lose Them,2
16945,21,19,4345.5,United Kingdom,4,5,5,5,Champions,0
16947,235,1,406.48,United Kingdom,1,2,2,2,Hibernating,3
16948,138,3,435.02,United Kingdom,2,4,2,3,At Risk,3
16949,3,6,1286.27,United Kingdom,5,5,4,4,Champions,0
16950,56,3,1178.56,United Kingdom,3,4,4,4,Loyal Customers,2
16951,134,3,1277.75,United Kingdom,2,4,4,4,Can't Lose Them,2
16952,109,2,167.61,United Kingdom,2,3,1,2,Hibernating,3
16953,30,1,20.8,United Kingdom,4,2,1,2,New / Promising,3
16954,0,9,2085.08,United Kingdom,5,5,5,5,Champions,0
16955,184,4,518.67,United Kingdom,1,4,3,4,Can't Lose Them,2
16956,17,1,308.74,United Kingdom,4,2,2,2,New / Promising,1
16957,239,2,416.64,United Kingdom,1,3,2,2,Hibernating,3
16959,87,1,117.35000000000001,United Kingdom,2,2,1,2,Hibernating,3
16960,38,3,505.1,United Kingdom,3,4,3,4,Loyal Customers,1
16961,116,1,234.17,United Kingdom,2,2,1,2,Hibernating,3
16963,187,1,110.55000000000001,United Kingdom,1,2,1,2,Hibernating,3
16965,226,1,192.07,United Kingdom,1,2,1,2,Hibernating,3
16966,8,7,2154.97,United Kingdom,5,5,5,5,Champions,0
16967,189,1,319.02,United Kingdom,1,2,2,2,Hibernating,3
16968,4,2,439.43,United Kingdom,5,3,2,2,New / Promising,1
16969,39,3,650.41,United Kingdom,3,4,3,4,Loyal Customers,2
16971,38,1,357.21,United Kingdom,3,2,2,2,Needs Attention,1
16976,267,1,251.51999999999998,United Kingdom,1,2,2,2,Hibernating,3
16978,77,1,344.33,United Kingdom,2,2,2,2,Hibernating,3
16979,3,6,1852.0,United Kingdom,5,5,4,4,Champions,0
16980,255,2,1028.46,United Kingdom,1,3,4,4,Can't Lose Them,3
16982,60,1,384.06,United Kingdom,3,2,2,2,Needs Attention,3
16983,12,7,1905.87,United Kingdom,5,5,4,4,Champions,0
16984,88,2,4459.52,United Kingdom,2,3,5,4,Can't Lose Them,2
16985,17,10,5464.12,United Kingdom,4,5,5,5,Champions,0
16986,29,2,1873.2,United Kingdom,4,3,4,4,Champions,2
16987,3,7,1616.8,United Kingdom,5,5,4,4,Champions,0
16988,5,1,126.12,United Kingdom,5,2,1,2,New / Promising,1
16989,7,6,1133.25,United Kingdom,5,5,4,4,Champions,0
16990,218,1,179.0,United Kingdom,1,2,1,2,Hibernating,3
16992,10,5,1614.31,United Kingdom,5,4,4,4,Champions,2
16996,30,6,1456.96,United Kingdom,4,5,4,4,Champions,2
16997,288,3,702.0,United Kingdom,1,4,3,4,Can't Lose Them,3
16998,149,4,295.0,United Kingdom,2,4,2,3,At Risk,3
16999,23,2,484.82,United Kingdom,4,3,3,3,Loyal Customers,1
17001,0,11,3989.57,United Kingdom,5,5,5,5,Champions,0
17002,85,3,1493.73,United Kingdom,2,4,4,4,Can't Lose Them,2
17004,46,2,1312.1399999999999,United Kingdom,3,3,4,4,Loyal Customers,2
17006,4,4,781.78,United Kingdom,5,4,3,4,Champions,1
17007,50,6,889.9300000000001,United Kingdom,3,5,3,4,Loyal Customers,2
17010,18,1,195.36,United Kingdom,4,2,1,2,New / Promising,1
17011,30,1,270.9,United Kingdom,4,2,2,2,New / Promising,1
17014,8,3,583.4300000000001,United Kingdom,5,4,3,4,Champions,1
17015,28,3,1838.6100000000001,United Kingdom,4,4,4,4,Champions,2
17017,2,20,8694.26,United Kingdom,5,5,5,5,Champions,0
17018,40,2,920.1,United Kingdom,3,3,3,3,Loyal Customers,2
17019,11,4,1258.08,United Kingdom,5,4,4,4,Champions,2
17022,31,1,71.0,United Kingdom,4,2,1,2,New / Promising,3
17024,45,3,95.85,United Kingdom,3,4,1,2,Needs Attention,3
17025,60,3,357.77,United Kingdom,3,4,2,3,Loyal Customers,3
17026,185,2,154.82999999999998,United Kingdom,1,3,1,2,Hibernating,3
17027,78,6,877.5600000000001,United Kingdom,2,5,3,4,Can't Lose Them,2
17029,110,2,716.0,United Kingdom,2,3,3,3,At Risk,3
17030,63,1,146.87,United Kingdom,3,2,1,2,Needs Attention,3
17031,11,2,380.35,United Kingdom,5,3,2,2,New / Promising,1
17033,86,3,1030.14,United Kingdom,2,4,4,4,Can't Lose Them,2
17034,16,3,745.52,United Kingdom,4,4,3,4,Champions,1
17035,245,2,433.53000000000003,United Kingdom,1,3,2,2,Hibernating,3
17037,87,1,1267.32,United Kingdom,2,2,4,3,At Risk,3
17038,30,1,112.4,United Kingdom,4,2,1,2,New / Promising,3
17040,137,1,449.73,United Kingdom,2,2,2,2,Hibernating,3
17041,26,3,1071.49,United Kingdom,4,4,4,4,Champions,2
17042,2,5,1036.58,United Kingdom,5,4,4,4,Champions,1
17043,32,4,1735.18,United Kingdom,4,4,4,4,Champions,2
17044,25,1,948.48,United Kingdom,4,2,4,3,Loyal Customers,1
17045,113,3,339.44,United Kingdom,2,4,2,3,At Risk,3
17046,157,1,642.02,United Kingdom,2,2,3,2,Hibernating,3
17047,85,3,1100.9,United Kingdom,2,4,4,4,Can't Lose Them,2
17048,117,3,925.35,United Kingdom,2,4,4,4,Can't Lose Them,2
17049,2,9,5655.03,United Kingdom,5,5,5,5,Champions,0
17050,96,6,3185.64,United Kingdom,2,5,5,5,Can't Lose Them,2
17051,194,1,240.89000000000001,United Kingdom,1,2,1,2,Hibernating,3
17052,28,1,399.09,United Kingdom,4,2,2,2,New / Promising,1
17053,130,1,498.48,United Kingdom,2,2,3,2,Hibernating,3
17054,28,5,1356.33,United Kingdom,4,4,4,4,Champions,2
17058,81,3,1179.89,United Kingdom,2,4,4,4,Can't Lose Them,2
17059,29,5,3080.39,United Kingdom,4,4,5,4,Champions,2
17060,266,1,234.24,United Kingdom,1,2,1,2,Hibernating,3
17061,73,11,5232.2300000000005,United Kingdom,2,5,5,5,Can't Lose Them,0
17062,313,4,528.29,United Kingdom,1,4,3,4,Can't Lose Them,3
17063,21,7,1461.14,United Kingdom,4,5,4,4,Champions,2
17064,58,3,855.45,United Kingdom,3,4,3,4,Loyal Customers,2
17068,12,21,4545.89,United Kingdom,5,5,5,5,Champions,0
17069,28,9,2709.7000000000003,United Kingdom,4,5,5,5,Champions,0
17070,114,1,304.24,United Kingdom,2,2,2,2,Hibernating,3
17071,28,9,2429.03,United Kingdom,4,5,5,5,Champions,0
17073,17,4,1444.84,United Kingdom,4,4,4,4,Champions,2
17075,17,4,834.12,United Kingdom,4,4,3,4,Champions,2
17076,36,3,841.0799999999999,United Kingdom,3,4,3,4,Loyal Customers,2
17078,36,2,375.86,United Kingdom,3,3,2,2,Needs Attention,1
17079,78,1,118.80000000000001,United Kingdom,2,2,1,2,Hibernating,3
17080,22,2,287.62,United Kingdom,4,3,2,2,New / Promising,1
17081,25,2,288.91,United Kingdom,4,3,2,2,New / Promising,1
17082,33,2,2003.85,United Kingdom,3,3,4,4,Loyal Customers,2
17083,109,3,1405.78,United Kingdom,2,4,4,4,Can't Lose Them,2
17084,35,2,2747.9900000000002,United Kingdom,3,3,5,4,Loyal Customers,2
17085,123,5,1562.4,United Kingdom,2,4,4,4,Can't Lose Them,2
17086,7,6,2050.08,United Kingdom,5,5,5,5,Champions,0
17088,28,4,1991.01,United Kingdom,4,4,4,4,Champions,2
17090,4,7,1974.65,United Kingdom,5,5,4,4,Champions,0
17091,2,9,3827.76,United Kingdom,5,5,5,5,Champions,0
17092,50,4,1774.03,United Kingdom,3,4,4,4,Loyal Customers,2
17094,322,1,302.0,United Kingdom,1,2,2,2,Hibernating,3
17095,22,3,1324.16,United Kingdom,4,4,4,4,Champions,2
17096,15,4,1022.13,United Kingdom,4,4,4,4,Champions,2
17097,2,8,954.42,Spain,5,5,4,4,Champions,0
17100,18,2,971.74,United Kingdom,4,3,4,4,Champions,1
17101,10,4,1621.73,United Kingdom,5,4,4,4,Champions,2
17102,261,1,25.5,United Kingdom,1,2,1,2,Hibernating,3
17105,159,2,665.78,United Kingdom,2,3,3,3,At Risk,3
17107,33,6,10797.48,United Kingdom,3,5,5,5,Loyal Customers,0
17109,29,6,881.29,United Kingdom,4,5,3,4,Champions,2
17110,165,1,163.29999999999998,United Kingdom,2,2,1,2,Hibernating,3
17111,47,1,231.61,United Kingdom,3,2,1,2,Needs Attention,3
17114,5,8,801.12,United Kingdom,5,5,3,4,Champions,0
17115,8,3,837.5,United Kingdom,5,4,3,4,Champions,1
17117,288,1,116.19999999999999,United Kingdom,1,2,1,2,Hibernating,3
17118,317,1,157.02,United Kingdom,1,2,1,2,Hibernating,3
17119,3,2,606.91,United Kingdom,5,3,3,3,Loyal Customers,1
17120,233,1,307.46,United Kingdom,1,2,2,2,Hibernating,3
17122,119,1,138.32,United Kingdom,2,2,1,2,Hibernating,3
17123,161,1,345.29999999999995,United Kingdom,2,2,2,2,Hibernating,3
17124,185,1,294.24,United Kingdom,1,2,2,2,Hibernating,3
17125,50,1,230.5,United Kingdom,3,2,1,2,Needs Attention,3
17126,152,5,989.45,United Kingdom,2,4,4,4,Can't Lose Them,2
17128,334,1,157.09,United Kingdom,1,2,1,2,Hibernating,3
17131,5,5,2463.17,United Kingdom,5,4,5,4,Champions,0
17133,15,7,4892.240000000001,United Kingdom,4,5,5,5,Champions,0
17134,106,2,413.2,United Kingdom,2,3,2,2,Hibernating,3
17135,16,7,1139.73,United Kingdom,4,5,4,4,Champions,2
17138,275,1,380.5,United Kingdom,1,2,2,2,Hibernating,3
17139,15,12,10650.77,United Kingdom,4,5,5,5,Champions,0
17140,247,1,454.12,United Kingdom,1,2,2,2,Hibernating,3
17142,239,1,579.0,United Kingdom,1,2,3,2,Hibernating,3
17144,1,2,984.57,United Kingdom,5,3,4,4,Champions,1
17146,105,3,749.78,United Kingdom,2,4,3,4,Can't Lose Them,2
17147,22,4,1714.59,United Kingdom,4,4,4,4,Champions,2
17148,51,1,124.88,United Kingdom,3,2,1,2,Needs Attention,3
17152,194,3,1689.5,United Kingdom,1,4,4,4,Can't Lose Them,2
17153,24,1,213.78,United Kingdom,4,2,1,2,New / Promising,1
17154,75,1,329.34,United Kingdom,2,2,2,2,Hibernating,3
17155,17,2,251.70000000000002,United Kingdom,4,3,2,2,New / Promising,1
17157,7,2,319.0,United Kingdom,5,3,2,2,New / Promising,1
17158,32,3,1266.97,United Kingdom,4,4,4,4,Champions,2
17159,21,3,1538.88,United Kingdom,4,4,4,4,Champions,2
17160,31,6,3518.03,United Kingdom,4,5,5,5,Champions,2
17162,28,10,1715.46,United Kingdom,4,5,4,4,Champions,0
17163,21,2,293.1,United Kingdom,4,3,2,2,New / Promising,1
17164,32,7,2467.35,United Kingdom,4,5,5,5,Champions,2
17165,284,1,158.68,United Kingdom,1,2,1,2,Hibernating,3
17166,38,2,206.34,United Kingdom,3,3,1,2,Needs Attention,1
17169,57,2,835.78,United Kingdom,3,3,3,3,Loyal Customers,2
17171,289,1,224.91,United Kingdom,1,2,1,2,Hibernating,3
17172,78,1,317.76,United Kingdom,2,2,2,2,Hibernating,3
17173,5,8,3766.6,United Kingdom,5,5,5,5,Champions,0
17174,217,1,59.9,United Kingdom,1,2,1,2,Hibernating,3
17175,44,4,1443.69,United Kingdom,3,4,4,4,Loyal Customers,2
17176,201,1,306.13,United Kingdom,1,2,2,2,Hibernating,3
17179,178,3,711.79,United Kingdom,2,4,3,4,Can't Lose Them,2
17180,56,4,783.97,United Kingdom,3,4,3,4,Loyal Customers,2
17181,57,2,239.92000000000002,United Kingdom,3,3,1,2,Needs Attention,3
17183,7,6,3347.31,United Kingdom,5,5,5,5,Champions,0
17186,46,2,144.0,United Kingdom,3,3,1,2,Needs Attention,3
17187,226,1,203.95,United Kingdom,1,2,1,2,Hibernating,3
17188,11,7,2474.23,United Kingdom,5,5,5,5,Champions,0
17189,106,2,383.75,United Kingdom,2,3,2,2,Hibernating,3
17190,58,2,444.74,United Kingdom,3,3,2,2,Needs Attention,3
17191,28,7,2093.68,United Kingdom,4,5,5,5,Champions,2
17193,35,7,1699.3000000000002,United Kingdom,3,5,4,4,Loyal Customers,2
17194,360,1,226.78,United Kingdom,1,2,1,2,Hibernating,3
17197,29,1,1013.01,United Kingdom,4,2,4,3,Loyal Customers,1
17198,23,3,692.22,United Kingdom,4,4,3,4,Champions,1
17201,53,1,289.78,United Kingdom,3,2,2,2,Needs Attention,3
17203,35,6,3560.08,United Kingdom,3,5,5,5,Loyal Customers,2
17204,175,4,1564.56,United Kingdom,2,4,4,4,Can't Lose Them,2
17205,53,1,384.08,United Kingdom,3,2,2,2,Needs Attention,3
17206,53,1,204.24,United Kingdom,3,2,1,2,Needs Attention,3
17211,26,8,2317.2200000000003,United Kingdom,4,5,5,5,Champions,2
17212,253,1,226.85,United Kingdom,1,2,1,2,Hibernating,3
17213,40,7,2781.23,United Kingdom,3,5,5,5,Loyal Customers,2
17214,60,6,1059.1200000000001,United Kingdom,3,5,4,4,Loyal Customers,2
17217,234,1,113.5,United Kingdom,1,2,1,2,Hibernating,3
17218,4,10,1951.97,United Kingdom,5,5,4,4,Champions,0
17219,31,1,114.23,United Kingdom,4,2,1,2,New / Promising,3
17220,24,14,3187.55,United Kingdom,4,5,5,5,Champions,0
17221,7,2,334.48,United Kingdom,5,3,2,2,New / Promising,1
17222,65,1,328.65,United Kingdom,3,2,2,2,Needs Attention,3
17223,310,2,381.89,United Kingdom,1,3,2,2,Hibernating,3
17226,308,1,393.49,United Kingdom,1,2,2,2,Hibernating,3
17227,18,6,939.32,United Kingdom,4,5,4,4,Champions,2
17228,15,8,1906.09,United Kingdom,4,5,4,4,Champions,0
17229,96,2,318.76,United Kingdom,2,3,2,2,Hibernating,3
17230,264,8,3638.41,United Kingdom,1,5,5,5,Can't Lose Them,2
17231,12,10,3124.72,United Kingdom,5,5,5,5,Champions,0
17232,2,2,417.77,United Kingdom,5,3,2,2,New / Promising,1
17233,35,1,190.88,United Kingdom,3,2,1,2,Needs Attention,3
17234,182,1,149.89000000000001,United Kingdom,1,2,1,2,Hibernating,3
17235,25,2,550.06,United Kingdom,4,3,3,3,Loyal Customers,1
17236,12,6,916.13,United Kingdom,5,5,3,4,Champions,2
17237,11,2,314.69,United Kingdom,5,3,2,2,New / Promising,1
17238,2,17,3719.1,United Kingdom,5,5,5,5,Champions,0
17239,312,1,382.5,United Kingdom,1,2,2,2,Hibernating,3
17242,108,2,1135.04,United Kingdom,2,3,4,4,Can't Lose Them,2
17243,1,26,8531.65,United Kingdom,5,5,5,5,Champions,0
17244,53,1,954.9,United Kingdom,3,2,4,3,Loyal Customers,3
17245,204,1,171.45,United Kingdom,1,2,1,2,Hibernating,3
17247,15,1,280.09000000000003,United Kingdom,4,2,2,2,New / Promising,1
17248,120,1,318.65,United Kingdom,2,2,2,2,Hibernating,3
17250,3,2,381.97,United Kingdom,5,3,2,2,New / Promising,1
17251,362,1,269.83,United Kingdom,1,2,2,2,Hibernating,3
17252,116,2,348.91,United Kingdom,2,3,2,2,Hibernating,3
17253,18,1,178.26,United Kingdom,4,2,1,2,New / Promising,1
17254,4,2,271.19,United Kingdom,5,3,2,2,New / Promising,1
17255,40,2,291.48,United Kingdom,3,3,2,2,Needs Attention,1
17256,107,2,240.0,United Kingdom,2,3,1,2,Hibernating,3
17259,148,2,581.23,United Kingdom,2,3,3,3,At Risk,3
17262,52,5,1253.3600000000001,United Kingdom,3,4,4,4,Loyal Customers,2
17263,208,1,63.440000000000005,United Kingdom,1,2,1,2,Hibernating,3
17265,138,2,550.01,United Kingdom,2,3,3,3,At Risk,3
17266,2,3,296.58,United Kingdom,5,4,2,3,Loyal Customers,1
17267,127,2,317.2,United Kingdom,2,3,2,2,Hibernating,3
17268,107,4,763.64,United Kingdom,2,4,3,4,Can't Lose Them,2
17272,42,4,2148.63,United Kingdom,3,4,5,4,Loyal Customers,2
17274,35,1,107.82,United Kingdom,3,2,1,2,Needs Attention,3
17277,227,2,1065.3500000000001,United Kingdom,1,3,4,4,Can't Lose Them,3
17278,241,1,246.04,United Kingdom,1,2,1,2,Hibernating,3
17279,57,1,187.82999999999998,United Kingdom,3,2,1,2,Needs Attention,3
17282,130,3,1685.46,United Kingdom,2,4,4,4,Can't Lose Them,2
17284,60,6,1647.48,United Kingdom,3,5,4,4,Loyal Customers,2
17286,21,1,151.37,United Kingdom,4,2,1,2,New / Promising,1
17287,26,7,1049.06,United Kingdom,4,5,4,4,Champions,2
17288,9,7,1417.63,United Kingdom,5,5,4,4,Champions,0
17289,31,3,931.02,United Kingdom,4,4,4,4,Champions,2
17290,3,2,513.01,United Kingdom,5,3,3,3,Loyal Customers,1
17291,308,1,550.8000000000001,United Kingdom,1,2,3,2,Hibernating,3
17293,8,9,1854.06,United Kingdom,5,5,4,4,Champions,0
17295,28,3,547.0,United Kingdom,4,4,3,4,Champions,1
17297,17,1,128.18,United Kingdom,4,2,1,2,New / Promising,1
17298,101,2,498.42,United Kingdom,2,3,3,3,At Risk,3
17299,11,4,656.61,United Kingdom,5,4,3,4,Champions,1
17301,21,1,163.24,United Kingdom,4,2,1,2,New / Promising,1
17302,14,5,1135.63,United Kingdom,5,4,4,4,Champions,2
17303,361,1,250.04,United Kingdom,1,2,2,2,Hibernating,3
17306,10,19,8631.31,United Kingdom,5,5,5,5,Champions,0
17309,95,1,82.75,United Kingdom,2,2,1,2,Hibernating,3
17311,78,2,1384.85,United Kingdom,2,3,4,4,Can't Lose Them,2
17312,138,3,644.3,United Kingdom,2,4,3,4,Can't Lose Them,2
17313,31,1,2328.84,United Kingdom,4,2,5,4,Champions,2
17314,24,8,2527.92,United Kingdom,4,5,5,5,Champions,0
17315,1,36,6241.15,United Kingdom,5,5,5,5,Champions,0
17317,46,3,2600.34,United Kingdom,3,4,5,4,Loyal Customers,2
17320,100,3,1200.6200000000001,United Kingdom,2,4,4,4,Can't Lose Them,2
17321,8,2,657.16,United Kingdom,5,3,3,3,Loyal Customers,1
17323,15,7,903.12,United Kingdom,4,5,3,4,Champions,2
17324,17,4,986.48,United Kingdom,4,4,4,4,Champions,2
17325,280,1,96.8,United Kingdom,1,2,1,2,Hibernating,3
17329,14,2,523.11,United Kingdom,5,3,3,3,Loyal Customers,1
17330,22,2,363.9,United Kingdom,4,3,2,2,New / Promising,1
17331,123,1,175.2,United Kingdom,2,2,1,2,Hibernating,3
17333,85,1,494.25,United Kingdom,2,2,3,2,Hibernating,3
17334,302,2,307.02,United Kingdom,1,3,2,2,Hibernating,3
17337,151,4,1979.61,United Kingdom,2,4,4,4,Can't Lose Them,2
17338,17,8,6484.75,United Kingdom,4,5,5,5,Champions,0
17339,94,2,243.36,United Kingdom,2,3,1,2,Hibernating,3
17340,29,11,12353.29,United Kingdom,4,5,5,5,Champions,0
17341,156,3,682.29,United Kingdom,2,4,3,4,Can't Lose Them,2
17343,355,1,193.64,United Kingdom,1,2,1,2,Hibernating,3
17344,46,1,157.62,United Kingdom,3,2,1,2,Needs Attention,3
17345,15,4,519.6899999999999,United Kingdom,4,4,3,4,Champions,1
17346,3,15,2622.88,United Kingdom,5,5,5,5,Champions,0
17347,86,1,228.96,United Kingdom,2,2,1,2,Hibernating,3
17348,14,5,1156.6,United Kingdom,5,4,4,4,Champions,2
17349,179,1,98.25,United Kingdom,2,2,1,2,Hibernating,3
17350,8,4,1281.32,United Kingdom,5,4,4,4,Champions,1
17351,36,3,587.15,United Kingdom,3,4,3,4,Loyal Customers,2
17353,129,2,1740.0,United Kingdom,2,3,4,4,Can't Lose Them,2
17354,50,1,1393.06,United Kingdom,3,2,4,3,Loyal Customers,2
17356,311,1,178.22,United Kingdom,1,2,1,2,Hibernating,3
17357,24,2,384.39,United Kingdom,4,3,2,2,New / Promising,1
17358,303,2,360.81,United Kingdom,1,3,2,2,Hibernating,3
17359,11,1,127.86,United Kingdom,5,2,1,2,New / Promising,1
17360,17,3,568.24,United Kingdom,4,4,3,4,Champions,1
17361,49,3,488.2,United Kingdom,3,4,3,4,Loyal Customers,2
17362,239,2,312.23,United Kingdom,1,3,2,2,Hibernating,3
17364,0,11,4462.68,United Kingdom,5,5,5,5,Champions,0
17365,12,8,4762.32,United Kingdom,5,5,5,5,Champions,0
17367,238,1,167.55,United Kingdom,1,2,1,2,Hibernating,3
17368,23,8,1878.87,United Kingdom,4,5,4,4,Champions,2
17370,72,4,446.18,United Kingdom,2,4,2,3,At Risk,2
17371,17,3,418.4,United Kingdom,4,4,2,3,Loyal Customers,1
17372,40,8,1337.18,United Kingdom,3,5,4,4,Loyal Customers,2
17373,40,4,646.92,United Kingdom,3,4,3,4,Loyal Customers,2
17374,218,2,495.77,United Kingdom,1,3,3,3,At Risk,3
17375,199,3,400.1,United Kingdom,1,4,2,3,At Risk,3
17376,70,2,203.2,United Kingdom,3,3,1,2,Needs Attention,3
17377,23,20,4058.32,United Kingdom,4,5,5,5,Champions,0
17379,11,1,389.71999999999997,United Kingdom,5,2,2,2,New / Promising,1
17381,8,29,20275.61,United Kingdom,5,5,5,5,Champions,0
17382,65,1,65.4,United Kingdom,3,2,1,2,Needs Attention,3
17383,4,1,193.39000000000001,United Kingdom,5,2,1,2,New / Promising,1
17384,19,2,336.4,United Kingdom,4,3,2,2,New / Promising,1
17385,14,1,256.11,United Kingdom,5,2,2,2,New / Promising,1
17386,7,6,2686.42,United Kingdom,5,5,5,5,Champions,0
17387,19,2,746.81,United Kingdom,4,3,3,3,Loyal Customers,1
17388,77,4,1259.56,United Kingdom,2,4,4,4,Can't Lose Them,2
17389,0,34,31833.68,United Kingdom,5,5,5,5,Champions,0
17391,163,2,508.8,United Kingdom,2,3,3,3,At Risk,3
17392,306,2,411.27,United Kingdom,1,3,2,2,Hibernating,3
17394,219,1,203.86999999999998,United Kingdom,1,2,1,2,Hibernating,3
17396,39,7,7312.8,United Kingdom,3,5,5,5,Loyal Customers,0
17397,22,2,681.41,United Kingdom,4,3,3,3,Loyal Customers,1
17398,114,3,653.38,United Kingdom,2,4,3,4,Can't Lose Them,2
17400,126,5,2097.84,United Kingdom,2,4,5,4,Can't Lose Them,2
17402,4,12,2598.85,United Kingdom,5,5,5,5,Champions,0
17403,36,1,263.92,United Kingdom,3,2,2,2,Needs Attention,1
17404,4,13,31781.82,Sweden,5,5,5,5,Champions,0
17405,1,3,1031.41,United Kingdom,5,4,4,4,Champions,1
17406,333,3,2184.42,United Kingdom,1,4,5,4,Can't Lose Them,2
17408,163,1,32.65,United Kingdom,2,2,1,2,Hibernating,3
17409,184,2,771.85,United Kingdom,1,3,3,3,At Risk,3
17410,16,5,1214.72,United Kingdom,4,4,4,4,Champions,2
17411,12,3,778.94,United Kingdom,5,4,3,4,Champions,1
17412,2,7,1258.06,United Kingdom,5,5,4,4,Champions,0
17414,43,2,778.0,United Kingdom,3,3,3,3,Loyal Customers,2
17415,79,1,507.84,United Kingdom,2,2,3,2,Hibernating,3
17416,29,7,6893.42,United Kingdom,4,5,5,5,Champions,0
17418,42,2,463.46000000000004,United Kingdom,3,3,2,2,Needs Attention,1
17419,11,12,4226.57,United Kingdom,5,5,5,5,Champions,0
17420,50,3,598.83,United Kingdom,3,4,3,4,Loyal Customers,2
17422,16,6,1979.37,United Kingdom,4,5,4,4,Champions,2
17423,46,2,698.41,United Kingdom,3,3,3,3,Loyal Customers,2
17425,19,2,759.17,United Kingdom,4,3,3,3,Loyal Customers,1
17426,8,6,5037.26,United Kingdom,5,5,5,5,Champions,0
17427,71,1,100.8,United Kingdom,3,2,1,2,Needs Attention,3
17428,0,28,17256.85,United Kingdom,5,5,5,5,Champions,0
17429,128,3,524.9200000000001,United Kingdom,2,4,3,4,Can't Lose Them,3
17430,32,2,265.76,United Kingdom,4,3,2,2,New / Promising,1
17431,313,1,403.3,United Kingdom,1,2,2,2,Hibernating,3
17432,18,2,365.76,United Kingdom,4,3,2,2,New / Promising,1
17433,88,1,303.15999999999997,United Kingdom,2,2,2,2,Hibernating,3
17434,2,7,2373.82,United Kingdom,5,5,5,5,Champions,0
17436,1,2,216.29999999999998,United Kingdom,5,3,1,2,New / Promising,1
17438,253,1,388.45000000000005,United Kingdom,1,2,2,2,Hibernating,3
17440,156,3,186.42000000000002,United Kingdom,2,4,1,2,Hibernating,3
17442,36,6,2248.56,United Kingdom,3,5,5,5,Loyal Customers,2
17443,219,1,534.24,Canada,1,2,3,2,Hibernating,3
17444,151,2,2389.1,Canada,2,3,5,4,Can't Lose Them,2
17446,176,2,120.9,United Kingdom,2,3,1,2,Hibernating,3
17447,40,2,541.53,United Kingdom,3,3,3,3,Loyal Customers,1
17449,2,7,2516.21,United Kingdom,5,5,5,5,Champions,0
17450,8,46,194390.79,United Kingdom,5,5,5,5,Champions,0
17451,1,7,1721.4,United Kingdom,5,5,4,4,Champions,0
17453,17,2,486.71999999999997,United Kingdom,4,3,3,3,Loyal Customers,1
17454,192,4,517.53,United Kingdom,1,4,3,4,Can't Lose Them,2
17455,203,1,131.7,United Kingdom,1,2,1,2,Hibernating,3
17456,365,1,249.86,United Kingdom,1,2,2,2,Hibernating,3
17457,126,5,1737.7,United Kingdom,2,4,4,4,Can't Lose Them,2
17458,15,1,316.5,United Kingdom,4,2,2,2,New / Promising,1
17459,43,2,657.3,United Kingdom,3,3,3,3,Loyal Customers,1
17460,94,6,622.4300000000001,United Kingdom,2,5,3,4,Can't Lose Them,2
17461,22,3,735.82,United Kingdom,4,4,3,4,Champions,1
17462,60,2,675.69,United Kingdom,3,3,3,3,Loyal Customers,2
17463,16,5,1875.86,United Kingdom,4,4,4,4,Champions,2
17464,158,1,289.96000000000004,United Kingdom,2,2,2,2,Hibernating,3
17466,10,2,763.28,United Kingdom,5,3,3,3,Loyal Customers,1
17468,10,2,137.0,United Kingdom,5,3,1,2,New / Promising,1
17469,16,5,1870.97,United Kingdom,4,4,4,4,Champions,2
17470,44,5,1125.07,United Kingdom,3,4,4,4,Loyal Customers,2
17472,191,3,697.54,United Kingdom,1,4,3,4,Can't Lose Them,2
17475,79,1,194.37,United Kingdom,2,2,1,2,Hibernating,3
17480,77,1,511.82,United Kingdom,2,2,3,2,Hibernating,3
17481,3,4,1255.59,United Kingdom,5,4,4,4,Champions,1
17483,65,3,414.04,United Kingdom,3,4,2,3,Loyal Customers,2
17486,261,1,396.87,United Kingdom,1,2,2,2,Hibernating,3
17489,58,2,376.64,United Kingdom,3,3,2,2,Needs Attention,3
17490,0,7,2092.32,United Kingdom,5,5,5,5,Champions,0
17491,1,10,3558.87,United Kingdom,5,5,5,5,Champions,0
17492,248,1,374.57,United Kingdom,1,2,2,2,Hibernating,3
17495,7,2,497.56,United Kingdom,5,3,3,3,Loyal Customers,1
17496,358,1,271.05,United Kingdom,1,2,2,2,Hibernating,3
17498,75,1,272.22,United Kingdom,2,2,2,2,Hibernating,3
17499,289,1,622.88,United Kingdom,1,2,3,2,Hibernating,3
17500,17,3,1138.0,United Kingdom,4,4,4,4,Champions,2
17501,220,2,288.6,United Kingdom,1,3,2,2,Hibernating,3
17502,9,4,689.1,United Kingdom,5,4,3,4,Champions,1
17503,2,2,558.96,United Kingdom,5,3,3,3,Loyal Customers,1
17504,206,9,2997.0299999999997,United Kingdom,1,5,5,5,Can't Lose Them,2
17505,161,2,1145.84,United Kingdom,2,3,4,4,Can't Lose Them,2
17506,75,1,302.2,United Kingdom,2,2,2,2,Hibernating,3
17507,261,2,605.58,United Kingdom,1,3,3,3,At Risk,3
17508,280,1,387.31,Greece,1,2,2,2,Hibernating,3
17509,57,8,6083.64,United Kingdom,3,5,5,5,Loyal Customers,2
17510,24,1,308.48,United Kingdom,4,2,2,2,New / Promising,1
17511,2,31,91062.38,United Kingdom,5,5,5,5,Champions,0
17512,28,10,2924.9900000000002,United Kingdom,4,5,5,5,Champions,0
17513,72,1,513.2,United Kingdom,2,2,3,2,Hibernating,3
17514,128,1,208.65,United Kingdom,2,2,1,2,Hibernating,3
17515,31,4,639.02,United Kingdom,4,4,3,4,Champions,2
17516,15,5,764.88,United Kingdom,4,4,3,4,Champions,2
17517,308,1,153.94,United Kingdom,1,2,1,2,Hibernating,3
17519,17,6,1844.02,United Kingdom,4,5,4,4,Champions,2
17520,53,1,546.81,United Kingdom,3,2,3,2,Needs Attention,3
17521,29,3,723.2099999999999,United Kingdom,4,4,3,4,Champions,2
17522,1,5,1066.15,United Kingdom,5,4,4,4,Champions,0
17523,11,4,652.74,United Kingdom,5,4,3,4,Champions,1
17524,361,1,145.0,United Kingdom,1,2,1,2,Hibernating,3
17525,359,1,422.70000000000005,United Kingdom,1,2,2,2,Hibernating,3
17526,4,4,1195.8999999999999,United Kingdom,5,4,4,4,Champions,1
17527,53,4,939.37,United Kingdom,3,4,4,4,Loyal Customers,2
17528,1,8,3628.5,United Kingdom,5,5,5,5,Champions,0
17530,1,10,2362.53,United Kingdom,5,5,5,5,Champions,0
17531,190,1,296.7,United Kingdom,1,2,2,2,Hibernating,3
17534,53,1,223.36,United Kingdom,3,2,1,2,Needs Attention,3
17535,280,1,164.4,United Kingdom,1,2,1,2,Hibernating,3
17536,177,1,76.5,United Kingdom,2,2,1,2,Hibernating,3
17537,29,2,887.67,United Kingdom,4,3,3,3,Loyal Customers,1
17538,25,1,98.42,United Kingdom,4,2,1,2,New / Promising,1
17540,24,2,578.9,United Kingdom,4,3,3,3,Loyal Customers,1
17542,269,1,170.75,United Kingdom,1,2,1,2,Hibernating,3
17545,43,3,642.32,United Kingdom,3,4,3,4,Loyal Customers,2
17548,233,1,103.3,United Kingdom,1,2,1,2,Hibernating,3
17549,23,2,148.86,United Kingdom,4,3,1,2,New / Promising,1
17550,197,3,267.16,United Kingdom,1,4,2,3,At Risk,3
17551,359,1,290.34,United Kingdom,1,2,2,2,Hibernating,3
17552,60,4,930.41,United Kingdom,3,4,4,4,Loyal Customers,2
17553,129,1,1487.6,United Kingdom,2,2,4,3,At Risk,3
17554,1,5,1952.45,United Kingdom,5,4,4,4,Champions,0
17555,19,2,480.31,United Kingdom,4,3,2,2,New / Promising,1
17556,205,1,157.9,United Kingdom,1,2,1,2,Hibernating,3
17557,14,3,541.46,United Kingdom,5,4,3,4,Champions,1
17560,94,4,854.95,United Kingdom,2,4,3,4,Can't Lose Them,2
17561,19,1,165.12,United Kingdom,4,2,1,2,New / Promising,1
17562,14,7,1122.38,United Kingdom,5,5,4,4,Champions,2
17564,24,3,454.01,United Kingdom,4,4,2,3,Loyal Customers,1
17566,8,2,869.77,United Kingdom,5,3,3,3,Loyal Customers,1
17567,7,8,4331.48,United Kingdom,5,5,5,5,Champions,0
17569,332,1,344.14,United Kingdom,1,2,2,2,Hibernating,3
17571,50,4,1424.42,United Kingdom,3,4,4,4,Loyal Customers,2
17572,71,4,226.75000000000003,United Kingdom,3,4,1,2,Needs Attention,3
17573,29,3,380.6,United Kingdom,4,4,2,3,Loyal Customers,1
17574,242,1,185.65,United Kingdom,1,2,1,2,Hibernating,3
17576,8,19,3564.83,United Kingdom,5,5,5,5,Champions,0
17578,218,1,143.45999999999998,United Kingdom,1,2,1,2,Hibernating,3
17579,4,3,448.90000000000003,United Kingdom,5,4,2,3,Loyal Customers,1
17580,252,3,212.77,United Kingdom,1,4,1,2,Hibernating,3
17581,0,25,11025.24,United Kingdom,5,5,5,5,Champions,0
17582,236,1,175.27,United Kingdom,1,2,1,2,Hibernating,3
17584,7,2,1242.3,United Kingdom,5,3,4,4,Champions,1
17585,109,4,1116.68,United Kingdom,2,4,4,4,Can't Lose Them,2
17588,100,3,1240.2,United Kingdom,2,4,4,4,Can't Lose Them,2
17589,60,4,2402.92,United Kingdom,3,4,5,4,Loyal Customers,2
17590,2,3,1466.77,United Kingdom,5,4,4,4,Champions,1
17591,73,7,2203.67,United Kingdom,2,5,5,5,Can't Lose Them,2
17593,3,5,3923.86,United Kingdom,5,4,5,4,Champions,0
17594,85,2,993.18,United Kingdom,2,3,4,4,Can't Lose Them,2
17595,12,2,386.69,United Kingdom,5,3,2,2,New / Promising,1
17596,23,7,2806.69,United Kingdom,4,5,5,5,Champions,0
17597,213,1,2044.3700000000001,United Kingdom,1,2,5,4,Can't Lose Them,3
17600,17,1,161.67000000000002,United Kingdom,4,2,1,2,New / Promising,1
17601,239,1,116.00999999999999,United Kingdom,1,2,1,2,Hibernating,3
17602,2,6,5054.42,United Kingdom,5,5,5,5,Champions,0
17603,78,1,394.72,United Kingdom,2,2,2,2,Hibernating,3
17604,217,2,309.36,United Kingdom,1,3,2,2,Hibernating,3
17608,33,2,191.99,United Kingdom,3,3,1,2,Needs Attention,1
17609,40,5,1098.28,United Kingdom,3,4,4,4,Loyal Customers,2
17611,7,15,3961.12,United Kingdom,5,5,5,5,Champions,0
17612,53,6,2048.45,United Kingdom,3,5,5,5,Loyal Customers,2
17613,22,14,4544.55,United Kingdom,4,5,5,5,Champions,0
17614,57,1,386.32,United Kingdom,3,2,2,2,Needs Attention,3
17615,130,3,329.6,United Kingdom,2,4,2,3,At Risk,3
17616,173,3,571.1999999999999,United Kingdom,2,4,3,4,Can't Lose Them,3
17618,5,3,930.28,United Kingdom,5,4,4,4,Champions,1
17619,312,1,214.37,United Kingdom,1,2,1,2,Hibernating,3
17620,59,1,81.44,United Kingdom,3,2,1,2,Needs Attention,3
17621,21,3,1379.9,United Kingdom,4,4,4,4,Champions,2
17623,32,1,527.0500000000001,United Kingdom,4,2,3,2,New / Promising,1
17624,14,2,843.48,United Kingdom,5,3,3,3,Loyal Customers,1
17625,18,4,2020.4,United Kingdom,4,4,4,4,Champions,2
17628,81,1,75.75,United Kingdom,2,2,1,2,Hibernating,3
17629,5,8,1814.12,United Kingdom,5,5,4,4,Champions,0
17630,169,2,503.59999999999997,United Kingdom,2,3,3,3,At Risk,3
17631,1,3,528.33,United Kingdom,5,4,3,4,Champions,1
17633,31,4,1324.84,United Kingdom,4,4,4,4,Champions,2
17634,36,9,2358.59,United Kingdom,3,5,5,5,Loyal Customers,2
17636,19,1,285.56,United Kingdom,4,2,2,2,New / Promising,1
17637,31,2,547.0600000000001,United Kingdom,4,3,3,3,Loyal Customers,1
17639,276,1,108.5,United Kingdom,1,2,1,2,Hibernating,3
17640,86,1,621.66,United Kingdom,2,2,3,2,Hibernating,3
17642,119,2,712.29,United Kingdom,2,3,3,3,At Risk,3
17643,373,1,101.55,United Kingdom,1,2,1,2,Hibernating,3
17644,1,11,2895.64,United Kingdom,5,5,5,5,Champions,0
17646,219,3,1008.39,United Kingdom,1,4,4,4,Can't Lose Them,2
17647,65,1,133.06,United Kingdom,3,2,1,2,Needs Attention,3
17648,60,4,1797.5,United Kingdom,3,4,4,4,Loyal Customers,2
17649,138,1,868.49,United Kingdom,2,2,3,2,Hibernating,3
17650,21,1,166.08,United Kingdom,4,2,1,2,New / Promising,1
17651,11,10,3945.0,United Kingdom,5,5,5,5,Champions,0
17652,25,12,4867.72,United Kingdom,4,5,5,5,Champions,0
17653,36,4,1207.56,United Kingdom,3,4,4,4,Loyal Customers,2
17654,277,1,117.55,United Kingdom,1,2,1,2,Hibernating,3
17655,10,7,2638.94,United Kingdom,5,5,5,5,Champions,0
17656,73,5,1674.69,United Kingdom,2,4,4,4,Can't Lose Them,2
17658,25,2,595.42,United Kingdom,4,3,3,3,Loyal Customers,1
17659,17,12,2999.46,United Kingdom,4,5,5,5,Champions,0
17660,141,1,178.75,United Kingdom,2,2,1,2,Hibernating,3
17663,25,7,1802.91,United Kingdom,4,5,4,4,Champions,2
17664,18,2,604.64,United Kingdom,4,3,3,3,Loyal Customers,1
17666,3,2,728.16,United Kingdom,5,3,3,3,Loyal Customers,1
17667,66,5,2055.51,United Kingdom,3,4,5,4,Loyal Customers,2
17668,1,2,347.75,United Kingdom,5,3,2,2,New / Promising,1
17669,42,7,3406.7200000000003,United Kingdom,3,5,5,5,Loyal Customers,2
17670,227,1,205.7,United Kingdom,1,2,1,2,Hibernating,3
17671,15,4,1572.71,United Kingdom,4,4,4,4,Champions,2
17672,50,2,3178.17,United Kingdom,3,3,5,4,Loyal Customers,2
17673,1,6,1594.97,United Kingdom,5,5,4,4,Champions,0
17674,74,2,551.04,United Kingdom,2,3,3,3,At Risk,3
17675,1,31,20374.28,United Kingdom,5,5,5,5,Champions,0
17676,4,6,1371.18,United Kingdom,5,5,4,4,Champions,0
17677,1,30,16345.38,United Kingdom,5,5,5,5,Champions,0
17678,263,1,298.11,United Kingdom,1,2,2,2,Hibernating,3
17679,52,2,1992.1100000000001,United Kingdom,3,3,4,4,Loyal Customers,2
17680,23,1,184.4,United Kingdom,4,2,1,2,New / Promising,1
17682,10,6,2474.33,United Kingdom,5,5,5,5,Champions,0
17684,43,1,239.41,United Kingdom,3,2,1,2,Needs Attention,3
17685,16,7,3155.83,United Kingdom,4,5,5,5,Champions,0
17686,7,7,5739.46,United Kingdom,5,5,5,5,Champions,0
17690,30,15,4726.8,United Kingdom,4,5,5,5,Champions,0
17691,358,2,290.40000000000003,United Kingdom,1,3,2,2,Hibernating,3
17692,127,4,725.5799999999999,United Kingdom,2,4,3,4,Can't Lose Them,2
17693,137,1,200.47,United Kingdom,2,2,1,2,Hibernating,3
17694,141,1,283.12,United Kingdom,2,2,2,2,Hibernating,3
17695,131,2,765.34,United Kingdom,2,3,3,3,At Risk,3
17696,38,8,2285.71,United Kingdom,3,5,5,5,Loyal Customers,2
17697,236,1,338.95,United Kingdom,1,2,2,2,Hibernating,3
17698,260,1,154.95,United Kingdom,1,2,1,2,Hibernating,3
17700,16,4,2534.64,United Kingdom,4,4,5,4,Champions,2
17701,252,1,417.95,United Kingdom,1,2,2,2,Hibernating,3
17702,30,4,1824.37,United Kingdom,4,4,4,4,Champions,2
17703,35,3,798.74,United Kingdom,3,4,3,4,Loyal Customers,2
17704,168,2,885.19,United Kingdom,2,3,3,3,At Risk,3
17705,3,9,1823.52,United Kingdom,5,5,4,4,Champions,0
17706,4,17,10504.49,United Kingdom,5,5,5,5,Champions,0
17707,185,2,152.4,United Kingdom,1,3,1,2,Hibernating,3
17708,187,2,263.33,United Kingdom,1,3,2,2,Hibernating,3
17709,169,1,137.45,United Kingdom,2,2,1,2,Hibernating,3
17711,10,2,385.1,United Kingdom,5,3,2,2,New / Promising,1
17712,44,1,522.91,United Kingdom,3,2,3,2,Needs Attention,3
17714,320,1,153.0,United Kingdom,1,2,1,2,Hibernating,3
17715,200,1,326.4,United Kingdom,1,2,2,2,Hibernating,3
17716,22,11,5655.99,United Kingdom,4,5,5,5,Champions,0
17718,232,1,139.35,United Kingdom,1,2,1,2,Hibernating,3
17719,37,15,5396.04,United Kingdom,3,5,5,5,Loyal Customers,0
17720,26,4,1195.94,United Kingdom,4,4,4,4,Champions,2
17722,96,4,2424.04,United Kingdom,2,4,5,4,Can't Lose Them,2
17723,127,6,3276.4000000000005,United Kingdom,2,5,5,5,Can't Lose Them,2
17724,71,3,1033.0,United Kingdom,3,4,4,4,Loyal Customers,2
17725,16,11,3439.08,United Kingdom,4,5,5,5,Champions,0
17727,15,1,1060.25,United Kingdom,4,2,4,3,Loyal Customers,1
17728,3,3,2876.01,United Kingdom,5,4,5,4,Champions,0
17730,3,13,5298.4800000000005,United Kingdom,5,5,5,5,Champions,0
17731,79,4,1240.11,United Kingdom,2,4,4,4,Can't Lose Them,2
17732,372,1,303.97,United Kingdom,1,2,2,2,Hibernating,3
17733,38,2,692.19,United Kingdom,3,3,3,3,Loyal Customers,1
17734,53,3,700.63,United Kingdom,3,4,3,4,Loyal Customers,2
17735,2,19,13110.02,United Kingdom,5,5,5,5,Champions,0
17736,9,3,377.44,United Kingdom,5,4,2,3,Loyal Customers,1
17737,9,2,168.24,United Kingdom,5,3,1,2,New / Promising,1
17738,19,4,1879.05,United Kingdom,4,4,4,4,Champions,2
17739,11,7,2791.35,United Kingdom,5,5,5,5,Champions,0
17742,113,2,355.11,United Kingdom,2,3,2,2,Hibernating,3
17744,3,6,2322.4,United Kingdom,5,5,5,5,Champions,0
17746,240,1,110.25,United Kingdom,1,2,1,2,Hibernating,3
17747,112,1,71.4,United Kingdom,2,2,1,2,Hibernating,3
17749,178,2,674.52,United Kingdom,2,3,3,3,At Risk,3
17750,5,9,1694.16,United Kingdom,5,5,4,4,Champions,0
17752,359,1,80.64,United Kingdom,1,2,1,2,Hibernating,3
17754,0,5,1664.65,United Kingdom,5,4,4,4,Champions,0
17757,1,30,5589.4400000000005,United Kingdom,5,5,5,5,Champions,0
17758,19,8,3408.2000000000003,United Kingdom,4,5,5,5,Champions,0
17759,17,3,818.71,United Kingdom,4,4,3,4,Champions,1
17760,21,2,287.59,United Kingdom,4,3,2,2,New / Promising,1
17761,32,1,712.78,United Kingdom,4,2,3,2,New / Promising,1
17763,263,1,15.0,United Kingdom,1,2,1,2,Hibernating,3
17764,50,2,772.55,United Kingdom,3,3,3,3,Loyal Customers,2
17765,158,3,367.63,United Kingdom,2,4,2,3,At Risk,3
17767,15,1,271.2,United Kingdom,4,2,2,2,New / Promising,1
17768,8,3,2081.9,United Kingdom,5,4,5,4,Champions,1
17769,12,10,3957.43,United Kingdom,5,5,5,5,Champions,0
17770,198,5,1143.27,United Kingdom,1,4,4,4,Can't Lose Them,2
17771,56,2,245.33,United Kingdom,3,3,1,2,Needs Attention,3
17772,10,2,173.45,United Kingdom,5,3,1,2,New / Promising,1
17774,96,4,1213.73,United Kingdom,2,4,4,4,Can't Lose Them,2
17775,254,1,56.4,United Kingdom,1,2,1,2,Hibernating,3
17777,24,3,647.56,United Kingdom,4,4,3,4,Champions,1
17779,21,3,650.32,United Kingdom,4,4,3,4,Champions,1
17781,159,2,188.02,United Kingdom,2,3,1,2,Hibernating,3
17783,72,2,283.47,United Kingdom,2,3,2,2,Hibernating,3
17785,53,1,131.94,United Kingdom,3,2,1,2,Needs Attention,3
17786,85,2,266.85,United Kingdom,2,3,2,2,Hibernating,3
17787,152,4,1817.54,United Kingdom,2,4,4,4,Can't Lose Them,2
17788,73,2,1112.95,United Kingdom,2,3,4,4,Can't Lose Them,2
17789,281,1,225.9,United Kingdom,1,2,1,2,Hibernating,3
17790,26,14,1964.3,United Kingdom,4,5,4,4,Champions,0
17791,29,1,106.1,United Kingdom,4,2,1,2,New / Promising,3
17793,25,1,300.34,United Kingdom,4,2,2,2,New / Promising,1
17795,179,2,342.83,United Kingdom,2,3,2,2,Hibernating,3
17796,40,4,690.0,United Kingdom,3,4,3,4,Loyal Customers,2
17797,22,3,780.43,United Kingdom,4,4,3,4,Champions,1
17799,22,10,3039.17,United Kingdom,4,5,5,5,Champions,0
17800,37,9,1186.21,United Kingdom,3,5,4,4,Loyal Customers,2
17802,82,3,1285.04,United Kingdom,2,4,4,4,Can't Lose Them,2
17805,73,1,512.31,United Kingdom,2,2,3,2,Hibernating,3
17806,11,1,546.04,United Kingdom,5,2,3,2,New / Promising,1
17809,16,12,5411.91,United Kingdom,4,5,5,5,Champions,0
17811,4,39,7755.12,United Kingdom,5,5,5,5,Champions,0
17812,12,4,699.81,United Kingdom,5,4,3,4,Champions,1
17813,14,5,1698.07,United Kingdom,5,4,4,4,Champions,2
17816,36,4,36.56,United Kingdom,3,4,1,2,Needs Attention,3
17817,4,3,387.68,United Kingdom,5,4,2,3,Loyal Customers,1
17819,71,7,3704.87,United Kingdom,3,5,5,5,Loyal Customers,2
17824,51,1,298.4,United Kingdom,3,2,2,2,Needs Attention,3
17827,5,5,1987.33,United Kingdom,5,4,4,4,Champions,0
17828,22,4,1165.09,Malta,4,4,4,4,Champions,2
17829,298,1,889.24,United Arab Emirates,1,2,3,2,Hibernating,3
17830,1,3,398.7,United Kingdom,5,4,2,3,Loyal Customers,1
17831,33,1,35.400000000000006,United Kingdom,3,2,1,2,Needs Attention,3
17832,49,1,155.37,United Kingdom,3,2,1,2,Needs Attention,3
17835,2,3,342.24,United Kingdom,5,4,2,3,Loyal Customers,1
17836,47,1,109.83,United Kingdom,3,2,1,2,Needs Attention,3
17837,42,8,1535.33,United Kingdom,3,5,4,4,Loyal Customers,2
17838,26,5,2720.8,United Kingdom,4,4,5,4,Champions,2
17839,42,1,318.15,United Kingdom,3,2,2,2,Needs Attention,3
17841,1,124,40495.99,United Kingdom,5,5,5,5,Champions,0
17843,303,1,197.73,United Kingdom,1,2,1,2,Hibernating,3
17844,106,1,51.559999999999995,Canada,2,2,1,2,Hibernating,3
17848,81,9,901.1999999999999,United Kingdom,2,5,3,4,Can't Lose Them,2
17849,218,4,605.8000000000001,United Kingdom,1,4,3,4,Can't Lose Them,2
17850,372,34,5391.21,United Kingdom,1,5,5,5,Can't Lose Them,0
17852,11,2,114.34,United Kingdom,5,3,1,2,New / Promising,1
17854,185,2,311.26,United Kingdom,1,3,2,2,Hibernating,3
17855,372,1,208.97,United Kingdom,1,2,1,2,Hibernating,3
17856,1,4,1418.03,United Kingdom,5,4,4,4,Champions,0
17857,4,22,25301.54,United Kingdom,5,5,5,5,Champions,0
17858,5,12,5140.66,United Kingdom,5,5,5,5,Champions,0
17859,304,1,141.92000000000002,United Kingdom,1,2,1,2,Hibernating,3
17860,368,1,226.45000000000002,United Kingdom,1,2,1,2,Hibernating,3
17861,3,8,2097.88,United Kingdom,5,5,5,5,Champions,0
17862,323,1,330.9,United Kingdom,1,2,2,2,Hibernating,3
17863,59,6,3160.0,United Kingdom,3,5,5,5,Loyal Customers,2
17864,12,3,554.85,United Kingdom,5,4,3,4,Champions,1
17865,30,20,10524.220000000001,United Kingdom,4,5,5,5,Champions,0
17866,142,1,329.65,United Kingdom,2,2,2,2,Hibernating,3
17867,30,6,1157.8700000000001,United Kingdom,4,5,4,4,Champions,2
17869,107,5,428.18,United Kingdom,2,4,2,3,At Risk,2
17870,2,12,1865.89,United Kingdom,5,5,4,4,Champions,0
17871,204,1,155.9,United Kingdom,1,2,1,2,Hibernating,3
17873,80,5,1719.5800000000002,United Kingdom,2,4,4,4,Can't Lose Them,2
17874,185,6,683.46,United Kingdom,1,5,3,4,Can't Lose Them,2
17877,170,1,237.61,United Kingdom,2,2,1,2,Hibernating,3
17878,43,1,379.45,United Kingdom,3,2,2,2,Needs Attention,3
17879,173,1,178.51999999999998,United Kingdom,2,2,1,2,Hibernating,3
17880,364,1,458.92,United Kingdom,1,2,2,2,Hibernating,3
17881,304,1,133.35000000000002,United Kingdom,1,2,1,2,Hibernating,3
17883,3,4,664.34,United Kingdom,5,4,3,4,Champions,1
17884,3,4,695.0699999999999,United Kingdom,5,4,3,4,Champions,1
17885,12,1,156.34,United Kingdom,5,2,1,2,New / Promising,1
17886,31,3,869.28,United Kingdom,4,4,3,4,Champions,2
17887,129,1,111.35,United Kingdom,2,2,1,2,Hibernating,3
17888,21,8,716.0,United Kingdom,4,5,3,4,Champions,2
17889,212,2,201.37,United Kingdom,1,3,1,2,Hibernating,3
17890,322,2,586.89,United Kingdom,1,3,3,3,At Risk,3
17891,162,1,203.85999999999999,United Kingdom,2,2,1,2,Hibernating,3
17892,56,3,244.1,United Kingdom,3,4,1,2,Needs Attention,3
17893,225,1,107.21,United Kingdom,1,2,1,2,Hibernating,3
17894,71,8,1118.54,United Kingdom,3,5,4,4,Loyal Customers,2
17895,44,1,95.45,United Kingdom,3,2,1,2,Needs Attention,3
17896,23,1,256.32,United Kingdom,4,2,2,2,New / Promising,1
17897,172,3,541.8100000000001,United Kingdom,2,4,3,4,Can't Lose Them,3
17898,85,2,152.06,United Kingdom,2,3,1,2,Hibernating,3
17899,159,1,154.55,United Kingdom,2,2,1,2,Hibernating,3
17900,190,2,112.19999999999999,United Kingdom,1,3,1,2,Hibernating,3
17901,29,1,110.38,United Kingdom,4,2,1,2,New / Promising,3
17904,21,1,181.07,United Kingdom,4,2,1,2,New / Promising,1
17905,71,4,798.99,United Kingdom,3,4,3,4,Loyal Customers,2
17906,247,1,72.9,United Kingdom,1,2,1,2,Hibernating,3
17908,373,1,232.03,United Kingdom,1,2,1,2,Hibernating,3
17911,9,1,366.23,United Kingdom,5,2,2,2,New / Promising,1
17912,310,5,310.06,United Kingdom,1,4,2,3,At Risk,3
17913,58,2,408.65,United Kingdom,3,3,2,2,Needs Attention,3
17914,3,1,329.36,United Kingdom,5,2,2,2,New / Promising,1
17917,45,3,335.03,United Kingdom,3,4,2,3,Loyal Customers,1
17919,88,1,1304.04,United Kingdom,2,2,4,3,At Risk,3
17920,4,17,4107.6,United Kingdom,5,5,5,5,Champions,0
17921,64,4,820.23,United Kingdom,3,4,3,4,Loyal Customers,2
17923,282,1,207.50000000000003,United Kingdom,1,2,1,2,Hibernating,3
17924,11,7,2962.5,United Kingdom,5,5,5,5,Champions,0
17925,372,1,244.08,United Kingdom,1,2,1,2,Hibernating,3
17926,133,2,397.29,United Kingdom,2,3,2,2,Hibernating,3
17928,45,2,184.46,United Kingdom,3,3,1,2,Needs Attention,3
17929,11,4,843.0,United Kingdom,5,4,3,4,Champions,1
17930,35,5,1740.48,United Kingdom,3,4,4,4,Loyal Customers,2
17931,134,2,408.36,United Kingdom,2,3,2,2,Hibernating,3
17932,29,3,1331.57,United Kingdom,4,4,4,4,Champions,2
17934,51,2,704.25,United Kingdom,3,3,3,3,Loyal Customers,2
17935,138,2,142.89,United Kingdom,2,3,1,2,Hibernating,3
17936,5,1,380.13,United Kingdom,5,2,2,2,New / Promising,1
17937,8,7,4301.22,United Kingdom,5,5,5,5,Champions,0
17939,159,1,99.14,United Kingdom,2,2,1,2,Hibernating,3
17940,49,9,2152.1800000000003,United Kingdom,3,5,5,5,Loyal Customers,2
17941,130,1,304.56,United Kingdom,2,2,2,2,Hibernating,3
17942,7,1,77.50000000000001,United Kingdom,5,2,1,2,New / Promising,1
17946,233,2,149.57999999999998,United Kingdom,1,3,1,2,Hibernating,3
17947,37,1,176.68,United Kingdom,3,2,1,2,Needs Attention,3
17948,147,1,358.56000000000006,United Kingdom,2,2,2,2,Hibernating,3
17949,1,44,58030.48,United Kingdom,5,5,5,5,Champions,0
17950,72,3,482.2,United Kingdom,2,4,2,3,At Risk,2
17951,39,3,1008.5400000000001,United Kingdom,3,4,4,4,Loyal Customers,2
17954,5,12,2314.13,United Kingdom,5,5,5,5,Champions,0
17955,198,4,557.3,United Kingdom,1,4,3,4,Can't Lose Them,2
17956,249,1,12.75,United Kingdom,1,2,1,2,Hibernating,3
17957,66,1,110.72,United Kingdom,3,2,1,2,Needs Attention,3
17958,116,1,508.4599999999999,United Kingdom,2,2,3,2,Hibernating,3
17960,171,1,73.78,United Kingdom,2,2,1,2,Hibernating,3
17961,21,39,1296.44,United Kingdom,4,5,4,4,Champions,0
17962,142,1,102.41,United Kingdom,2,2,1,2,Hibernating,3
17964,31,2,463.21,United Kingdom,4,3,2,2,New / Promising,1
17965,37,14,2599.19,United Kingdom,3,5,5,5,Loyal Customers,0
17966,37,5,1098.43,United Kingdom,3,4,4,4,Loyal Customers,2
17967,371,1,112.27,United Kingdom,1,2,1,2,Hibernating,3
17968,373,1,265.1,United Kingdom,1,2,2,2,Hibernating,3
17969,166,2,228.2,United Kingdom,2,3,1,2,Hibernating,3
17970,211,1,562.79,United Kingdom,1,2,3,2,Hibernating,3
17972,241,1,135.19,United Kingdom,1,2,1,2,Hibernating,3
17973,51,1,337.04,United Kingdom,3,2,2,2,Needs Attention,3
17974,24,3,703.99,United Kingdom,4,4,3,4,Champions,1
17975,15,13,4479.96,United Kingdom,4,5,5,5,Champions,0
17976,372,1,321.79,United Kingdom,1,2,2,2,Hibernating,3
17977,29,1,288.14,United Kingdom,4,2,2,2,New / Promising,1
17978,365,1,300.91999999999996,United Kingdom,1,2,2,2,Hibernating,3
17979,35,4,729.01,United Kingdom,3,4,3,4,Loyal Customers,2
17980,165,3,811.45,United Kingdom,2,4,3,4,Can't Lose Them,2
17984,145,1,152.68,United Kingdom,2,2,1,2,Hibernating,3
17985,22,1,631.35,United Kingdom,4,2,3,2,New / Promising,1
17986,56,1,20.8,United Kingdom,3,2,1,2,Needs Attention,3
17987,185,1,198.57,United Kingdom,1,2,1,2,Hibernating,3
17988,11,7,201.12,United Kingdom,5,5,1,3,Loyal Customers,1
17990,236,3,630.84,United Kingdom,1,4,3,4,Can't Lose Them,3
17991,225,2,93.35,United Kingdom,1,3,1,2,Hibernating,3
17994,121,4,674.89,United Kingdom,2,4,3,4,Can't Lose Them,2
17995,281,1,76.1,United Kingdom,1,2,1,2,Hibernating,3
17997,74,8,1962.46,United Kingdom,2,5,4,4,Can't Lose Them,2
17999,37,2,380.39,United Kingdom,3,3,2,2,Needs Attention,1
18001,12,2,415.13,United Kingdom,5,3,2,2,New / Promising,1
18004,362,1,157.92,United Kingdom,1,2,1,2,Hibernating,3
18005,3,2,226.47,United Kingdom,5,3,1,2,New / Promising,1
18006,23,1,444.68,United Kingdom,4,2,2,2,New / Promising,1
18008,70,9,2116.19,United Kingdom,3,5,5,5,Loyal Customers,2
18009,235,1,247.39,United Kingdom,1,2,2,2,Hibernating,3
18010,256,1,174.8,United Kingdom,1,2,1,2,Hibernating,3
18011,373,1,102.78999999999999,United Kingdom,1,2,1,2,Hibernating,3
18013,155,2,187.29,United Kingdom,2,3,1,2,Hibernating,3
18014,28,1,154.27,United Kingdom,4,2,1,2,New / Promising,1
18015,4,1,120.03,United Kingdom,5,2,1,2,New / Promising,1
18016,32,5,1477.66,United Kingdom,4,4,4,4,Champions,2
18017,81,3,523.0,United Kingdom,2,4,3,4,Can't Lose Them,2
18018,108,2,122.14,United Kingdom,2,3,1,2,Hibernating,3
18019,51,1,38.45,United Kingdom,3,2,1,2,Needs Attention,3
18022,35,1,612.72,United Kingdom,3,2,3,2,Needs Attention,1
18024,152,2,389.78,United Kingdom,2,3,2,2,Hibernating,3
18027,98,1,115.31,United Kingdom,2,2,1,2,Hibernating,3
18030,4,2,230.64999999999998,United Kingdom,5,3,1,2,New / Promising,1
18032,334,1,73.5,United Kingdom,1,2,1,2,Hibernating,3
18033,65,1,93.82000000000001,United Kingdom,3,2,1,2,Needs Attention,3
18034,21,2,418.68,United Kingdom,4,3,2,2,New / Promising,1
18035,35,3,713.89,United Kingdom,3,4,3,4,Loyal Customers,2
18036,32,3,403.12,United Kingdom,4,4,2,3,Loyal Customers,1
18037,154,6,70.02,United Kingdom,2,5,1,3,At Risk,3
18040,19,2,357.20000000000005,United Kingdom,4,3,2,2,New / Promising,1
18041,11,21,4097.37,United Kingdom,5,5,5,5,Champions,0
18042,53,1,165.04999999999998,United Kingdom,3,2,1,2,Needs Attention,3
18043,24,3,529.29,United Kingdom,4,4,3,4,Champions,1
18044,4,10,2088.6,United Kingdom,5,5,5,5,Champions,0
18045,45,1,178.34,United Kingdom,3,2,1,2,Needs Attention,3
18048,203,2,172.29000000000002,United Kingdom,1,3,1,2,Hibernating,3
18050,359,1,74.4,United Kingdom,1,2,1,2,Hibernating,3
18053,70,1,300.02,United Kingdom,3,2,2,2,Needs Attention,3
18055,7,10,6761.34,United Kingdom,5,5,5,5,Champions,0
18056,288,1,363.65,United Kingdom,1,2,2,2,Hibernating,3
18058,9,1,170.16,United Kingdom,5,2,1,2,New / Promising,1
18059,23,3,306.46,United Kingdom,4,4,2,3,Loyal Customers,1
18061,21,10,2119.41,United Kingdom,4,5,5,5,Champions,0
18062,173,3,720.52,United Kingdom,2,4,3,4,Can't Lose Them,2
18064,133,2,814.0,United Kingdom,2,3,3,3,At Risk,3
18065,5,14,2392.83,United Kingdom,5,5,5,5,Champions,0
18066,75,1,318.0,United Kingdom,2,2,2,2,Hibernating,3
18067,40,1,396.33,United Kingdom,3,2,2,2,Needs Attention,1
18068,289,1,101.69999999999999,United Kingdom,1,2,1,2,Hibernating,3
18069,26,5,2009.24,United Kingdom,4,4,4,4,Champions,2
18071,257,2,453.0,United Kingdom,1,3,2,2,Hibernating,3
18072,185,1,247.44,United Kingdom,1,2,2,2,Hibernating,3
18073,114,12,3859.82,United Kingdom,2,5,5,5,Can't Lose Them,2
18074,373,1,489.6,United Kingdom,1,2,3,2,Hibernating,3
18075,23,10,2611.75,United Kingdom,4,5,5,5,Champions,0
18077,8,11,2584.41,United Kingdom,5,5,5,5,Champions,0
18078,217,2,336.13,United Kingdom,1,3,2,2,Hibernating,3
18079,45,4,3613.15,United Kingdom,3,4,5,4,Loyal Customers,2
18080,18,2,1231.5,United Kingdom,4,3,4,4,Champions,1
18081,36,3,343.45,United Kingdom,3,4,2,3,Loyal Customers,1
18082,25,1,680.84,United Kingdom,4,2,3,2,New / Promising,1
18084,16,1,90.47999999999999,United Kingdom,4,2,1,2,New / Promising,1
18085,330,2,689.95,United Kingdom,1,3,3,3,At Risk,3
18086,274,1,101.34,United Kingdom,1,2,1,2,Hibernating,3
18087,290,1,3202.9199999999996,United Kingdom,1,2,5,4,Can't Lose Them,2
18088,61,1,166.03,United Kingdom,3,2,1,2,Needs Attention,3
18092,2,11,9068.26,United Kingdom,5,5,5,5,Champions,0
18093,93,4,2106.52,United Kingdom,2,4,5,4,Can't Lose Them,2
18094,81,7,3017.3,United Kingdom,2,5,5,5,Can't Lose Them,2
18095,312,2,580.0500000000001,United Kingdom,1,3,3,3,At Risk,3
18096,11,3,849.06,United Kingdom,5,4,3,4,Champions,1
18097,7,6,2662.4,United Kingdom,5,5,5,5,Champions,0
18099,127,1,168.31,United Kingdom,2,2,1,2,Hibernating,3
18101,11,2,222.4,United Kingdom,5,3,1,2,New / Promising,1
18102,0,60,259657.3,United Kingdom,5,5,5,5,Champions,0
18104,37,1,754.64,United Kingdom,3,2,3,2,Needs Attention,1
18105,37,1,113.48000000000002,United Kingdom,3,2,1,2,Needs Attention,3
18106,329,1,421.9,United Kingdom,1,2,2,2,Hibernating,3
18108,254,1,271.0,United Kingdom,1,2,2,2,Hibernating,3
18109,1,26,8004.92,United Kingdom,5,5,5,5,Champions,0
18110,19,1,198.8,United Kingdom,4,2,1,2,New / Promising,1
18112,12,2,352.69,United Kingdom,5,3,2,2,New / Promising,1
18113,368,1,76.32000000000001,United Kingdom,1,2,1,2,Hibernating,3
18114,290,1,220.1,United Kingdom,1,2,1,2,Hibernating,3
18116,67,8,1399.51,United Kingdom,3,5,4,4,Loyal Customers,2
18117,25,1,314.4,United Kingdom,4,2,2,2,New / Promising,1
18118,10,26,5622.68,United Kingdom,5,5,5,5,Champions,0
18119,367,1,180.7,United Kingdom,1,2,1,2,Hibernating,3
18120,214,1,111.15,United Kingdom,1,2,1,2,Hibernating,3
18121,149,2,653.3,United Kingdom,2,3,3,3,At Risk,3
18122,8,6,1791.84,United Kingdom,5,5,4,4,Champions,0
18123,24,2,574.4399999999999,United Kingdom,4,3,3,3,Loyal Customers,1
18125,29,4,1131.75,United Kingdom,4,4,4,4,Champions,2
18126,60,1,198.58,United Kingdom,3,2,1,2,Needs Attention,3
18127,19,3,347.08,United Kingdom,4,4,2,3,Loyal Customers,1
18129,243,1,112.55000000000001,United Kingdom,1,2,1,2,Hibernating,3
18130,15,3,1059.39,United Kingdom,4,4,4,4,Champions,1
18133,212,1,931.4999999999999,United Kingdom,1,2,4,3,At Risk,3
18135,29,5,681.9100000000001,United Kingdom,4,4,3,4,Champions,2
18136,63,3,784.33,United Kingdom,3,4,3,4,Loyal Customers,2
18138,295,1,152.65,United Kingdom,1,2,1,2,Hibernating,3
18139,17,6,8438.34,United Kingdom,4,5,5,5,Champions,0
18142,157,2,1019.52,United Kingdom,2,3,4,4,Can't Lose Them,2
18143,116,2,1000.16,United Kingdom,2,3,4,4,Can't Lose Them,2
18144,7,12,2888.75,United Kingdom,5,5,5,5,Champions,0
18145,12,4,2861.55,United Kingdom,5,4,5,4,Champions,2
18146,140,2,160.35000000000002,United Kingdom,2,3,1,2,Hibernating,3
18147,45,2,179.33999999999997,United Kingdom,3,3,1,2,Needs Attention,3
18149,50,3,612.0799999999999,United Kingdom,3,4,3,4,Loyal Customers,2
18150,32,3,566.58,United Kingdom,4,4,3,4,Champions,1
18151,134,2,653.35,United Kingdom,2,3,3,3,At Risk,3
18154,3,2,399.19,United Kingdom,5,3,2,2,New / Promising,1
18155,75,3,371.62,United Kingdom,2,4,2,3,At Risk,3
18156,12,2,675.64,United Kingdom,5,3,3,3,Loyal Customers,1
18158,9,2,453.4,United Kingdom,5,3,2,2,New / Promising,1
18159,301,1,530.15,United Kingdom,1,2,3,2,Hibernating,3
18160,57,2,638.0600000000001,United Kingdom,3,3,3,3,Loyal Customers,2
18161,15,5,1618.69,United Kingdom,4,4,4,4,Champions,2
18164,37,1,399.65000000000003,United Kingdom,3,2,2,2,Needs Attention,1
18165,177,1,302.46000000000004,United Kingdom,2,2,2,2,Hibernating,3
18167,23,3,1384.8600000000001,United Kingdom,4,4,4,4,Champions,2
18168,176,6,1160.04,United Kingdom,2,5,4,4,Can't Lose Them,2
18169,60,1,202.65,United Kingdom,3,2,1,2,Needs Attention,3
18170,33,3,980.31,United Kingdom,3,4,4,4,Loyal Customers,2
18171,58,5,1231.31,United Kingdom,3,4,4,4,Loyal Customers,2
18172,14,20,7561.68,United Kingdom,5,5,5,5,Champions,0
18173,86,4,2106.84,United Kingdom,2,4,5,4,Can't Lose Them,2
18174,7,1,104.0,United Kingdom,5,2,1,2,New / Promising,1
18176,358,1,476.35,United Kingdom,1,2,2,2,Hibernating,3
18177,31,6,1340.8700000000001,United Kingdom,4,5,4,4,Champions,2
18178,128,4,1590.81,United Kingdom,2,4,4,4,Can't Lose Them,2
18179,9,6,1793.17,United Kingdom,5,5,4,4,Champions,0
18180,4,6,1843.75,United Kingdom,5,5,4,4,Champions,0
18181,24,1,366.85,United Kingdom,4,2,2,2,New / Promising,1
18183,227,2,632.07,United Kingdom,1,3,3,3,At Risk,3
18184,15,1,49.8,United Kingdom,4,2,1,2,New / Promising,1
18185,249,1,304.25,United Kingdom,1,2,2,2,Hibernating,3
18188,15,3,2001.04,United Kingdom,4,4,4,4,Champions,2
18189,77,2,1090.24,United Kingdom,2,3,4,4,Can't Lose Them,2
18190,192,2,284.46000000000004,United Kingdom,1,3,2,2,Hibernating,3
18191,261,1,207.79999999999998,United Kingdom,1,2,1,2,Hibernating,3
18192,71,1,957.97,United Kingdom,3,2,4,3,Loyal Customers,3
18193,165,1,243.76,United Kingdom,2,2,1,2,Hibernating,3
18194,82,1,973.8399999999999,United Kingdom,2,2,4,3,At Risk,3
18196,95,2,686.63,United Kingdom,2,3,3,3,At Risk,3
18198,4,17,5425.56,United Kingdom,5,5,5,5,Champions,0
18200,106,1,150.35,United Kingdom,2,2,1,2,Hibernating,3
18202,199,3,1396.99,United Kingdom,1,4,4,4,Can't Lose Them,2
18203,157,1,160.42000000000002,United Kingdom,2,2,1,2,Hibernating,3
18204,71,3,1975.35,United Kingdom,3,4,4,4,Loyal Customers,2
18205,36,2,517.36,United Kingdom,3,3,3,3,Loyal Customers,1
18209,28,1,139.10000000000002,United Kingdom,4,2,1,2,New / Promising,1
18210,1,6,2621.38,United Kingdom,5,5,5,5,Champions,0
18211,25,5,600.07,United Kingdom,4,4,3,4,Champions,2
18212,326,1,216.07,United Kingdom,1,2,1,2,Hibernating,3
18213,236,1,232.48000000000002,United Kingdom,1,2,1,2,Hibernating,3
18215,89,1,299.34000000000003,United Kingdom,2,2,2,2,Hibernating,3
18216,31,1,481.75,United Kingdom,4,2,2,2,New / Promising,1
18217,29,2,621.75,United Kingdom,4,3,3,3,Loyal Customers,1
18218,211,2,641.92,United Kingdom,1,3,3,3,At Risk,3
18219,2,10,2069.77,United Kingdom,5,5,5,5,Champions,0
18220,226,1,305.28000000000003,United Kingdom,1,2,2,2,Hibernating,3
18221,22,5,1041.61,United Kingdom,4,4,4,4,Champions,2
18222,92,1,443.0,United Kingdom,2,2,2,2,Hibernating,3
18223,4,14,6484.54,United Kingdom,5,5,5,5,Champions,0
18224,263,1,158.95000000000002,United Kingdom,1,2,1,2,Hibernating,3
18225,3,12,5504.96,United Kingdom,5,5,5,5,Champions,0
18226,44,11,5228.05,United Kingdom,3,5,5,5,Loyal Customers,0
18227,217,1,93.75,United Kingdom,1,2,1,2,Hibernating,3
18228,56,2,779.9,United Kingdom,3,3,3,3,Loyal Customers,2
18229,11,20,7276.900000000001,United Kingdom,5,5,5,5,Champions,0
18230,9,7,2810.2000000000003,United Kingdom,5,5,5,5,Champions,0
18231,192,5,2071.77,United Kingdom,1,4,5,4,Can't Lose Them,2
18232,81,4,592.97,United Kingdom,2,4,3,4,Can't Lose Them,2
18233,325,1,440.0,United Kingdom,1,2,2,2,Hibernating,3
18235,71,3,1796.48,United Kingdom,3,4,4,4,Loyal Customers,2
18236,29,6,882.24,United Kingdom,4,5,3,4,Champions,2
18237,2,5,987.1,United Kingdom,5,5,4,4,Champions,1
18239,218,5,1561.6100000000001,United Kingdom,1,5,4,4,Can't Lose Them,2
18240,46,1,422.58,United Kingdom,3,2,2,2,Needs Attention,3
18241,9,17,2073.09,United Kingdom,5,5,5,5,Champions,0
18242,72,4,2232.4900000000002,United Kingdom,2,4,5,4,Can't Lose Them,2
18245,7,7,2567.06,United Kingdom,5,5,5,5,Champions,0
18246,23,2,596.1,United Kingdom,4,3,3,3,Loyal Customers,1
18248,122,2,804.02,United Kingdom,2,3,3,3,At Risk,3
18249,17,1,95.34,United Kingdom,4,2,1,2,New / Promising,1
18250,310,1,349.27,United Kingdom,1,2,2,2,Hibernating,3
18251,87,1,4314.72,United Kingdom,2,2,5,4,Can't Lose Them,2
18252,50,2,518.27,United Kingdom,3,3,3,3,Loyal Customers,1
18255,89,1,103.3,United Kingdom,2,2,1,2,Hibernating,3
18257,39,8,2337.63,United Kingdom,3,5,5,5,Loyal Customers,2
18259,24,3,2338.6000000000004,United Kingdom,4,4,5,4,Champions,2
18260,172,6,2628.35,United Kingdom,2,5,5,5,Can't Lose Them,2
18261,43,2,324.24,United Kingdom,3,3,2,2,Needs Attention,1
18262,140,1,149.48,United Kingdom,2,2,1,2,Hibernating,3
18263,25,3,1213.1599999999999,United Kingdom,4,4,4,4,Champions,2
18265,72,2,801.51,United Kingdom,2,3,3,3,At Risk,2
18268,134,1,25.5,United Kingdom,2,2,1,2,Hibernating,3
18269,366,1,168.6,United Kingdom,1,2,1,2,Hibernating,3
18270,38,2,283.15,United Kingdom,3,3,2,2,Needs Attention,1
18272,2,6,3078.58,United Kingdom,5,5,5,5,Champions,0
18273,2,3,204.0,United Kingdom,5,4,1,2,New / Promising,1
18274,30,1,175.92,United Kingdom,4,2,1,2,New / Promising,1
18276,43,1,335.86,United Kingdom,3,2,2,2,Needs Attention,3
18277,58,1,110.38,United Kingdom,3,2,1,2,Needs Attention,3
18278,73,1,173.9,United Kingdom,2,2,1,2,Hibernating,3
18280,277,1,180.60000000000002,United Kingdom,1,2,1,2,Hibernating,3
18281,180,1,80.82,United Kingdom,1,2,1,2,Hibernating,3
18282,7,2,178.05,United Kingdom,5,3,1,2,New / Promising,1
18283,3,16,2039.58,United Kingdom,5,5,5,5,Champions,0
18287,42,3,1837.28,United Kingdom,3,4,4,4,Loyal Customers,2
