CustomerID,Segment,Recency,Frequency,Spend,churn_risk,action,priority
17391,At Risk,163,2,508.8,0.852,Win back,High
15098,Can't Lose Them,182,3,39916.5,0.844,Urgent win back,High
15649,At Risk,336,2,816.0,0.815,Win back,High
16766,Can't Lose Them,273,2,1145.6,0.81,Urgent win back,High
16692,Can't Lose Them,256,2,1126.0,0.805,Urgent win back,High
18087,Can't Lose Them,290,1,3202.92,0.804,Urgent win back,High
18133,At Risk,212,1,931.5,0.802,Win back,High
16716,At Risk,266,2,901.2,0.8,Win back,High
13135,At Risk,196,1,3096.0,0.793,Win back,High
12346,At Risk,325,1,77183.6,0.79,Win back,High
16754,At Risk,372,1,2002.4,0.787,Win back,High
17553,At Risk,129,1,1487.6,0.777,Win back,High
15100,At Risk,333,3,876.0,0.762,Win back,High
12424,At Risk,162,2,1760.96,0.754,Win back,High
14154,Can't Lose Them,239,2,1345.62,0.752,Urgent win back,High
13261,At Risk,268,2,944.1,0.748,Win back,High
16714,Can't Lose Them,317,2,1114.06,0.747,Urgent win back,High
16698,Can't Lose Them,226,2,1998.0,0.739,Urgent win back,High
14920,Can't Lose Them,212,2,977.77,0.735,Urgent win back,High
12967,At Risk,358,2,1660.9,0.727,Win back,High
17029,At Risk,110,2,716.0,0.722,Win back,High
12755,Can't Lose Them,280,2,3811.95,0.717,Urgent win back,High
14548,At Risk,150,2,652.8,0.715,Win back,High
16163,At Risk,232,2,856.6,0.702,Win back,High
15223,At Risk,225,2,755.75,0.693,Win back,High
15381,At Risk,213,2,596.85,0.693,Win back,High
14439,At Risk,319,1,2661.24,0.692,Win back,High
18095,At Risk,312,2,580.05,0.689,Win back,High
16986,Champions,29,2,1873.2,0.688,Reward & advocate,High
17353,Can't Lose Them,129,2,1740.0,0.685,Urgent win back,High
18194,At Risk,82,1,973.84,0.682,Win back,High
16152,At Risk,268,1,1829.04,0.679,Win back,High
14195,Can't Lose Them,201,2,1012.0,0.678,Urgent win back,High
14496,At Risk,311,2,538.81,0.675,Win back,High
17616,Can't Lose Them,173,3,571.2,0.673,Urgent win back,High
15653,At Risk,92,2,877.44,0.67,Win back,High
17788,Can't Lose Them,73,2,1112.95,0.67,Urgent win back,High
18121,At Risk,149,2,653.3,0.667,Win back,High
15700,At Risk,172,2,696.68,0.666,Win back,High
13929,At Risk,169,2,842.65,0.665,Win back,High
17409,At Risk,184,2,771.85,0.662,Win back,High
14855,At Risk,119,2,645.65,0.661,Win back,High
18085,At Risk,330,2,689.95,0.658,Win back,High
14377,At Risk,191,2,617.05,0.657,Win back,High
14009,At Risk,198,2,695.61,0.655,Win back,High
17044,Loyal Customers,25,1,948.48,0.655,Upsell & deepen,High
15195,Loyal Customers,2,1,3861.0,0.654,Upsell & deepen,High
14965,At Risk,96,2,596.09,0.653,Win back,High
13791,At Risk,127,2,1516.0,0.65,Win back,High
15045,At Risk,151,2,735.66,0.649,Win back,High
18064,At Risk,133,2,814.0,0.648,Win back,High
16997,Can't Lose Them,288,3,702.0,0.646,Urgent win back,High
14147,At Risk,78,2,483.4,0.646,Win back,High
16270,At Risk,353,1,1141.24,0.644,Win back,High
18080,Champions,18,2,1231.5,0.642,Reward & advocate,High
13564,At Risk,354,2,1174.03,0.642,Win back,High
18246,Loyal Customers,23,2,596.1,0.639,Upsell & deepen,High
15057,Can't Lose Them,275,2,1489.5,0.638,Urgent win back,High
16226,At Risk,203,3,255.12,0.637,Win back,High
13217,At Risk,122,3,533.98,0.637,Win back,High
17374,At Risk,218,2,495.77,0.636,Win back,High
12454,Loyal Customers,56,1,3528.34,0.635,Upsell & deepen,High
18142,Can't Lose Them,157,2,1019.52,0.634,Urgent win back,High
15759,At Risk,218,3,253.04,0.631,Win back,High
16281,Can't Lose Them,72,1,2062.06,0.625,Urgent win back,High
16902,At Risk,116,1,1706.88,0.625,Win back,High
14905,At Risk,157,2,616.15,0.623,Win back,High
16260,Loyal Customers,50,1,1035.45,0.623,Upsell & deepen,High
17597,Can't Lose Them,213,1,2044.37,0.621,Urgent win back,High
18218,At Risk,211,2,641.92,0.62,Win back,High
15648,At Risk,204,2,639.5,0.619,Win back,High
14220,At Risk,247,2,632.4,0.617,Win back,High
17354,Loyal Customers,50,1,1393.06,0.615,Upsell & deepen,High
16546,At Risk,290,2,787.15,0.614,Win back,High
16563,Loyal Customers,53,1,1077.74,0.613,Upsell & deepen,High
16998,At Risk,149,4,295.0,0.613,Win back,High
17919,At Risk,88,1,1304.04,0.613,Win back,High
14356,At Risk,79,2,701.23,0.613,Win back,High
18017,Can't Lose Them,81,3,523.0,0.612,Urgent win back,High
16109,At Risk,218,2,611.88,0.609,Win back,High
17630,At Risk,169,2,503.6,0.608,Win back,High
16838,At Risk,197,2,588.85,0.606,Win back,High
16230,At Risk,189,2,542.03,0.606,Win back,High
16268,Loyal Customers,71,2,667.65,0.604,Upsell & deepen,High
12590,At Risk,211,1,9341.26,0.604,Win back,High
18251,Can't Lose Them,87,1,4314.72,0.603,Urgent win back,High
15332,Can't Lose Them,366,4,1661.06,0.601,Urgent win back,High
15258,At Risk,168,2,623.16,0.6,Win back,High
18183,At Risk,227,2,632.07,0.596,Win back,High
15813,Can't Lose Them,207,2,1303.91,0.596,Urgent win back,High
14338,At Risk,161,2,588.22,0.595,Win back,High
15947,At Risk,82,1,1708.24,0.594,Win back,High
13933,At Risk,109,2,608.79,0.591,Win back,High
15030,Loyal Customers,71,2,518.28,0.589,Upsell & deepen,High
17704,At Risk,168,2,885.19,0.586,Win back,High
15246,At Risk,238,2,514.15,0.585,Win back,High
15749,Can't Lose Them,235,3,44534.3,0.584,Urgent win back,High
17312,Can't Lose Them,138,3,644.3,0.584,Urgent win back,High
13819,Can't Lose Them,301,3,1140.35,0.584,Urgent win back,High
17152,Can't Lose Them,194,3,1689.5,0.583,Urgent win back,High
15182,At Risk,154,2,622.85,0.582,Win back,High
12377,At Risk,315,2,1548.12,0.581,Win back,High
17197,Loyal Customers,29,1,1013.01,0.581,Upsell & deepen,High
16380,Loyal Customers,61,1,1743.15,0.577,Upsell & deepen,High
14891,At Risk,148,2,554.38,0.576,Win back,High
14882,Loyal Customers,26,2,589.7,0.576,Upsell & deepen,High
12857,At Risk,210,2,1106.4,0.575,Win back,High
17244,Loyal Customers,53,1,954.9,0.575,Upsell & deepen,High
15232,At Risk,113,2,612.06,0.574,Win back,High
16446,Champions,0,2,168472.5,0.573,Reward & advocate,High
17749,At Risk,178,2,674.52,0.573,Win back,High
18192,Loyal Customers,71,1,957.97,0.573,Upsell & deepen,High
14463,At Risk,98,3,529.62,0.572,Win back,High
15433,At Risk,213,2,533.3,0.572,Win back,High
17298,At Risk,101,2,498.42,0.57,Win back,High
16934,Loyal Customers,54,2,931.03,0.57,Upsell & deepen,High
15734,Can't Lose Them,114,2,1339.45,0.57,Urgent win back,High
14481,At Risk,164,2,636.51,0.57,Win back,High
17890,At Risk,322,2,586.89,0.569,Win back,High
14265,At Risk,109,2,530.18,0.568,Win back,High
16751,Loyal Customers,30,1,1764.72,0.567,Upsell & deepen,High
16532,Champions,17,3,6748.8,0.567,Reward & advocate,High
17313,Champions,31,1,2328.84,0.565,Reward & advocate,High
17414,Loyal Customers,43,2,778.0,0.565,Upsell & deepen,High
13848,Can't Lose Them,92,3,1255.0,0.565,Urgent win back,High
14645,At Risk,156,2,597.09,0.564,Win back,High
14628,At Risk,91,2,671.96,0.564,Win back,High
16449,At Risk,197,2,707.69,0.563,Win back,High
17695,At Risk,131,2,765.34,0.563,Win back,High
16723,At Risk,91,2,576.4,0.562,Win back,High
15071,Can't Lose Them,93,2,982.07,0.561,Urgent win back,High
17018,Loyal Customers,40,2,920.1,0.561,Upsell & deepen,High
16980,Can't Lose Them,255,2,1028.46,0.561,Urgent win back,High
14256,Can't Lose Them,260,2,969.06,0.558,Urgent win back,High
16927,Can't Lose Them,115,3,543.05,0.558,Urgent win back,High
15402,At Risk,148,2,626.35,0.557,Win back,High
17507,At Risk,261,2,605.58,0.554,Win back,High
14770,At Risk,232,2,876.42,0.554,Win back,High
14236,At Risk,80,2,490.86,0.553,Win back,High
15978,At Risk,77,1,1098.78,0.552,Win back,High
17505,Can't Lose Them,161,2,1145.84,0.551,Urgent win back,High
12752,At Risk,81,1,4366.78,0.551,Win back,High
15797,Can't Lose Them,113,3,2192.4,0.551,Urgent win back,High
16320,Can't Lose Them,172,2,1038.46,0.55,Urgent win back,High
15497,Champions,17,2,1262.2,0.548,Reward & advocate,High
14002,At Risk,134,2,529.73,0.548,Win back,High
12358,Loyal Customers,1,2,928.06,0.547,Upsell & deepen,High
17642,At Risk,119,2,712.29,0.547,Win back,High
14918,Can't Lose Them,115,2,1610.15,0.547,Urgent win back,High
15353,At Risk,254,2,770.12,0.546,Win back,High
14643,At Risk,170,2,693.81,0.546,Win back,High
14778,At Risk,127,2,730.86,0.545,Win back,High
16567,At Risk,194,2,865.6,0.544,Win back,High
17242,Can't Lose Them,108,2,1135.04,0.544,Urgent win back,High
12653,Can't Lose Them,148,2,2209.85,0.543,Urgent win back,High
16378,At Risk,247,3,362.95,0.542,Win back,High
15384,At Risk,169,2,642.41,0.542,Win back,High
14442,Can't Lose Them,204,2,1589.82,0.542,Urgent win back,High
14323,At Risk,114,2,605.06,0.541,Win back,High
14817,Can't Lose Them,200,2,1110.34,0.541,Urgent win back,High
14672,At Risk,234,2,765.55,0.54,Win back,High
16644,At Risk,177,2,833.78,0.54,Win back,High
15364,At Risk,95,2,913.19,0.539,Win back,High
17615,At Risk,130,3,329.6,0.538,Win back,High
14625,At Risk,196,2,899.63,0.537,Win back,High
18248,At Risk,122,2,804.02,0.536,Win back,High
15985,Can't Lose Them,123,2,1142.42,0.536,Urgent win back,High
18151,At Risk,134,2,653.35,0.536,Win back,High
13952,Can't Lose Them,217,2,3251.07,0.536,Urgent win back,High
15636,At Risk,89,2,724.76,0.535,Win back,High
17037,At Risk,87,1,1267.32,0.535,Win back,High
13814,At Risk,92,2,1579.12,0.534,Win back,High
16943,Can't Lose Them,211,3,816.73,0.533,Urgent win back,High
17277,Can't Lose Them,227,2,1065.35,0.533,Urgent win back,High
17540,Loyal Customers,24,2,578.9,0.533,Upsell & deepen,High
16083,Can't Lose Them,100,2,1317.62,0.532,Urgent win back,High
13476,At Risk,178,2,1238.47,0.531,Win back,High
18143,Can't Lose Them,116,2,1000.16,0.53,Urgent win back,High
13029,Champions,30,3,1247.5,0.528,Reward & advocate,High
16174,Can't Lose Them,126,3,1009.55,0.527,Urgent win back,High
17955,Can't Lose Them,198,4,557.3,0.527,Urgent win back,High
17934,Loyal Customers,51,2,704.25,0.526,Upsell & deepen,High
16034,At Risk,196,3,437.7,0.524,Win back,High
17235,Loyal Customers,25,2,550.06,0.524,Upsell & deepen,High
13805,Loyal Customers,52,2,924.6,0.524,Upsell & deepen,High
16101,Loyal Customers,70,1,1290.7,0.523,Upsell & deepen,High
17500,Champions,17,3,1138.0,0.523,Reward & advocate,High
13253,At Risk,156,2,1030.4,0.523,Win back,High
17674,At Risk,74,2,551.04,0.522,Win back,High
14681,Loyal Customers,71,3,498.95,0.522,Upsell & deepen,High
12516,At Risk,77,2,1186.06,0.521,Win back,High
14045,Can't Lose Them,109,4,1659.75,0.52,Urgent win back,High
16309,At Risk,106,2,706.57,0.52,Win back,High
15104,Can't Lose Them,196,2,993.54,0.519,Urgent win back,High
17462,Loyal Customers,60,2,675.69,0.519,Upsell & deepen,High
14644,Loyal Customers,67,2,830.76,0.516,Upsell & deepen,High
16872,Can't Lose Them,77,3,680.02,0.516,Urgent win back,High
12688,At Risk,113,1,4873.81,0.516,Win back,High
16473,At Risk,164,3,316.11,0.514,Win back,High
17268,Can't Lose Them,107,4,763.64,0.514,Urgent win back,High
14875,Can't Lose Them,107,2,1465.32,0.513,Urgent win back,High
14081,At Risk,302,2,921.62,0.513,Win back,High
14245,Can't Lose Them,219,2,1693.45,0.513,Urgent win back,High
12585,At Risk,234,2,1824.1,0.512,Win back,High
17329,Loyal Customers,14,2,523.11,0.512,Upsell & deepen,High
14164,Loyal Customers,70,2,1631.77,0.512,Upsell & deepen,High
14150,Loyal Customers,35,2,658.64,0.511,Upsell & deepen,High
14021,At Risk,155,3,631.9,0.511,Win back,High
17550,At Risk,197,3,267.16,0.511,Win back,High
12625,Can't Lose Them,211,2,2413.82,0.51,Urgent win back,High
16696,Can't Lose Them,135,4,657.9,0.51,Urgent win back,High
17025,Loyal Customers,60,3,357.77,0.509,Upsell & deepen,High
15829,At Risk,99,2,636.14,0.508,Win back,High
15469,Loyal Customers,50,2,538.55,0.508,Upsell & deepen,High
15822,Loyal Customers,3,2,885.47,0.508,Upsell & deepen,High
12845,At Risk,267,4,354.09,0.508,Win back,High
17658,Loyal Customers,25,2,595.42,0.507,Upsell & deepen,High
16859,At Risk,144,2,747.81,0.507,Win back,High
16671,Champions,28,3,1692.27,0.507,Reward & advocate,High
16863,Loyal Customers,31,2,502.8,0.507,Upsell & deepen,High
18228,Loyal Customers,56,2,779.9,0.505,Upsell & deepen,High
12378,At Risk,129,1,4008.62,0.505,Win back,High
17045,At Risk,113,3,339.44,0.505,Win back,High
14636,Loyal Customers,36,2,609.85,0.504,Upsell & deepen,High
16584,Can't Lose Them,80,2,936.08,0.503,Urgent win back,High
14421,Loyal Customers,57,2,813.11,0.502,Upsell & deepen,High
17990,Can't Lose Them,236,3,630.84,0.502,Urgent win back,High
16384,At Risk,89,2,584.5,0.501,Win back,High
16037,Can't Lose Them,269,3,855.02,0.501,Urgent win back,High
13655,At Risk,114,2,932.97,0.501,Win back,High
14828,Can't Lose Them,196,3,2139.76,0.5,Urgent win back,High
15510,Hibernating,330,1,250.0,0.87,Low-cost reactivation,Medium
15422,Hibernating,323,2,97.7,0.869,Low-cost reactivation,Medium
17991,Hibernating,225,2,93.35,0.868,Low-cost reactivation,Medium
13452,Hibernating,259,2,590.0,0.868,Low-cost reactivation,Medium
18233,Hibernating,325,1,440.0,0.868,Low-cost reactivation,Medium
16048,Hibernating,373,2,256.44,0.86,Low-cost reactivation,Medium
13747,Hibernating,373,1,79.6,0.857,Low-cost reactivation,Medium
18068,Hibernating,289,1,101.7,0.856,Low-cost reactivation,Medium
17102,Hibernating,261,1,25.5,0.855,Low-cost reactivation,Medium
15940,Hibernating,311,1,35.8,0.855,Low-cost reactivation,Medium
17956,Hibernating,249,1,12.75,0.855,Low-cost reactivation,Medium
16765,Hibernating,294,1,34.0,0.854,Low-cost reactivation,Medium
13703,Hibernating,318,1,99.5,0.853,Low-cost reactivation,Medium
17900,Hibernating,190,2,112.2,0.851,Low-cost reactivation,Medium
13391,Hibernating,203,1,59.8,0.849,Low-cost reactivation,Medium
14576,Hibernating,372,1,35.4,0.849,Low-cost reactivation,Medium
16144,Hibernating,246,1,175.2,0.846,Low-cost reactivation,Medium
16738,Hibernating,297,1,3.75,0.846,Low-cost reactivation,Medium
13185,Hibernating,267,1,71.4,0.846,Low-cost reactivation,Medium
16078,Hibernating,283,1,79.2,0.845,Low-cost reactivation,Medium
15070,Hibernating,372,1,106.2,0.844,Low-cost reactivation,Medium
16792,Hibernating,282,2,110.38,0.843,Low-cost reactivation,Medium
15562,Hibernating,351,1,134.55,0.843,Low-cost reactivation,Medium
13302,Hibernating,155,1,63.75,0.842,Low-cost reactivation,Medium
18268,Hibernating,134,1,25.5,0.842,Low-cost reactivation,Medium
17291,Hibernating,308,1,550.8,0.842,Low-cost reactivation,Medium
17925,Hibernating,372,1,244.08,0.841,Low-cost reactivation,Medium
12791,Hibernating,373,1,177.6,0.84,Low-cost reactivation,Medium
13120,Hibernating,238,1,30.6,0.839,Low-cost reactivation,Medium
18048,Hibernating,203,2,172.29,0.839,Low-cost reactivation,Medium
17923,Hibernating,282,1,207.5,0.838,Low-cost reactivation,Medium
17763,Hibernating,263,1,15.0,0.838,Low-cost reactivation,Medium
16073,Hibernating,297,1,122.4,0.837,Low-cost reactivation,Medium
16162,Hibernating,252,1,37.4,0.836,Low-cost reactivation,Medium
14185,Hibernating,331,1,197.65,0.836,Low-cost reactivation,Medium
16257,Hibernating,176,1,46.95,0.835,Low-cost reactivation,Medium
13270,Hibernating,366,1,590.0,0.835,Low-cost reactivation,Medium
18113,Hibernating,368,1,76.32,0.835,Low-cost reactivation,Medium
14351,Hibernating,164,1,51.0,0.834,Low-cost reactivation,Medium
16344,Hibernating,158,1,101.1,0.833,Low-cost reactivation,Medium
15316,Hibernating,326,1,165.0,0.833,Low-cost reactivation,Medium
14090,Hibernating,324,1,76.32,0.832,Low-cost reactivation,Medium
17331,Hibernating,123,1,175.2,0.832,Low-cost reactivation,Medium
14589,Hibernating,371,1,39.75,0.831,Low-cost reactivation,Medium
13307,Hibernating,120,1,15.0,0.831,Low-cost reactivation,Medium
16323,Hibernating,196,1,207.5,0.83,Low-cost reactivation,Medium
16148,Hibernating,296,1,76.32,0.83,Low-cost reactivation,Medium
14821,Hibernating,366,1,48.8,0.83,Low-cost reactivation,Medium
17408,Hibernating,163,1,32.65,0.828,Low-cost reactivation,Medium
17747,Hibernating,112,1,71.4,0.828,Low-cost reactivation,Medium
13106,Hibernating,133,1,76.5,0.828,Low-cost reactivation,Medium
15945,Hibernating,365,1,181.0,0.827,Low-cost reactivation,Medium
14813,Hibernating,369,2,152.88,0.824,Low-cost reactivation,Medium
16990,Hibernating,218,1,179.0,0.824,Low-cost reactivation,Medium
12665,Hibernating,324,1,45.0,0.824,Low-cost reactivation,Medium
17752,Hibernating,359,1,80.64,0.823,Low-cost reactivation,Medium
13011,Hibernating,372,1,50.55,0.823,Low-cost reactivation,Medium
13841,Hibernating,252,1,85.0,0.823,Low-cost reactivation,Medium
15869,Hibernating,277,2,149.64,0.823,Low-cost reactivation,Medium
15668,Hibernating,217,1,76.32,0.823,Low-cost reactivation,Medium
15753,Hibernating,304,1,79.2,0.823,Low-cost reactivation,Medium
14199,Hibernating,218,1,185.4,0.822,Low-cost reactivation,Medium
14705,Hibernating,198,1,179.0,0.822,Low-cost reactivation,Medium
13711,Hibernating,218,2,252.06,0.822,Low-cost reactivation,Medium
16429,Hibernating,106,1,284.55,0.821,Low-cost reactivation,Medium
13144,Hibernating,332,1,110.95,0.82,Low-cost reactivation,Medium
16679,Hibernating,366,1,129.75,0.819,Low-cost reactivation,Medium
14816,Hibernating,197,1,271.85,0.819,Low-cost reactivation,Medium
12401,Hibernating,303,1,69.3,0.818,Low-cost reactivation,Medium
15313,Hibernating,110,1,52.0,0.817,Low-cost reactivation,Medium
14148,Hibernating,233,1,157.2,0.817,Low-cost reactivation,Medium
17536,Hibernating,177,1,76.5,0.817,Low-cost reactivation,Medium
17443,Hibernating,219,1,534.24,0.816,Low-cost reactivation,Medium
16565,Hibernating,364,1,173.7,0.816,Low-cost reactivation,Medium
16976,Hibernating,267,1,251.52,0.815,Low-cost reactivation,Medium
12814,Hibernating,101,1,85.92,0.815,Low-cost reactivation,Medium
15442,Hibernating,248,1,594.0,0.815,Low-cost reactivation,Medium
17948,Hibernating,147,1,358.56,0.815,Low-cost reactivation,Medium
13551,Hibernating,319,1,91.8,0.815,Low-cost reactivation,Medium
13948,Hibernating,360,1,102.0,0.814,Low-cost reactivation,Medium
16405,Hibernating,302,2,167.25,0.813,Low-cost reactivation,Medium
13132,Hibernating,261,1,77.3,0.813,Low-cost reactivation,Medium
15691,Hibernating,252,1,136.8,0.813,Low-cost reactivation,Medium
12410,Hibernating,308,2,533.33,0.813,Low-cost reactivation,Medium
16093,Hibernating,106,1,17.0,0.812,Low-cost reactivation,Medium
14373,Hibernating,358,1,76.55,0.812,Low-cost reactivation,Medium
12855,Hibernating,372,1,38.1,0.812,Low-cost reactivation,Medium
13682,Hibernating,187,1,59.5,0.811,Low-cost reactivation,Medium
12817,Hibernating,281,1,126.04,0.81,Low-cost reactivation,Medium
17715,Hibernating,200,1,326.4,0.81,Low-cost reactivation,Medium
15389,Hibernating,172,1,500.0,0.808,Low-cost reactivation,Medium
17995,Hibernating,281,1,76.1,0.804,Low-cost reactivation,Medium
15221,Hibernating,366,1,403.25,0.804,Low-cost reactivation,Medium
15178,Hibernating,260,1,40.5,0.804,Low-cost reactivation,Medium
14603,Hibernating,274,1,660.0,0.803,Low-cost reactivation,Medium
16319,Hibernating,217,1,404.4,0.803,Low-cost reactivation,Medium
15695,Hibernating,266,2,409.98,0.803,Low-cost reactivation,Medium
15049,Hibernating,273,1,121.17,0.803,Low-cost reactivation,Medium
13967,Hibernating,145,1,80.7,0.803,Low-cost reactivation,Medium
14682,Hibernating,187,2,52.0,0.802,Low-cost reactivation,Medium
12353,Hibernating,204,1,89.0,0.802,Low-cost reactivation,Medium
14570,Hibernating,280,2,217.21,0.802,Low-cost reactivation,Medium
17501,Hibernating,220,2,288.6,0.801,Low-cost reactivation,Medium
15899,Hibernating,368,1,56.25,0.801,Low-cost reactivation,Medium
14371,Hibernating,295,1,100.5,0.801,Low-cost reactivation,Medium
12736,Hibernating,332,1,144.0,0.801,Low-cost reactivation,Medium
16498,Hibernating,161,2,100.97,0.8,Low-cost reactivation,Medium
16387,Hibernating,322,1,94.36,0.799,Low-cost reactivation,Medium
15973,Hibernating,366,1,307.82,0.799,Low-cost reactivation,Medium
12917,Hibernating,128,1,594.0,0.799,Low-cost reactivation,Medium
15424,Hibernating,254,2,383.34,0.799,Low-cost reactivation,Medium
12734,Hibernating,352,1,110.4,0.799,Low-cost reactivation,Medium
15266,Hibernating,338,1,119.3,0.798,Low-cost reactivation,Medium
16659,Hibernating,189,1,39.12,0.798,Low-cost reactivation,Medium
18220,Hibernating,226,1,305.28,0.798,Low-cost reactivation,Medium
15160,Hibernating,357,1,158.16,0.797,Low-cost reactivation,Medium
14840,Hibernating,267,1,62.85,0.797,Low-cost reactivation,Medium
16454,Needs Attention,64,1,5.9,0.794,Re-engage,Medium
14393,Hibernating,218,1,67.95,0.794,Low-cost reactivation,Medium
17775,Hibernating,254,1,56.4,0.794,Low-cost reactivation,Medium
15350,Hibernating,373,1,115.65,0.794,Low-cost reactivation,Medium
13299,Hibernating,268,1,142.5,0.794,Low-cost reactivation,Medium
14423,Hibernating,218,1,265.2,0.794,Low-cost reactivation,Medium
16545,Hibernating,164,1,339.3,0.794,Low-cost reactivation,Medium
13130,Hibernating,94,1,64.0,0.794,Low-cost reactivation,Medium
18050,Hibernating,359,1,74.4,0.793,Low-cost reactivation,Medium
13099,Hibernating,99,1,207.36,0.793,Low-cost reactivation,Medium
13194,Hibernating,135,1,60.7,0.792,Low-cost reactivation,Medium
12873,Hibernating,282,1,374.0,0.791,Low-cost reactivation,Medium
15397,Hibernating,289,1,94.0,0.791,Low-cost reactivation,Medium
18032,Hibernating,334,1,73.5,0.791,Low-cost reactivation,Medium
14457,Hibernating,310,1,113.64,0.791,Low-cost reactivation,Medium
15524,New / Promising,24,1,440.0,0.791,Onboard,Medium
15395,Hibernating,325,1,107.45,0.791,Low-cost reactivation,Medium
12881,Hibernating,275,1,298.0,0.79,Low-cost reactivation,Medium
18227,Hibernating,217,1,93.75,0.79,Low-cost reactivation,Medium
15897,Hibernating,194,2,208.59,0.79,Low-cost reactivation,Medium
14760,Hibernating,297,1,89.2,0.79,Low-cost reactivation,Medium
15180,Hibernating,367,1,87.5,0.789,Low-cost reactivation,Medium
15224,Hibernating,358,2,322.08,0.789,Low-cost reactivation,Medium
14962,Hibernating,270,1,126.7,0.788,Low-cost reactivation,Medium
14542,Hibernating,185,1,103.25,0.788,Low-cost reactivation,Medium
14697,Hibernating,218,2,188.61,0.788,Low-cost reactivation,Medium
16623,Hibernating,245,1,129.45,0.788,Low-cost reactivation,Medium
14155,Hibernating,266,1,118.75,0.788,Low-cost reactivation,Medium
14437,Hibernating,365,1,63.0,0.788,Low-cost reactivation,Medium
17174,Hibernating,217,1,59.9,0.787,Low-cost reactivation,Medium
15212,Hibernating,241,1,101.8,0.787,Low-cost reactivation,Medium
15083,Hibernating,256,1,88.2,0.787,Low-cost reactivation,Medium
15063,Hibernating,213,1,370.8,0.786,Low-cost reactivation,Medium
15944,Hibernating,276,1,325.1,0.786,Low-cost reactivation,Medium
12509,Hibernating,284,1,158.5,0.786,Low-cost reactivation,Medium
15042,Hibernating,199,1,135.93,0.786,Low-cost reactivation,Medium
15703,Hibernating,264,1,211.5,0.786,Low-cost reactivation,Medium
17941,Hibernating,130,1,304.56,0.785,Low-cost reactivation,Medium
15729,Hibernating,212,1,85.0,0.785,Low-cost reactivation,Medium
15347,Hibernating,366,1,201.6,0.785,Low-cost reactivation,Medium
15488,Hibernating,92,1,91.32,0.785,Low-cost reactivation,Medium
13807,Hibernating,367,1,112.6,0.784,Low-cost reactivation,Medium
15171,Hibernating,331,1,1289.5,0.784,Low-cost reactivation,Medium
12548,Hibernating,166,1,67.2,0.784,Low-cost reactivation,Medium
15445,Hibernating,264,1,113.5,0.783,Low-cost reactivation,Medium
17212,Hibernating,253,1,226.85,0.783,Low-cost reactivation,Medium
14117,Hibernating,143,1,90.0,0.782,Low-cost reactivation,Medium
17746,Hibernating,240,1,110.25,0.782,Low-cost reactivation,Medium
15257,Hibernating,283,1,317.15,0.781,Low-cost reactivation,Medium
17986,Needs Attention,56,1,20.8,0.781,Re-engage,Medium
14795,Hibernating,166,1,131.45,0.781,Low-cost reactivation,Medium
15118,Hibernating,134,1,244.8,0.781,Low-cost reactivation,Medium
16349,Hibernating,290,1,53.5,0.78,Low-cost reactivation,Medium
17524,Hibernating,361,1,145.0,0.78,Low-cost reactivation,Medium
17548,Hibernating,233,1,103.3,0.779,Low-cost reactivation,Medium
12789,Needs Attention,65,1,76.85,0.779,Re-engage,Medium
13723,Hibernating,217,1,199.85,0.779,Low-cost reactivation,Medium
12686,Hibernating,371,1,71.14,0.779,Low-cost reactivation,Medium
16658,Hibernating,368,1,123.24,0.778,Low-cost reactivation,Medium
16499,Hibernating,360,2,365.45,0.778,Low-cost reactivation,Medium
15843,Hibernating,303,1,118.95,0.778,Low-cost reactivation,Medium
13493,Hibernating,275,2,498.63,0.778,Low-cost reactivation,Medium
13161,Hibernating,313,1,112.75,0.777,Low-cost reactivation,Medium
14368,Hibernating,319,1,155.0,0.777,Low-cost reactivation,Medium
18269,Hibernating,366,1,168.6,0.777,Low-cost reactivation,Medium
17881,Hibernating,304,1,133.35,0.776,Low-cost reactivation,Medium
16617,Hibernating,235,1,151.85,0.776,Low-cost reactivation,Medium
15374,Hibernating,128,1,168.0,0.776,Low-cost reactivation,Medium
17325,Hibernating,280,1,96.8,0.776,Low-cost reactivation,Medium
14237,Hibernating,373,1,161.0,0.776,Low-cost reactivation,Medium
14782,Hibernating,319,1,200.1,0.776,Low-cost reactivation,Medium
17709,Hibernating,169,1,137.45,0.775,Low-cost reactivation,Medium
14066,Hibernating,266,1,152.55,0.775,Low-cost reactivation,Medium
14386,Hibernating,296,1,142.4,0.775,Low-cost reactivation,Medium
14792,Needs Attention,63,1,6.2,0.775,Re-engage,Medium
18138,Hibernating,295,1,152.65,0.774,Low-cost reactivation,Medium
12929,Hibernating,311,1,117.85,0.774,Low-cost reactivation,Medium
14693,Hibernating,264,1,172.9,0.774,Low-cost reactivation,Medium
13672,Hibernating,301,2,186.39,0.774,Low-cost reactivation,Medium
13922,Hibernating,351,1,172.25,0.773,Low-cost reactivation,Medium
16055,Hibernating,220,1,134.8,0.773,Low-cost reactivation,Medium
16227,Hibernating,225,1,314.22,0.773,Low-cost reactivation,Medium
16752,Hibernating,372,1,207.5,0.773,Low-cost reactivation,Medium
17639,Hibernating,276,1,108.5,0.772,Low-cost reactivation,Medium
15661,Hibernating,317,2,309.8,0.772,Low-cost reactivation,Medium
13059,Hibernating,249,1,183.4,0.772,Low-cost reactivation,Medium
15222,Hibernating,318,1,585.0,0.772,Low-cost reactivation,Medium
17394,Hibernating,219,1,203.87,0.772,Low-cost reactivation,Medium
14340,Hibernating,218,1,134.7,0.772,Low-cost reactivation,Medium
13484,Hibernating,241,1,313.8,0.772,Low-cost reactivation,Medium
13002,Hibernating,318,1,120.95,0.772,Low-cost reactivation,Medium
13786,Hibernating,367,1,230.4,0.771,Low-cost reactivation,Medium
18024,Hibernating,152,2,389.78,0.771,Low-cost reactivation,Medium
17879,Hibernating,173,1,178.52,0.771,Low-cost reactivation,Medium
17525,Hibernating,359,1,422.7,0.771,Low-cost reactivation,Medium
17060,Hibernating,266,1,234.24,0.771,Low-cost reactivation,Medium
14890,Hibernating,253,1,125.65,0.771,Low-cost reactivation,Medium
17079,Hibernating,78,1,118.8,0.771,Low-cost reactivation,Medium
16424,Hibernating,191,1,133.56,0.77,Low-cost reactivation,Medium
13072,Hibernating,266,1,177.15,0.77,Low-cost reactivation,Medium
15216,Hibernating,87,1,96.6,0.77,Low-cost reactivation,Medium
12864,Hibernating,138,1,147.12,0.77,Low-cost reactivation,Medium
13809,Hibernating,305,1,155.05,0.77,Low-cost reactivation,Medium
16858,Hibernating,368,1,375.69,0.769,Low-cost reactivation,Medium
16757,Hibernating,318,1,106.83,0.769,Low-cost reactivation,Medium
15705,Hibernating,201,1,143.1,0.769,Low-cost reactivation,Medium
17643,Hibernating,373,1,101.55,0.769,Low-cost reactivation,Medium
12974,Hibernating,197,1,144.8,0.769,Low-cost reactivation,Medium
17718,Hibernating,232,1,139.35,0.769,Low-cost reactivation,Medium
13216,Hibernating,267,1,333.74,0.769,Low-cost reactivation,Medium
15709,Hibernating,283,1,133.25,0.769,Low-cost reactivation,Medium
17578,Hibernating,218,1,143.46,0.768,Low-cost reactivation,Medium
17347,Hibernating,86,1,228.96,0.768,Low-cost reactivation,Medium
16665,Hibernating,362,1,135.4,0.768,Low-cost reactivation,Medium
14248,Hibernating,318,1,302.58,0.767,Low-cost reactivation,Medium
14353,Hibernating,215,1,90.6,0.767,Low-cost reactivation,Medium
15226,Hibernating,310,1,154.41,0.767,Low-cost reactivation,Medium
13581,Hibernating,309,1,118.0,0.767,Low-cost reactivation,Medium
17217,Hibernating,234,1,113.5,0.767,Low-cost reactivation,Medium
16963,Hibernating,187,1,110.55,0.767,Low-cost reactivation,Medium
12574,Hibernating,315,1,182.45,0.766,Low-cost reactivation,Medium
16610,Hibernating,219,1,75.66,0.766,Low-cost reactivation,Medium
12821,Hibernating,214,1,92.72,0.766,Low-cost reactivation,Medium
16952,Hibernating,109,2,167.61,0.766,Low-cost reactivation,Medium
16351,Hibernating,332,1,153.9,0.766,Low-cost reactivation,Medium
12651,Hibernating,334,1,114.0,0.765,Low-cost reactivation,Medium
15717,Hibernating,234,1,150.3,0.765,Low-cost reactivation,Medium
12672,Hibernating,329,1,225.9,0.765,Low-cost reactivation,Medium
14259,Hibernating,141,1,120.0,0.765,Low-cost reactivation,Medium
16586,Hibernating,248,1,463.95,0.765,Low-cost reactivation,Medium
16953,New / Promising,30,1,20.8,0.765,Onboard,Medium
15775,Hibernating,245,1,104.9,0.764,Low-cost reactivation,Medium
17556,Hibernating,205,1,157.9,0.764,Low-cost reactivation,Medium
17496,Hibernating,358,1,271.05,0.763,Low-cost reactivation,Medium
17334,Hibernating,302,2,307.02,0.763,Low-cost reactivation,Medium
12565,Hibernating,288,1,145.92,0.763,Low-cost reactivation,Medium
15361,Hibernating,361,1,418.92,0.762,Low-cost reactivation,Medium
16468,Hibernating,74,1,74.9,0.762,Low-cost reactivation,Medium
12361,Hibernating,287,1,174.9,0.762,Low-cost reactivation,Medium
16849,Hibernating,186,1,124.57,0.762,Low-cost reactivation,Medium
17427,Needs Attention,71,1,100.8,0.762,Re-engage,Medium
16124,Hibernating,317,1,249.0,0.762,Low-cost reactivation,Medium
14238,Hibernating,326,1,146.85,0.762,Low-cost reactivation,Medium
12551,Hibernating,357,1,168.0,0.762,Low-cost reactivation,Medium
15230,Hibernating,239,2,429.6,0.761,Low-cost reactivation,Medium
18280,Hibernating,277,1,180.6,0.761,Low-cost reactivation,Medium
12402,Hibernating,323,1,195.6,0.761,Low-cost reactivation,Medium
16913,Hibernating,290,1,113.44,0.761,Low-cost reactivation,Medium
18086,Hibernating,274,1,101.34,0.761,Low-cost reactivation,Medium
15447,Hibernating,330,1,155.17,0.761,Low-cost reactivation,Medium
12603,New / Promising,21,1,613.2,0.761,Onboard,Medium
18191,Hibernating,261,1,207.8,0.761,Low-cost reactivation,Medium
13295,Hibernating,359,1,201.2,0.761,Low-cost reactivation,Medium
15135,Hibernating,239,1,139.05,0.761,Low-cost reactivation,Medium
17382,Needs Attention,65,1,65.4,0.761,Re-engage,Medium
17574,Hibernating,242,1,185.65,0.76,Low-cost reactivation,Medium
17844,Hibernating,106,1,51.56,0.76,Low-cost reactivation,Medium
15256,Hibernating,148,1,98.45,0.76,Low-cost reactivation,Medium
13296,Hibernating,137,1,87.4,0.76,Low-cost reactivation,Medium
14143,Hibernating,133,1,115.8,0.759,Low-cost reactivation,Medium
14727,Hibernating,274,1,268.58,0.759,Low-cost reactivation,Medium
12441,Hibernating,366,1,155.55,0.759,Low-cost reactivation,Medium
16926,Hibernating,371,1,230.25,0.759,Low-cost reactivation,Medium
15262,Hibernating,323,1,178.95,0.758,Low-cost reactivation,Medium
17698,Hibernating,260,1,154.95,0.758,Low-cost reactivation,Medium
12968,Hibernating,112,1,135.95,0.758,Low-cost reactivation,Medium
17117,Hibernating,288,1,116.2,0.758,Low-cost reactivation,Medium
14438,Hibernating,306,1,131.9,0.758,Low-cost reactivation,Medium
14280,Hibernating,196,1,134.04,0.758,Low-cost reactivation,Medium
13462,Hibernating,252,1,151.5,0.758,Low-cost reactivation,Medium
12977,Hibernating,156,1,39.24,0.757,Low-cost reactivation,Medium
15219,Hibernating,176,1,305.75,0.757,Low-cost reactivation,Medium
18281,Hibernating,180,1,80.82,0.757,Low-cost reactivation,Medium
14924,Hibernating,245,1,310.05,0.757,Low-cost reactivation,Medium
16114,Hibernating,170,1,135.75,0.756,Low-cost reactivation,Medium
15733,Hibernating,282,1,162.3,0.756,Low-cost reactivation,Medium
14326,Hibernating,242,1,183.85,0.756,Low-cost reactivation,Medium
14632,Hibernating,262,1,114.56,0.756,Low-cost reactivation,Medium
12738,Hibernating,372,1,137.35,0.756,Low-cost reactivation,Medium
14059,Hibernating,266,1,183.6,0.755,Low-cost reactivation,Medium
13033,Hibernating,357,1,190.55,0.755,Low-cost reactivation,Medium
17455,Hibernating,203,1,131.7,0.755,Low-cost reactivation,Medium
14566,Hibernating,110,1,1432.0,0.755,Low-cost reactivation,Medium
12622,Hibernating,232,1,162.1,0.755,Low-cost reactivation,Medium
14889,Hibernating,336,1,135.9,0.755,Low-cost reactivation,Medium
16737,Needs Attention,53,1,417.6,0.754,Re-engage,Medium
15388,Hibernating,270,1,140.54,0.754,Low-cost reactivation,Medium
15922,Hibernating,373,1,369.5,0.754,Low-cost reactivation,Medium
13508,Hibernating,243,1,110.97,0.754,Low-cost reactivation,Medium
17862,Hibernating,323,1,330.9,0.754,Low-cost reactivation,Medium
14355,Hibernating,365,1,174.4,0.754,Low-cost reactivation,Medium
17714,Hibernating,320,1,153.0,0.754,Low-cost reactivation,Medium
15909,Hibernating,173,1,191.94,0.754,Low-cost reactivation,Medium
14483,Hibernating,281,1,137.1,0.753,Low-cost reactivation,Medium
12797,Hibernating,365,1,226.03,0.753,Low-cost reactivation,Medium
13645,Hibernating,120,1,252.1,0.753,Low-cost reactivation,Medium
16598,Hibernating,285,1,145.05,0.753,Low-cost reactivation,Medium
13751,Hibernating,288,1,296.25,0.753,Low-cost reactivation,Medium
13218,Hibernating,127,1,62.64,0.753,Low-cost reactivation,Medium
14981,Hibernating,246,1,102.12,0.753,Low-cost reactivation,Medium
14699,Hibernating,214,1,109.13,0.753,Low-cost reactivation,Medium
18224,Hibernating,263,1,158.95,0.753,Low-cost reactivation,Medium
12902,Hibernating,264,1,138.68,0.752,Low-cost reactivation,Medium
15204,Hibernating,357,1,316.58,0.752,Low-cost reactivation,Medium
16611,Hibernating,186,1,129.49,0.752,Low-cost reactivation,Medium
17958,Hibernating,116,1,508.46,0.752,Low-cost reactivation,Medium
16878,Hibernating,84,1,13.3,0.752,Low-cost reactivation,Medium
16403,Hibernating,312,1,177.5,0.751,Low-cost reactivation,Medium
16006,Hibernating,211,1,101.4,0.751,Low-cost reactivation,Medium
16276,Hibernating,176,1,810.6,0.75,Low-cost reactivation,Medium
16509,Hibernating,296,1,363.7,0.75,Low-cost reactivation,Medium
16377,Hibernating,267,1,676.2,0.75,Low-cost reactivation,Medium
17906,Hibernating,247,1,72.9,0.75,Low-cost reactivation,Medium
16881,Needs Attention,66,1,432.0,0.75,Re-engage,Medium
12831,Hibernating,262,1,215.05,0.75,Low-cost reactivation,Medium
13080,Hibernating,179,1,58.08,0.75,Low-cost reactivation,Medium
17245,Hibernating,204,1,171.45,0.75,Low-cost reactivation,Medium
13229,Hibernating,225,1,160.95,0.749,Low-cost reactivation,Medium
15970,Hibernating,303,1,314.1,0.749,Low-cost reactivation,Medium
17165,Hibernating,284,1,158.68,0.749,Low-cost reactivation,Medium
13228,Hibernating,81,1,358.0,0.749,Low-cost reactivation,Medium
13101,Hibernating,234,1,101.19,0.749,Low-cost reactivation,Medium
12785,Hibernating,364,1,255.95,0.749,Low-cost reactivation,Medium
16510,Hibernating,372,1,248.1,0.749,Low-cost reactivation,Medium
13762,Hibernating,218,1,306.72,0.749,Low-cost reactivation,Medium
16282,Hibernating,339,1,168.3,0.748,Low-cost reactivation,Medium
13227,Hibernating,201,1,257.7,0.748,Low-cost reactivation,Medium
13366,Needs Attention,50,1,56.16,0.748,Re-engage,Medium
15247,Hibernating,122,1,356.0,0.748,Low-cost reactivation,Medium
16917,Hibernating,276,1,391.52,0.748,Low-cost reactivation,Medium
16097,Hibernating,240,1,185.05,0.748,Low-cost reactivation,Medium
16812,Hibernating,360,1,479.35,0.748,Low-cost reactivation,Medium
13973,Hibernating,287,1,264.7,0.747,Low-cost reactivation,Medium
12489,Hibernating,336,1,298.93,0.747,Low-cost reactivation,Medium
13133,Hibernating,273,2,109.8,0.747,Low-cost reactivation,Medium
17831,Needs Attention,33,1,35.4,0.747,Re-engage,Medium
15917,Hibernating,247,1,123.1,0.747,Low-cost reactivation,Medium
14424,New / Promising,17,1,322.08,0.747,Onboard,Medium
13065,Hibernating,373,1,205.86,0.747,Low-cost reactivation,Medium
13108,Hibernating,372,1,350.06,0.747,Low-cost reactivation,Medium
17601,Hibernating,239,1,116.01,0.747,Low-cost reactivation,Medium
15657,New / Promising,22,1,30.0,0.747,Onboard,Medium
17517,Hibernating,308,1,153.94,0.746,Low-cost reactivation,Medium
13686,Hibernating,182,1,72.0,0.746,Low-cost reactivation,Medium
17118,Hibernating,317,1,157.02,0.746,Low-cost reactivation,Medium
12837,Hibernating,173,1,134.1,0.746,Low-cost reactivation,Medium
14957,Hibernating,253,1,58.49,0.745,Low-cost reactivation,Medium
14196,Hibernating,106,1,335.52,0.745,Low-cost reactivation,Medium
14932,Hibernating,365,1,363.53,0.745,Low-cost reactivation,Medium
16125,Hibernating,367,1,289.35,0.745,Low-cost reactivation,Medium
16828,Hibernating,112,1,113.5,0.745,Low-cost reactivation,Medium
15269,New / Promising,23,1,408.8,0.744,Onboard,Medium
16582,Hibernating,113,1,313.62,0.744,Low-cost reactivation,Medium
17691,Hibernating,358,2,290.4,0.744,Low-cost reactivation,Medium
13070,Hibernating,192,1,228.8,0.744,Low-cost reactivation,Medium
15405,Hibernating,189,1,349.1,0.744,Low-cost reactivation,Medium
14642,Needs Attention,58,1,96.12,0.744,Re-engage,Medium
15603,Hibernating,78,1,48.48,0.744,Low-cost reactivation,Medium
16171,Needs Attention,59,1,73.2,0.744,Re-engage,Medium
16315,Hibernating,330,1,226.37,0.744,Low-cost reactivation,Medium
13284,Hibernating,330,1,201.19,0.744,Low-cost reactivation,Medium
12888,Hibernating,214,2,354.12,0.744,Low-cost reactivation,Medium
16457,Hibernating,218,1,208.36,0.744,Low-cost reactivation,Medium
15670,Hibernating,296,1,173.05,0.744,Low-cost reactivation,Medium
17122,Hibernating,119,1,138.32,0.743,Low-cost reactivation,Medium
18074,Hibernating,373,1,489.6,0.743,Low-cost reactivation,Medium
17349,Hibernating,179,1,98.25,0.743,Low-cost reactivation,Medium
14012,Hibernating,277,1,328.8,0.742,Low-cost reactivation,Medium
16583,Hibernating,373,1,233.45,0.742,Low-cost reactivation,Medium
16339,Hibernating,284,1,94.05,0.742,Low-cost reactivation,Medium
14271,Hibernating,225,1,112.32,0.742,Low-cost reactivation,Medium
16178,Hibernating,138,1,197.9,0.742,Low-cost reactivation,Medium
15174,Hibernating,322,1,135.75,0.741,Low-cost reactivation,Medium
12515,Hibernating,353,1,278.7,0.741,Low-cost reactivation,Medium
17887,Hibernating,129,1,111.35,0.741,Low-cost reactivation,Medium
17128,Hibernating,334,1,157.09,0.741,Low-cost reactivation,Medium
18013,Hibernating,155,2,187.29,0.741,Low-cost reactivation,Medium
14935,Hibernating,297,1,1784.71,0.741,Low-cost reactivation,Medium
13262,Hibernating,263,1,200.29,0.741,Low-cost reactivation,Medium
12995,Hibernating,85,1,211.32,0.74,Low-cost reactivation,Medium
18129,Hibernating,243,1,112.55,0.74,Low-cost reactivation,Medium
13898,Hibernating,325,1,155.93,0.74,Low-cost reactivation,Medium
12373,Hibernating,311,1,324.6,0.74,Low-cost reactivation,Medium
13976,Hibernating,206,1,357.98,0.739,Low-cost reactivation,Medium
13826,Hibernating,176,1,189.5,0.739,Low-cost reactivation,Medium
14411,Hibernating,310,1,1063.0,0.739,Low-cost reactivation,Medium
17343,Hibernating,355,1,193.64,0.739,Low-cost reactivation,Medium
17789,Hibernating,281,1,225.9,0.739,Low-cost reactivation,Medium
17187,Hibernating,226,1,203.95,0.739,Low-cost reactivation,Medium
13369,Hibernating,365,1,308.28,0.739,Low-cost reactivation,Medium
15554,Hibernating,277,1,217.2,0.739,Low-cost reactivation,Medium
17670,Hibernating,227,1,205.7,0.738,Low-cost reactivation,Medium
14406,Hibernating,119,1,156.75,0.738,Low-cost reactivation,Medium
16587,Hibernating,232,1,225.15,0.738,Low-cost reactivation,Medium
12641,Hibernating,115,1,145.9,0.738,Low-cost reactivation,Medium
18010,Hibernating,256,1,174.8,0.738,Low-cost reactivation,Medium
13482,Hibernating,232,1,184.64,0.737,Low-cost reactivation,Medium
12732,Hibernating,179,1,218.26,0.737,Low-cost reactivation,Medium
17142,Hibernating,239,1,579.0,0.737,Low-cost reactivation,Medium
16096,Hibernating,264,1,320.62,0.737,Low-cost reactivation,Medium
13932,Hibernating,294,1,307.4,0.737,Low-cost reactivation,Medium
14870,Hibernating,261,1,327.25,0.737,Low-cost reactivation,Medium
13877,Hibernating,86,1,117.24,0.736,Low-cost reactivation,Medium
17492,Hibernating,248,1,374.57,0.736,Low-cost reactivation,Medium
13514,Hibernating,73,1,152.2,0.736,Low-cost reactivation,Medium
13937,Hibernating,169,1,158.85,0.736,Low-cost reactivation,Medium
12559,Hibernating,310,2,525.71,0.736,Low-cost reactivation,Medium
15286,Needs Attention,49,1,240.55,0.735,Re-engage,Medium
13781,Hibernating,250,1,127.84,0.735,Low-cost reactivation,Medium
17110,Hibernating,165,1,163.3,0.735,Low-cost reactivation,Medium
17094,Hibernating,322,1,302.0,0.735,Low-cost reactivation,Medium
15935,Hibernating,239,1,108.04,0.734,Low-cost reactivation,Medium
15412,Hibernating,171,1,190.53,0.734,Low-cost reactivation,Medium
15119,Hibernating,245,1,266.4,0.734,Low-cost reactivation,Medium
16781,Hibernating,372,1,311.25,0.734,Low-cost reactivation,Medium
16581,Hibernating,182,1,105.84,0.734,Low-cost reactivation,Medium
17732,Hibernating,372,1,303.97,0.733,Low-cost reactivation,Medium
15363,Hibernating,372,1,326.0,0.733,Low-cost reactivation,Medium
17939,Hibernating,159,1,99.14,0.733,Low-cost reactivation,Medium
16427,Hibernating,263,2,241.06,0.733,Low-cost reactivation,Medium
14241,Hibernating,183,1,213.7,0.733,Low-cost reactivation,Medium
13388,Hibernating,131,2,677.1,0.732,Low-cost reactivation,Medium
16471,Hibernating,274,1,223.95,0.732,Low-cost reactivation,Medium
17239,Hibernating,312,1,382.5,0.732,Low-cost reactivation,Medium
12956,Hibernating,306,1,108.07,0.732,Low-cost reactivation,Medium
15925,Hibernating,194,1,207.15,0.732,Low-cost reactivation,Medium
14536,Hibernating,259,1,170.95,0.731,Low-cost reactivation,Medium
17535,Hibernating,280,1,164.4,0.731,Low-cost reactivation,Medium
17866,Hibernating,142,1,329.65,0.731,Low-cost reactivation,Medium
13778,Hibernating,103,1,178.7,0.731,Low-cost reactivation,Medium
13008,Hibernating,323,1,229.47,0.73,Low-cost reactivation,Medium
13223,Hibernating,200,2,163.2,0.73,Low-cost reactivation,Medium
17267,Hibernating,127,2,317.2,0.73,Low-cost reactivation,Medium
17871,Hibernating,204,1,155.9,0.73,Low-cost reactivation,Medium
16338,Hibernating,157,1,214.8,0.73,Low-cost reactivation,Medium
18019,Needs Attention,51,1,38.45,0.73,Re-engage,Medium
12690,Hibernating,205,1,335.01,0.73,Low-cost reactivation,Medium
16756,Hibernating,214,1,239.4,0.73,Low-cost reactivation,Medium
17123,Hibernating,161,1,345.3,0.73,Low-cost reactivation,Medium
13043,Hibernating,273,1,516.42,0.73,Low-cost reactivation,Medium
17464,Hibernating,158,1,289.96,0.73,Low-cost reactivation,Medium
14772,Hibernating,112,1,139.26,0.729,Low-cost reactivation,Medium
18120,Hibernating,214,1,111.15,0.729,Low-cost reactivation,Medium
12829,Hibernating,336,2,293.0,0.729,Low-cost reactivation,Medium
13712,Hibernating,246,1,228.84,0.728,Low-cost reactivation,Medium
14431,Hibernating,302,1,470.36,0.728,Low-cost reactivation,Medium
16829,Hibernating,156,1,197.22,0.728,Low-cost reactivation,Medium
14964,Hibernating,247,1,206.21,0.728,Low-cost reactivation,Medium
15007,Hibernating,159,1,156.91,0.728,Low-cost reactivation,Medium
16619,Hibernating,263,1,226.21,0.728,Low-cost reactivation,Medium
14689,Hibernating,208,1,112.8,0.728,Low-cost reactivation,Medium
17877,Hibernating,170,1,237.61,0.728,Low-cost reactivation,Medium
12614,Hibernating,277,1,315.6,0.728,Low-cost reactivation,Medium
12350,Hibernating,310,1,294.4,0.728,Low-cost reactivation,Medium
13811,Hibernating,183,2,519.75,0.728,Low-cost reactivation,Medium
12355,Hibernating,214,1,459.4,0.728,Low-cost reactivation,Medium
17978,Hibernating,365,1,300.92,0.728,Low-cost reactivation,Medium
17234,Hibernating,182,1,149.89,0.728,Low-cost reactivation,Medium
15578,Hibernating,162,1,127.1,0.727,Low-cost reactivation,Medium
16287,Hibernating,169,1,142.5,0.727,Low-cost reactivation,Medium
12561,Hibernating,302,1,238.85,0.727,Low-cost reactivation,Medium
13060,Hibernating,253,1,307.53,0.727,Low-cost reactivation,Medium
15895,Hibernating,149,1,179.17,0.727,Low-cost reactivation,Medium
15607,Hibernating,336,1,104.76,0.727,Low-cost reactivation,Medium
13382,Hibernating,280,1,222.99,0.727,Low-cost reactivation,Medium
13874,Hibernating,358,1,540.45,0.727,Low-cost reactivation,Medium
14024,Hibernating,121,2,327.7,0.726,Low-cost reactivation,Medium
14247,Hibernating,278,1,136.77,0.726,Low-cost reactivation,Medium
14053,Hibernating,124,2,260.25,0.726,Low-cost reactivation,Medium
16697,Hibernating,241,1,112.75,0.726,Low-cost reactivation,Medium
13561,Hibernating,215,1,141.86,0.726,Low-cost reactivation,Medium
18165,Hibernating,177,1,302.46,0.726,Low-cost reactivation,Medium
13513,Hibernating,126,1,205.1,0.726,Low-cost reactivation,Medium
18184,New / Promising,15,1,49.8,0.726,Onboard,Medium
18108,Hibernating,254,1,271.0,0.726,Low-cost reactivation,Medium
13699,Hibernating,155,1,308.58,0.725,Low-cost reactivation,Medium
17438,Hibernating,253,1,388.45,0.725,Low-cost reactivation,Medium
13663,Hibernating,179,1,189.47,0.725,Low-cost reactivation,Medium
15346,Hibernating,332,1,252.42,0.725,Low-cost reactivation,Medium
16159,Hibernating,281,1,348.2,0.725,Low-cost reactivation,Medium
14339,Hibernating,242,1,309.52,0.725,Low-cost reactivation,Medium
13226,Hibernating,273,1,108.21,0.724,Low-cost reactivation,Medium
12756,Hibernating,86,1,112.08,0.724,Low-cost reactivation,Medium
15307,Hibernating,95,1,205.3,0.724,Low-cost reactivation,Medium
12403,Needs Attention,49,1,391.7,0.724,Re-engage,Medium
13512,Hibernating,260,1,251.21,0.724,Low-cost reactivation,Medium
12386,Hibernating,337,2,401.9,0.724,Low-cost reactivation,Medium
15820,Hibernating,319,1,206.98,0.724,Low-cost reactivation,Medium
14327,Hibernating,163,1,311.65,0.723,Low-cost reactivation,Medium
14747,Hibernating,249,1,328.2,0.723,Low-cost reactivation,Medium
15663,Hibernating,106,1,138.14,0.723,Low-cost reactivation,Medium
16202,Hibernating,360,1,365.27,0.723,Low-cost reactivation,Medium
15143,Hibernating,225,1,259.45,0.723,Low-cost reactivation,Medium
12834,Hibernating,282,1,312.38,0.723,Low-cost reactivation,Medium
15234,Hibernating,276,1,197.0,0.722,Low-cost reactivation,Medium
16856,New / Promising,14,1,35.4,0.722,Onboard,Medium
12897,Hibernating,204,2,216.5,0.722,Low-cost reactivation,Medium
12770,Hibernating,210,1,1351.45,0.722,Low-cost reactivation,Medium
12852,Hibernating,294,1,311.55,0.722,Low-cost reactivation,Medium
12908,Hibernating,176,2,750.0,0.722,Low-cost reactivation,Medium
16517,Hibernating,277,1,162.7,0.722,Low-cost reactivation,Medium
12506,Hibernating,232,1,73.5,0.722,Low-cost reactivation,Medium
15526,Needs Attention,33,2,148.44,0.722,Re-engage,Medium
17855,Hibernating,372,1,208.97,0.722,Low-cost reactivation,Medium
15744,Hibernating,77,1,34.8,0.722,Low-cost reactivation,Medium
12623,Hibernating,276,1,269.1,0.721,Low-cost reactivation,Medium
15423,Needs Attention,38,1,43.5,0.721,Re-engage,Medium
14068,Hibernating,320,1,265.85,0.721,Low-cost reactivation,Medium
17456,Hibernating,365,1,249.86,0.721,Low-cost reactivation,Medium
14670,Hibernating,280,2,392.86,0.72,Low-cost reactivation,Medium
15593,Needs Attention,70,1,199.8,0.72,Re-engage,Medium
13584,Hibernating,306,1,142.4,0.72,Low-cost reactivation,Medium
12818,Hibernating,261,1,1182.08,0.72,Low-cost reactivation,Medium
15236,Hibernating,298,1,321.05,0.72,Low-cost reactivation,Medium
13803,Hibernating,255,1,277.07,0.72,Low-cost reactivation,Medium
17531,Hibernating,190,1,296.7,0.72,Low-cost reactivation,Medium
17309,Hibernating,95,1,82.75,0.72,Low-cost reactivation,Medium
15683,Hibernating,117,1,193.75,0.72,Low-cost reactivation,Medium
16810,Hibernating,192,1,309.54,0.72,Low-cost reactivation,Medium
12884,Hibernating,88,1,309.05,0.72,Low-cost reactivation,Medium
12564,Hibernating,261,1,402.9,0.72,Low-cost reactivation,Medium
14413,Hibernating,362,1,121.05,0.72,Low-cost reactivation,Medium
13494,Hibernating,311,1,316.26,0.72,Low-cost reactivation,Medium
14055,Hibernating,106,1,725.64,0.72,Low-cost reactivation,Medium
16450,Hibernating,149,1,311.92,0.719,Low-cost reactivation,Medium
13062,Hibernating,191,1,346.98,0.719,Low-cost reactivation,Medium
16105,Hibernating,248,1,336.96,0.719,Low-cost reactivation,Medium
14476,Hibernating,257,1,193.0,0.719,Low-cost reactivation,Medium
12725,Hibernating,371,1,371.8,0.719,Low-cost reactivation,Medium
17654,Hibernating,277,1,117.55,0.719,Low-cost reactivation,Medium
17171,Hibernating,289,1,224.91,0.719,Low-cost reactivation,Medium
16256,Hibernating,266,1,752.43,0.719,Low-cost reactivation,Medium
13017,New / Promising,7,1,204.0,0.719,Onboard,Medium
12450,Hibernating,156,2,197.88,0.719,Low-cost reactivation,Medium
14847,Hibernating,148,1,309.4,0.719,Low-cost reactivation,Medium
16739,Hibernating,176,1,323.0,0.719,Low-cost reactivation,Medium
17620,Needs Attention,59,1,81.44,0.718,Re-engage,Medium
15319,Hibernating,283,1,204.5,0.718,Low-cost reactivation,Medium
17053,Hibernating,130,1,498.48,0.718,Low-cost reactivation,Medium
13006,Needs Attention,56,1,81.57,0.718,Re-engage,Medium
14633,Hibernating,266,1,344.9,0.718,Low-cost reactivation,Medium
17278,Hibernating,241,1,246.04,0.718,Low-cost reactivation,Medium
15279,Hibernating,354,1,290.51,0.717,Low-cost reactivation,Medium
17697,Hibernating,236,1,338.95,0.717,Low-cost reactivation,Medium
16050,Hibernating,173,1,137.9,0.717,Low-cost reactivation,Medium
15552,Hibernating,217,1,90.12,0.717,Low-cost reactivation,Medium
16526,Hibernating,171,1,290.36,0.717,Low-cost reactivation,Medium
13947,Needs Attention,65,1,90.6,0.717,Re-engage,Medium
16213,Hibernating,78,1,159.0,0.717,Low-cost reactivation,Medium
15454,Hibernating,362,1,179.1,0.716,Low-cost reactivation,Medium
17678,Hibernating,263,1,298.11,0.716,Low-cost reactivation,Medium
14304,Hibernating,222,1,383.45,0.716,Low-cost reactivation,Medium
16302,Hibernating,126,1,233.22,0.716,Low-cost reactivation,Medium
16483,Hibernating,192,1,139.35,0.716,Low-cost reactivation,Medium
13345,Hibernating,287,1,389.5,0.715,Low-cost reactivation,Medium
17120,Hibernating,233,1,307.46,0.715,Low-cost reactivation,Medium
13893,Hibernating,297,1,821.1,0.715,Low-cost reactivation,Medium
17176,Hibernating,201,1,306.13,0.715,Low-cost reactivation,Medium
14886,Hibernating,252,1,364.8,0.714,Low-cost reactivation,Medium
14288,Hibernating,213,1,426.6,0.714,Low-cost reactivation,Medium
14348,Hibernating,260,1,409.57,0.714,Low-cost reactivation,Medium
12365,Hibernating,291,1,320.69,0.714,Low-cost reactivation,Medium
15923,Hibernating,372,1,127.08,0.714,Low-cost reactivation,Medium
14436,Hibernating,98,1,89.06,0.714,Low-cost reactivation,Medium
13188,New / Promising,11,1,114.6,0.714,Onboard,Medium
18185,Hibernating,249,1,304.25,0.713,Low-cost reactivation,Medium
14208,Hibernating,94,1,151.74,0.713,Low-cost reactivation,Medium
16784,New / Promising,19,1,107.6,0.713,Onboard,Medium
17640,Hibernating,86,1,621.66,0.713,Low-cost reactivation,Medium
14350,Hibernating,274,1,282.93,0.713,Low-cost reactivation,Medium
17628,Hibernating,81,1,75.75,0.713,Low-cost reactivation,Medium
18174,New / Promising,7,1,104.0,0.713,Onboard,Medium
18213,Hibernating,236,1,232.48,0.712,Low-cost reactivation,Medium
14165,Hibernating,275,1,120.44,0.712,Low-cost reactivation,Medium
16850,Hibernating,333,1,332.41,0.712,Low-cost reactivation,Medium
14046,Hibernating,284,1,151.59,0.712,Low-cost reactivation,Medium
17140,Hibernating,247,1,454.12,0.712,Low-cost reactivation,Medium
17893,Hibernating,225,1,107.21,0.712,Low-cost reactivation,Medium
16542,Needs Attention,53,1,119.62,0.712,Re-engage,Medium
18159,Hibernating,301,1,530.15,0.712,Low-cost reactivation,Medium
15263,Hibernating,106,1,156.51,0.712,Low-cost reactivation,Medium
13328,Hibernating,316,1,1308.48,0.712,Low-cost reactivation,Medium
17356,Hibernating,311,1,178.22,0.711,Low-cost reactivation,Medium
13519,Hibernating,78,1,122.75,0.711,Low-cost reactivation,Medium
14972,Hibernating,128,1,114.77,0.711,Low-cost reactivation,Medium
13990,Hibernating,213,1,311.3,0.711,Low-cost reactivation,Medium
14314,Hibernating,106,1,120.0,0.711,Low-cost reactivation,Medium
15308,Hibernating,274,1,310.47,0.711,Low-cost reactivation,Medium
15213,Hibernating,318,2,328.35,0.711,Low-cost reactivation,Medium
18056,Hibernating,288,1,363.65,0.711,Low-cost reactivation,Medium
16072,Hibernating,288,1,584.32,0.711,Low-cost reactivation,Medium
15333,Hibernating,208,1,1028.56,0.711,Low-cost reactivation,Medium
18203,Hibernating,157,1,160.42,0.711,Low-cost reactivation,Medium
13706,Hibernating,302,1,330.79,0.711,Low-cost reactivation,Medium
15609,Hibernating,184,1,298.48,0.71,Low-cost reactivation,Medium
18255,Hibernating,89,1,103.3,0.71,Low-cost reactivation,Medium
16448,Hibernating,198,1,182.99,0.71,Low-cost reactivation,Medium
12733,Hibernating,234,1,383.95,0.71,Low-cost reactivation,Medium
15958,Hibernating,74,1,104.35,0.71,Low-cost reactivation,Medium
16959,Hibernating,87,1,117.35,0.709,Low-cost reactivation,Medium
17987,Hibernating,185,1,198.57,0.709,Low-cost reactivation,Medium
17194,Hibernating,360,1,226.78,0.709,Low-cost reactivation,Medium
16363,Needs Attention,53,1,109.36,0.709,Re-engage,Medium
17647,Needs Attention,65,1,133.06,0.709,Re-engage,Medium
14619,Hibernating,245,1,394.44,0.709,Low-cost reactivation,Medium
12750,Hibernating,128,1,275.88,0.709,Low-cost reactivation,Medium
15087,Hibernating,281,1,306.94,0.709,Low-cost reactivation,Medium
18250,Hibernating,310,1,349.27,0.708,Low-cost reactivation,Medium
14041,Hibernating,266,1,141.41,0.708,Low-cost reactivation,Medium
13304,Hibernating,351,1,300.42,0.708,Low-cost reactivation,Medium
18193,Hibernating,165,1,243.76,0.708,Low-cost reactivation,Medium
12866,Hibernating,283,1,499.12,0.707,Low-cost reactivation,Medium
14311,Hibernating,242,1,310.26,0.707,Low-cost reactivation,Medium
13618,Hibernating,173,1,177.34,0.707,Low-cost reactivation,Medium
18114,Hibernating,290,1,220.1,0.707,Low-cost reactivation,Medium
14600,Hibernating,305,1,393.33,0.707,Low-cost reactivation,Medium
15165,Hibernating,373,1,487.75,0.706,Low-cost reactivation,Medium
13615,Hibernating,318,1,417.69,0.706,Low-cost reactivation,Medium
12639,Hibernating,238,1,366.1,0.706,Low-cost reactivation,Medium
16425,Hibernating,302,1,302.7,0.706,Low-cost reactivation,Medium
12945,Hibernating,288,1,462.95,0.706,Low-cost reactivation,Medium
12445,New / Promising,22,1,77.4,0.706,Onboard,Medium
17859,Hibernating,304,1,141.92,0.706,Low-cost reactivation,Medium
15052,Hibernating,319,1,207.73,0.706,Low-cost reactivation,Medium
18084,New / Promising,16,1,90.48,0.706,Onboard,Medium
17701,Hibernating,252,1,417.95,0.706,Low-cost reactivation,Medium
13887,Hibernating,204,1,349.55,0.706,Low-cost reactivation,Medium
16135,Hibernating,262,1,517.55,0.705,Low-cost reactivation,Medium
17138,Hibernating,275,1,380.5,0.705,Low-cost reactivation,Medium
13832,New / Promising,19,1,52.2,0.705,Onboard,Medium
14946,New / Promising,14,1,100.9,0.705,Onboard,Medium
15396,Hibernating,112,1,288.18,0.705,Low-cost reactivation,Medium
18011,Hibernating,373,1,102.79,0.705,Low-cost reactivation,Medium
16297,Hibernating,268,1,301.9,0.705,Low-cost reactivation,Medium
17040,Hibernating,137,1,449.73,0.705,Low-cost reactivation,Medium
13651,Needs Attention,39,1,79.2,0.705,Re-engage,Medium
13876,Needs Attention,63,1,122.7,0.704,Re-engage,Medium
13739,New / Promising,18,1,216.9,0.704,Onboard,Medium
17263,Hibernating,208,1,63.44,0.704,Low-cost reactivation,Medium
14453,Hibernating,190,1,119.93,0.704,Low-cost reactivation,Medium
17707,Hibernating,185,2,152.4,0.704,Low-cost reactivation,Medium
13626,Hibernating,252,1,257.23,0.704,Low-cost reactivation,Medium
18262,Hibernating,140,1,149.48,0.704,Low-cost reactivation,Medium
14079,Hibernating,124,1,375.1,0.704,Low-cost reactivation,Medium
16961,Hibernating,116,1,234.17,0.704,Low-cost reactivation,Medium
14661,New / Promising,26,1,107.95,0.704,Onboard,Medium
12591,Hibernating,317,1,368.85,0.704,Low-cost reactivation,Medium
13866,Hibernating,74,1,145.67,0.703,Low-cost reactivation,Medium
12790,Hibernating,192,1,294.92,0.703,Low-cost reactivation,Medium
14142,Hibernating,373,1,311.81,0.703,Low-cost reactivation,Medium
17508,Hibernating,280,1,387.31,0.703,Low-cost reactivation,Medium
15090,Hibernating,308,1,381.32,0.703,Low-cost reactivation,Medium
13052,Hibernating,212,1,348.15,0.703,Low-cost reactivation,Medium
17896,New / Promising,23,1,256.32,0.703,Onboard,Medium
18042,Needs Attention,53,1,165.05,0.703,Re-engage,Medium
16193,Hibernating,236,1,314.45,0.703,Low-cost reactivation,Medium
13343,Hibernating,177,1,353.43,0.702,Low-cost reactivation,Medium
15292,Hibernating,201,1,178.39,0.702,Low-cost reactivation,Medium
13600,Hibernating,312,1,219.52,0.702,Low-cost reactivation,Medium
14054,Needs Attention,65,1,92.46,0.702,Re-engage,Medium
13716,Hibernating,269,1,138.28,0.702,Low-cost reactivation,Medium
15537,Hibernating,163,1,110.92,0.702,Low-cost reactivation,Medium
16625,Hibernating,274,1,333.08,0.702,Low-cost reactivation,Medium
15016,Hibernating,172,1,170.04,0.702,Low-cost reactivation,Medium
14082,Hibernating,364,1,182.25,0.702,Low-cost reactivation,Medium
14850,Hibernating,311,1,325.75,0.701,Low-cost reactivation,Medium
17694,Hibernating,141,1,283.12,0.701,Low-cost reactivation,Medium
15942,Hibernating,133,1,337.44,0.701,Low-cost reactivation,Medium
13863,Hibernating,247,1,305.78,0.701,Low-cost reactivation,Medium
14027,Needs Attention,60,1,104.82,0.701,Re-engage,Medium
15043,New / Promising,31,1,537.0,0.701,Onboard,Medium
16106,Needs Attention,65,1,108.38,0.701,Re-engage,Medium
13684,Hibernating,285,1,65.13,0.7,Low-cost reactivation,Medium
12863,Needs Attention,52,1,521.2,0.7,Re-engage,Medium
17972,Hibernating,241,1,135.19,0.7,Low-cost reactivation,Medium
12573,Hibernating,227,1,160.54,0.7,Low-cost reactivation,Medium
14888,Hibernating,207,1,369.2,0.7,Low-cost reactivation,Medium
12580,Hibernating,246,1,379.7,0.7,Low-cost reactivation,Medium
15280,Hibernating,172,1,113.12,0.699,Low-cost reactivation,Medium
13420,Hibernating,149,2,159.85,0.699,Low-cost reactivation,Medium
14300,New / Promising,18,1,43.2,0.699,Onboard,Medium
16430,Needs Attention,57,1,300.85,0.699,Re-engage,Medium
12447,Hibernating,243,1,431.49,0.699,Low-cost reactivation,Medium
15543,Hibernating,288,1,127.86,0.699,Low-cost reactivation,Medium
12792,Hibernating,256,1,344.54,0.699,Low-cost reactivation,Medium
15047,Hibernating,269,1,343.62,0.699,Low-cost reactivation,Medium
14000,Hibernating,211,1,635.66,0.699,Low-cost reactivation,Medium
18004,Hibernating,362,1,157.92,0.699,Low-cost reactivation,Medium
14523,Hibernating,108,1,241.09,0.699,Low-cost reactivation,Medium
13411,Hibernating,107,1,213.55,0.699,Low-cost reactivation,Medium
18212,Hibernating,326,1,216.07,0.698,Low-cost reactivation,Medium
13859,Hibernating,326,1,201.16,0.698,Low-cost reactivation,Medium
15210,Hibernating,225,1,331.18,0.698,Low-cost reactivation,Medium
13466,Hibernating,184,1,307.9,0.698,Low-cost reactivation,Medium
14080,New / Promising,32,1,45.6,0.698,Onboard,Medium
12875,Hibernating,143,2,343.23,0.698,Low-cost reactivation,Medium
18119,Hibernating,367,1,180.7,0.698,Low-cost reactivation,Medium
12436,Hibernating,99,1,429.01,0.697,Low-cost reactivation,Medium
17226,Hibernating,308,1,393.49,0.697,Low-cost reactivation,Medium
15852,Hibernating,186,2,160.71,0.697,Low-cost reactivation,Medium
16641,Hibernating,105,1,231.1,0.697,Low-cost reactivation,Medium
13403,New / Promising,17,1,75.0,0.697,Onboard,Medium
12648,Hibernating,154,1,300.05,0.697,Low-cost reactivation,Medium
17486,Hibernating,261,1,396.87,0.697,Low-cost reactivation,Medium
17935,Hibernating,138,2,142.89,0.697,Low-cost reactivation,Medium
14206,Hibernating,239,1,328.16,0.697,Low-cost reactivation,Medium
17542,Hibernating,269,1,170.75,0.697,Low-cost reactivation,Medium
16247,Hibernating,170,1,114.56,0.696,Low-cost reactivation,Medium
17513,Hibernating,72,1,513.2,0.696,Low-cost reactivation,Medium
14647,Hibernating,201,1,236.04,0.696,Low-cost reactivation,Medium
12984,New / Promising,18,1,97.5,0.696,Onboard,Medium
17880,Hibernating,364,1,458.92,0.696,Low-cost reactivation,Medium
14622,Hibernating,184,1,320.58,0.696,Low-cost reactivation,Medium
17026,Hibernating,185,2,154.83,0.696,Low-cost reactivation,Medium
17569,Hibernating,332,1,344.14,0.696,Low-cost reactivation,Medium
14295,Needs Attention,40,1,166.2,0.696,Re-engage,Medium
14270,Hibernating,331,1,492.65,0.695,Low-cost reactivation,Medium
15623,Hibernating,141,1,301.03,0.695,Low-cost reactivation,Medium
15610,Needs Attention,51,1,112.46,0.695,Re-engage,Medium
13522,New / Promising,30,1,125.8,0.695,Onboard,Medium
15885,Hibernating,93,1,349.35,0.695,Low-cost reactivation,Medium
15937,Needs Attention,64,1,145.35,0.695,Re-engage,Medium
13889,Hibernating,92,1,416.9,0.695,Low-cost reactivation,Medium
15528,Hibernating,254,1,229.33,0.694,Low-cost reactivation,Medium
13239,Hibernating,261,1,329.56,0.694,Low-cost reactivation,Medium
15109,Hibernating,245,1,484.95,0.694,Low-cost reactivation,Medium
15825,Hibernating,172,1,532.94,0.694,Low-cost reactivation,Medium
13441,Hibernating,91,1,296.64,0.694,Low-cost reactivation,Medium
14586,Hibernating,276,1,237.36,0.694,Low-cost reactivation,Medium
18106,Hibernating,329,1,421.9,0.693,Low-cost reactivation,Medium
15225,Hibernating,234,1,409.4,0.693,Low-cost reactivation,Medium
16947,Hibernating,235,1,406.48,0.693,Low-cost reactivation,Medium
14967,Needs Attention,49,1,463.8,0.693,Re-engage,Medium
17279,Needs Attention,57,1,187.83,0.693,Re-engage,Medium
13718,Hibernating,246,2,306.55,0.693,Low-cost reactivation,Medium
14762,Hibernating,263,1,300.52,0.693,Low-cost reactivation,Medium
15776,Hibernating,133,1,241.62,0.693,Low-cost reactivation,Medium
16063,Hibernating,260,1,335.32,0.692,Low-cost reactivation,Medium
15723,Hibernating,364,1,190.7,0.692,Low-cost reactivation,Medium
16248,Needs Attention,61,1,152.94,0.692,Re-engage,Medium
15448,Hibernating,312,1,494.64,0.692,Low-cost reactivation,Medium
16769,Hibernating,260,1,361.54,0.692,Low-cost reactivation,Medium
12659,New / Promising,29,1,73.68,0.692,Onboard,Medium
18240,Needs Attention,46,1,422.58,0.692,Re-engage,Medium
13300,Hibernating,169,1,371.89,0.692,Low-cost reactivation,Medium
12547,Hibernating,197,2,151.8,0.691,Low-cost reactivation,Medium
18072,Hibernating,185,1,247.44,0.691,Low-cost reactivation,Medium
17206,Needs Attention,53,1,204.24,0.691,Re-engage,Medium
14616,Hibernating,242,3,406.08,0.691,Low-cost reactivation,Medium
13485,Hibernating,233,1,454.24,0.691,Low-cost reactivation,Medium
13338,Hibernating,157,1,487.02,0.691,Low-cost reactivation,Medium
17942,New / Promising,7,1,77.5,0.69,Onboard,Medium
16591,Needs Attention,68,1,213.5,0.69,Re-engage,Medium
14301,Hibernating,117,1,640.14,0.69,Low-cost reactivation,Medium
17693,Hibernating,137,1,200.47,0.69,Low-cost reactivation,Medium
15789,Hibernating,358,1,351.3,0.69,Low-cost reactivation,Medium
17960,Hibernating,171,1,73.78,0.69,Low-cost reactivation,Medium
14345,Needs Attention,38,1,108.98,0.69,Re-engage,Medium
14497,Hibernating,309,1,475.37,0.689,Low-cost reactivation,Medium
13160,New / Promising,22,1,91.8,0.689,Onboard,Medium
16292,Hibernating,121,1,302.25,0.689,Low-cost reactivation,Medium
18176,Hibernating,358,1,476.35,0.689,Low-cost reactivation,Medium
13470,Hibernating,99,2,165.0,0.689,Low-cost reactivation,Medium
14124,Hibernating,84,1,419.58,0.689,Low-cost reactivation,Medium
18278,Hibernating,73,1,173.9,0.689,Low-cost reactivation,Medium
17251,Hibernating,362,1,269.83,0.689,Low-cost reactivation,Medium
13095,Needs Attention,70,1,74.4,0.689,Re-engage,Medium
12809,Hibernating,177,1,405.31,0.688,Low-cost reactivation,Medium
14100,Hibernating,137,1,191.95,0.688,Low-cost reactivation,Medium
16190,Needs Attention,40,1,215.08,0.688,Re-engage,Medium
13273,Hibernating,113,1,138.98,0.688,Low-cost reactivation,Medium
16761,Hibernating,96,1,316.62,0.687,Low-cost reactivation,Medium
16897,Hibernating,299,2,289.78,0.687,Low-cost reactivation,Medium
13187,Hibernating,337,1,236.02,0.687,Low-cost reactivation,Medium
13279,Hibernating,78,1,137.75,0.687,Low-cost reactivation,Medium
14861,Needs Attention,52,1,125.79,0.687,Re-engage,Medium
17843,Hibernating,303,1,197.73,0.687,Low-cost reactivation,Medium
12707,Hibernating,291,1,603.42,0.687,Low-cost reactivation,Medium
15149,Hibernating,133,1,520.8,0.686,Low-cost reactivation,Medium
13260,Needs Attention,61,1,557.62,0.686,Re-engage,Medium
13570,Hibernating,243,1,239.49,0.686,Low-cost reactivation,Medium
14752,Needs Attention,43,1,389.64,0.686,Re-engage,Medium
13068,New / Promising,10,2,344.0,0.686,Onboard,Medium
14887,Hibernating,79,1,1862.0,0.686,Low-cost reactivation,Medium
15130,Hibernating,169,1,330.11,0.686,Low-cost reactivation,Medium
15167,Hibernating,320,1,158.8,0.685,Low-cost reactivation,Medium
14582,Needs Attention,40,1,114.11,0.685,Re-engage,Medium
13587,Needs Attention,63,1,712.4,0.685,Re-engage,Medium
16763,Hibernating,198,1,611.85,0.685,Low-cost reactivation,Medium
16030,Hibernating,309,1,331.24,0.685,Low-cost reactivation,Medium
14873,Hibernating,210,1,519.68,0.685,Low-cost reactivation,Medium
17829,Hibernating,298,1,889.24,0.685,Low-cost reactivation,Medium
13689,Needs Attention,63,1,910.0,0.685,Re-engage,Medium
15888,Hibernating,80,1,162.64,0.685,Low-cost reactivation,Medium
17582,Hibernating,236,1,175.27,0.685,Low-cost reactivation,Medium
18169,Needs Attention,60,1,202.65,0.685,Re-engage,Medium
17603,Hibernating,78,1,394.72,0.685,Low-cost reactivation,Medium
15168,New / Promising,25,1,106.56,0.685,Onboard,Medium
13992,New / Promising,30,1,76.8,0.684,Onboard,Medium
14885,Hibernating,131,1,765.32,0.684,Low-cost reactivation,Medium
15921,Hibernating,172,1,323.03,0.684,Low-cost reactivation,Medium
15303,Hibernating,290,1,574.02,0.684,Low-cost reactivation,Medium
13806,Needs Attention,63,1,256.38,0.684,Re-engage,Medium
15836,Needs Attention,50,1,137.37,0.684,Re-engage,Medium
16643,Hibernating,245,1,487.51,0.684,Low-cost reactivation,Medium
15438,Hibernating,131,1,156.58,0.684,Low-cost reactivation,Medium
16461,Hibernating,177,1,142.92,0.684,Low-cost reactivation,Medium
12802,Hibernating,186,1,397.58,0.684,Low-cost reactivation,Medium
18099,Hibernating,127,1,168.31,0.684,Low-cost reactivation,Medium
12715,Hibernating,106,1,263.36,0.683,Low-cost reactivation,Medium
15408,Hibernating,264,1,267.18,0.683,Low-cost reactivation,Medium
15348,Hibernating,72,1,158.04,0.683,Low-cost reactivation,Medium
15523,Hibernating,84,1,412.01,0.683,Low-cost reactivation,Medium
18277,Needs Attention,58,1,110.38,0.683,Re-engage,Medium
14687,Hibernating,106,1,628.38,0.683,Low-cost reactivation,Medium
13737,Hibernating,200,1,339.6,0.683,Low-cost reactivation,Medium
16893,Hibernating,366,1,145.93,0.683,Low-cost reactivation,Medium
16967,Hibernating,189,1,319.02,0.683,Low-cost reactivation,Medium
17967,Hibernating,371,1,112.27,0.682,Low-cost reactivation,Medium
16217,Hibernating,235,2,304.25,0.682,Low-cost reactivation,Medium
12976,Hibernating,211,1,738.6,0.682,Low-cost reactivation,Medium
16834,Hibernating,227,1,413.46,0.682,Low-cost reactivation,Medium
13740,Hibernating,240,1,350.75,0.682,Low-cost reactivation,Medium
14109,Hibernating,72,1,144.2,0.682,Low-cost reactivation,Medium
12769,Hibernating,238,1,1143.6,0.682,Low-cost reactivation,Medium
18009,Hibernating,235,1,247.39,0.681,Low-cost reactivation,Medium
13395,Hibernating,185,1,307.72,0.681,Low-cost reactivation,Medium
14764,Needs Attention,46,1,278.3,0.681,Re-engage,Medium
14908,Hibernating,74,1,277.8,0.681,Low-cost reactivation,Medium
12833,Hibernating,145,1,417.38,0.681,Low-cost reactivation,Medium
13690,Needs Attention,59,1,172.25,0.681,Re-engage,Medium
15254,Hibernating,127,1,300.36,0.681,Low-cost reactivation,Medium
17551,Hibernating,359,1,290.34,0.681,Low-cost reactivation,Medium
12793,Hibernating,334,2,461.48,0.681,Low-cost reactivation,Medium
14149,Hibernating,220,1,446.62,0.681,Low-cost reactivation,Medium
13358,Hibernating,268,1,439.03,0.681,Low-cost reactivation,Medium
18066,Hibernating,75,1,318.0,0.68,Low-cost reactivation,Medium
13347,Needs Attention,70,1,341.36,0.68,Re-engage,Medium
17946,Hibernating,233,2,149.58,0.68,Low-cost reactivation,Medium
15326,Hibernating,333,1,311.71,0.68,Low-cost reactivation,Medium
16614,Hibernating,182,1,506.19,0.68,Low-cost reactivation,Medium
16278,Hibernating,100,1,566.38,0.679,Low-cost reactivation,Medium
13833,Hibernating,159,1,383.85,0.679,Low-cost reactivation,Medium
12426,Hibernating,194,1,510.73,0.679,Low-cost reactivation,Medium
16965,Hibernating,226,1,192.07,0.679,Low-cost reactivation,Medium
16505,New / Promising,31,1,777.6,0.679,Onboard,Medium
15261,Hibernating,135,1,254.82,0.679,Low-cost reactivation,Medium
16516,New / Promising,30,1,101.7,0.679,Onboard,Medium
13364,Needs Attention,71,1,134.96,0.678,Re-engage,Medium
12588,Needs Attention,39,1,174.9,0.678,Re-engage,Medium
13385,Hibernating,329,1,534.57,0.678,Low-cost reactivation,Medium
12982,Hibernating,242,1,390.54,0.678,Low-cost reactivation,Medium
14114,Hibernating,273,2,386.53,0.678,Low-cost reactivation,Medium
15147,Hibernating,240,1,623.5,0.678,Low-cost reactivation,Medium
15314,Hibernating,199,1,327.97,0.678,Low-cost reactivation,Medium
14039,Needs Attention,33,1,152.2,0.678,Re-engage,Medium
15368,New / Promising,21,1,446.94,0.677,Onboard,Medium
14104,Hibernating,154,2,216.21,0.677,Low-cost reactivation,Medium
13800,Hibernating,309,1,558.32,0.677,Low-cost reactivation,Medium
13061,Hibernating,72,1,248.61,0.677,Low-cost reactivation,Medium
13934,Hibernating,263,1,922.1,0.677,Low-cost reactivation,Medium
12587,New / Promising,7,1,104.0,0.677,Onboard,Medium
18027,Hibernating,98,1,115.31,0.677,Low-cost reactivation,Medium
13045,Hibernating,99,1,305.28,0.677,Low-cost reactivation,Medium
13398,Hibernating,192,1,457.34,0.677,Low-cost reactivation,Medium
16823,Hibernating,227,1,358.38,0.677,Low-cost reactivation,Medium
13067,Hibernating,82,1,115.46,0.676,Low-cost reactivation,Medium
15517,Hibernating,233,1,267.03,0.675,Low-cost reactivation,Medium
13370,Hibernating,371,1,754.87,0.675,Low-cost reactivation,Medium
16305,Hibernating,138,1,361.22,0.675,Low-cost reactivation,Medium
16117,Hibernating,189,1,232.21,0.675,Low-cost reactivation,Medium
15158,Needs Attention,45,1,401.4,0.675,Re-engage,Medium
16147,Hibernating,133,1,375.0,0.675,Low-cost reactivation,Medium
16727,Hibernating,364,1,256.32,0.675,Low-cost reactivation,Medium
17124,Hibernating,185,1,294.24,0.674,Low-cost reactivation,Medium
16216,Hibernating,267,1,914.93,0.674,Low-cost reactivation,Medium
15619,New / Promising,10,1,336.4,0.674,Onboard,Medium
15120,Hibernating,133,1,358.82,0.674,Low-cost reactivation,Medium
16529,Hibernating,190,1,455.25,0.674,Low-cost reactivation,Medium
13103,Needs Attention,39,1,243.94,0.674,Re-engage,Medium
17860,Hibernating,368,1,226.45,0.673,Low-cost reactivation,Medium
16084,Hibernating,299,1,436.18,0.673,Low-cost reactivation,Medium
15504,Hibernating,81,1,52.83,0.673,Low-cost reactivation,Medium
18058,New / Promising,9,1,170.16,0.673,Onboard,Medium
12764,Hibernating,316,1,1693.88,0.673,Low-cost reactivation,Medium
17534,Needs Attention,53,1,223.36,0.673,Re-engage,Medium
14987,New / Promising,15,2,326.4,0.672,Onboard,Medium
13244,Hibernating,92,1,121.74,0.672,Low-cost reactivation,Medium
17046,Hibernating,157,1,642.02,0.672,Low-cost reactivation,Medium
13845,Needs Attention,64,1,312.98,0.672,Re-engage,Medium
17367,Hibernating,238,1,167.55,0.672,Low-cost reactivation,Medium
13479,Hibernating,200,2,300.95,0.672,Low-cost reactivation,Medium
12811,Hibernating,261,2,458.85,0.671,Low-cost reactivation,Medium
13044,Hibernating,291,1,560.47,0.671,Low-cost reactivation,Medium
13678,Hibernating,151,1,232.6,0.671,Low-cost reactivation,Medium
14036,Hibernating,284,1,626.65,0.67,Low-cost reactivation,Medium
16432,Needs Attention,64,1,287.4,0.67,Re-engage,Medium
14789,New / Promising,28,1,197.64,0.67,Onboard,Medium
14537,Needs Attention,57,1,355.56,0.67,Re-engage,Medium
16721,Hibernating,262,1,292.47,0.67,Low-cost reactivation,Medium
17148,Needs Attention,51,1,124.88,0.67,Re-engage,Medium
15437,Hibernating,262,1,200.16,0.67,Low-cost reactivation,Medium
14722,Hibernating,147,1,180.42,0.67,Low-cost reactivation,Medium
12729,Hibernating,113,1,417.01,0.67,Low-cost reactivation,Medium
13075,Hibernating,129,1,919.61,0.67,Low-cost reactivation,Medium
16957,Hibernating,239,2,416.64,0.67,Low-cost reactivation,Medium
13936,Hibernating,179,1,376.58,0.67,Low-cost reactivation,Medium
14489,Hibernating,207,1,463.38,0.669,Low-cost reactivation,Medium
13938,Needs Attention,35,1,71.66,0.669,Re-engage,Medium
16634,Hibernating,222,2,217.9,0.669,Low-cost reactivation,Medium
18215,Hibernating,89,1,299.34,0.669,Low-cost reactivation,Medium
13166,Hibernating,283,1,417.2,0.669,Low-cost reactivation,Medium
17970,Hibernating,211,1,562.79,0.669,Low-cost reactivation,Medium
13858,Needs Attention,57,1,216.17,0.669,Re-engage,Medium
17976,Hibernating,372,1,321.79,0.668,Low-cost reactivation,Medium
16116,Hibernating,211,1,612.78,0.668,Low-cost reactivation,Medium
13621,Hibernating,116,1,213.85,0.668,Low-cost reactivation,Medium
16181,Hibernating,73,1,305.54,0.668,Low-cost reactivation,Medium
15541,Hibernating,114,1,85.13,0.668,Low-cost reactivation,Medium
15655,Hibernating,243,1,560.67,0.668,Low-cost reactivation,Medium
14022,Hibernating,225,1,440.0,0.667,Low-cost reactivation,Medium
13885,Hibernating,189,2,506.8,0.667,Low-cost reactivation,Medium
16718,Hibernating,369,1,606.05,0.667,Low-cost reactivation,Medium
12743,Hibernating,134,2,540.13,0.667,Low-cost reactivation,Medium
18222,Hibernating,92,1,443.0,0.667,Low-cost reactivation,Medium
15342,Hibernating,129,1,406.09,0.667,Low-cost reactivation,Medium
15652,Hibernating,91,1,337.74,0.667,Low-cost reactivation,Medium
14333,Needs Attention,67,1,415.2,0.666,Re-engage,Medium
15739,Needs Attention,66,1,449.12,0.666,Re-engage,Medium
17415,Hibernating,79,1,507.84,0.666,Low-cost reactivation,Medium
13753,Hibernating,287,1,741.26,0.666,Low-cost reactivation,Medium
16179,Needs Attention,60,1,215.83,0.666,Re-engage,Medium
13325,Hibernating,81,1,675.3,0.665,Low-cost reactivation,Medium
15724,Hibernating,201,2,218.25,0.665,Low-cost reactivation,Medium
16113,Hibernating,183,1,161.38,0.665,Low-cost reactivation,Medium
15803,Needs Attention,51,1,415.82,0.665,Re-engage,Medium
16272,Hibernating,116,1,411.7,0.665,Low-cost reactivation,Medium
17186,Needs Attention,46,2,144.0,0.665,Re-engage,Medium
13572,Hibernating,205,1,1384.25,0.665,Low-cost reactivation,Medium
15460,Hibernating,354,1,214.26,0.664,Low-cost reactivation,Medium
15512,Hibernating,155,2,121.0,0.664,Low-cost reactivation,Medium
14400,Hibernating,149,1,574.7,0.664,Low-cost reactivation,Medium
17431,Hibernating,313,1,403.3,0.664,Low-cost reactivation,Medium
18209,New / Promising,28,1,139.1,0.664,Onboard,Medium
15639,Hibernating,134,1,425.32,0.664,Low-cost reactivation,Medium
12430,Needs Attention,43,1,216.4,0.663,Re-engage,Medium
15327,Needs Attention,52,1,208.75,0.663,Re-engage,Medium
17854,Hibernating,185,2,311.26,0.663,Low-cost reactivation,Medium
14988,Hibernating,211,1,334.54,0.663,Low-cost reactivation,Medium
17899,Hibernating,159,1,154.55,0.663,Low-cost reactivation,Medium
16451,Hibernating,87,1,266.97,0.663,Low-cost reactivation,Medium
13568,Hibernating,173,1,187.05,0.663,Low-cost reactivation,Medium
16647,Hibernating,169,2,214.06,0.662,Low-cost reactivation,Medium
12461,Hibernating,154,1,626.88,0.662,Low-cost reactivation,Medium
15766,Needs Attention,64,1,315.06,0.662,Re-engage,Medium
13483,Needs Attention,65,1,140.34,0.661,Re-engage,Medium
17446,Hibernating,176,2,120.9,0.661,Low-cost reactivation,Medium
14212,Hibernating,89,1,1070.48,0.661,Low-cost reactivation,Medium
16215,Hibernating,80,1,242.35,0.661,Low-cost reactivation,Medium
16275,Hibernating,196,1,559.87,0.661,Low-cost reactivation,Medium
13341,Hibernating,260,1,775.85,0.661,Low-cost reactivation,Medium
16527,Hibernating,81,1,228.06,0.661,Low-cost reactivation,Medium
12735,Hibernating,315,2,689.57,0.661,Low-cost reactivation,Medium
17908,Hibernating,373,1,232.03,0.661,Low-cost reactivation,Medium
17303,Hibernating,361,1,250.04,0.661,Low-cost reactivation,Medium
15463,New / Promising,29,1,126.14,0.661,Onboard,Medium
15585,Hibernating,176,1,455.3,0.661,Low-cost reactivation,Medium
15746,Hibernating,134,1,196.88,0.66,Low-cost reactivation,Medium
12652,Hibernating,331,1,793.98,0.66,Low-cost reactivation,Medium
12922,Hibernating,161,1,405.38,0.66,Low-cost reactivation,Medium
16198,Hibernating,75,1,400.68,0.66,Low-cost reactivation,Medium
15740,Needs Attention,49,1,154.88,0.66,Re-engage,Medium
16392,Hibernating,269,1,217.89,0.659,Low-cost reactivation,Medium
13745,Hibernating,162,1,300.04,0.659,Low-cost reactivation,Medium
16680,Needs Attention,43,1,183.7,0.659,Re-engage,Medium
14494,New / Promising,25,1,139.56,0.659,Onboard,Medium
15758,New / Promising,24,1,205.25,0.659,Onboard,Medium
16142,Hibernating,249,1,535.34,0.658,Low-cost reactivation,Medium
17805,Hibernating,73,1,512.31,0.658,Low-cost reactivation,Medium
17022,New / Promising,31,1,71.0,0.657,Onboard,Medium
13210,Hibernating,93,1,353.48,0.657,Low-cost reactivation,Medium
18200,Hibernating,106,1,150.35,0.657,Low-cost reactivation,Medium
17030,Needs Attention,63,1,146.87,0.657,Re-engage,Medium
17781,Hibernating,159,2,188.02,0.657,Low-cost reactivation,Medium
15992,New / Promising,3,1,41.99,0.657,Onboard,Medium
13390,Hibernating,74,1,544.08,0.657,Low-cost reactivation,Medium
13116,Hibernating,138,1,501.14,0.657,Low-cost reactivation,Medium
12644,Hibernating,129,1,477.91,0.656,Low-cost reactivation,Medium
17506,Hibernating,75,1,302.2,0.656,Low-cost reactivation,Medium
15659,Needs Attention,43,1,306.45,0.655,Re-engage,Medium
14242,Hibernating,234,2,280.55,0.655,Low-cost reactivation,Medium
15386,Hibernating,186,1,394.14,0.655,Low-cost reactivation,Medium
13980,Needs Attention,60,1,200.14,0.655,Re-engage,Medium
15507,Hibernating,171,1,475.86,0.655,Low-cost reactivation,Medium
15503,Hibernating,362,1,141.04,0.655,Low-cost reactivation,Medium
14549,Hibernating,311,1,289.24,0.655,Low-cost reactivation,Medium
16789,New / Promising,8,1,80.8,0.654,Onboard,Medium
17785,Needs Attention,53,1,131.94,0.654,Re-engage,Medium
12602,Needs Attention,58,1,153.12,0.654,Re-engage,Medium
16846,Needs Attention,50,1,214.32,0.654,Re-engage,Medium
17791,New / Promising,29,1,106.1,0.653,Onboard,Medium
13127,Hibernating,77,1,259.17,0.653,Low-cost reactivation,Medium
16274,Hibernating,373,1,331.55,0.653,Low-cost reactivation,Medium
16337,Needs Attention,36,1,151.05,0.653,Re-engage,Medium
16183,Needs Attention,67,1,338.71,0.653,Re-engage,Medium
17051,Hibernating,194,1,240.89,0.653,Low-cost reactivation,Medium
16400,Hibernating,94,1,303.93,0.652,Low-cost reactivation,Medium
16847,Needs Attention,43,1,193.44,0.652,Re-engage,Medium
17962,Hibernating,142,1,102.41,0.652,Low-cost reactivation,Medium
12514,Hibernating,267,1,1017.68,0.652,Low-cost reactivation,Medium
15689,Hibernating,119,2,254.1,0.652,Low-cost reactivation,Medium
15886,Needs Attention,60,1,181.09,0.652,Re-engage,Medium
14641,New / Promising,21,1,110.46,0.652,Onboard,Medium
13501,Hibernating,288,1,1340.32,0.652,Low-cost reactivation,Medium
16820,Hibernating,95,1,497.61,0.651,Low-cost reactivation,Medium
15458,New / Promising,25,1,161.64,0.651,Onboard,Medium
12521,Hibernating,142,1,545.68,0.651,Low-cost reactivation,Medium
14806,Hibernating,75,1,193.39,0.651,Low-cost reactivation,Medium
17660,Hibernating,141,1,178.75,0.651,Low-cost reactivation,Medium
17499,Hibernating,289,1,622.88,0.65,Low-cost reactivation,Medium
14501,Hibernating,183,2,251.21,0.65,Low-cost reactivation,Medium
15096,Needs Attention,42,1,219.39,0.65,Re-engage,Medium
13355,Hibernating,122,1,674.7,0.65,Low-cost reactivation,Medium
13710,New / Promising,31,1,180.48,0.65,Onboard,Medium
17947,Needs Attention,37,1,176.68,0.649,Re-engage,Medium
17475,Hibernating,79,1,194.37,0.649,Low-cost reactivation,Medium
15678,Needs Attention,52,1,352.7,0.649,Re-engage,Medium
13348,Needs Attention,64,1,233.76,0.649,Re-engage,Medium
13351,Needs Attention,66,1,373.94,0.648,Re-engage,Medium
15415,Hibernating,313,1,559.61,0.648,Low-cost reactivation,Medium
16462,Hibernating,73,3,136.0,0.647,Low-cost reactivation,Medium
15457,Hibernating,262,1,237.07,0.647,Low-cost reactivation,Medium
15343,Hibernating,87,1,364.5,0.647,Low-cost reactivation,Medium
16447,Hibernating,135,1,255.91,0.647,Low-cost reactivation,Medium
15844,Needs Attention,46,1,130.74,0.646,Re-engage,Medium
16484,Hibernating,173,2,404.3,0.646,Low-cost reactivation,Medium
13886,Needs Attention,71,1,243.56,0.646,Re-engage,Medium
13177,Needs Attention,64,1,282.45,0.646,Re-engage,Medium
14520,New / Promising,1,2,270.6,0.646,Onboard,Medium
12512,Needs Attention,66,2,132.18,0.645,Re-engage,Medium
16177,Needs Attention,50,1,331.95,0.645,Re-engage,Medium
13121,Hibernating,269,1,283.73,0.645,Low-cost reactivation,Medium
14089,Needs Attention,56,1,158.75,0.645,Re-engage,Medium
15428,New / Promising,15,1,93.78,0.645,Onboard,Medium
13708,Hibernating,271,1,283.33,0.645,Low-cost reactivation,Medium
16795,Hibernating,365,1,414.88,0.645,Low-cost reactivation,Medium
12418,Hibernating,112,1,668.58,0.645,Low-cost reactivation,Medium
16494,Hibernating,296,1,826.53,0.644,Low-cost reactivation,Medium
15432,New / Promising,23,1,171.19,0.644,Onboard,Medium
12519,Needs Attention,63,1,276.84,0.644,Re-engage,Medium
12702,New / Promising,19,1,201.0,0.644,Onboard,Medium
16835,Hibernating,128,2,180.85,0.644,Low-cost reactivation,Medium
14624,Needs Attention,57,2,225.85,0.643,Re-engage,Medium
12493,Hibernating,165,2,415.74,0.643,Low-cost reactivation,Medium
13497,Hibernating,282,2,348.05,0.643,Low-cost reactivation,Medium
12612,Hibernating,74,1,668.04,0.643,Low-cost reactivation,Medium
14420,Hibernating,99,1,387.52,0.642,Low-cost reactivation,Medium
13291,Hibernating,155,1,361.11,0.642,Low-cost reactivation,Medium
12582,Hibernating,238,2,351.36,0.642,Low-cost reactivation,Medium
14459,Hibernating,155,1,1837.92,0.642,Low-cost reactivation,Medium
18274,New / Promising,30,1,175.92,0.642,Onboard,Medium
14975,Needs Attention,57,1,279.94,0.642,Re-engage,Medium
15139,Hibernating,239,2,178.96,0.642,Low-cost reactivation,Medium
14076,Hibernating,129,1,118.67,0.642,Low-cost reactivation,Medium
17514,Hibernating,128,1,208.65,0.642,Low-cost reactivation,Medium
14729,Hibernating,373,1,313.49,0.642,Low-cost reactivation,Medium
16796,Hibernating,89,1,305.62,0.641,Low-cost reactivation,Medium
15385,Needs Attention,40,1,316.88,0.641,Re-engage,Medium
12513,Hibernating,112,1,558.29,0.641,Low-cost reactivation,Medium
17891,Hibernating,162,1,203.86,0.641,Low-cost reactivation,Medium
12497,Hibernating,81,1,953.1,0.641,Low-cost reactivation,Medium
17968,Hibernating,373,1,265.1,0.64,Low-cost reactivation,Medium
12566,Hibernating,86,1,297.65,0.64,Low-cost reactivation,Medium
14799,Needs Attention,51,1,157.7,0.64,Re-engage,Medium
13474,Hibernating,236,1,226.84,0.64,Low-cost reactivation,Medium
12988,Hibernating,292,1,505.82,0.64,Low-cost reactivation,Medium
13298,New / Promising,1,1,360.0,0.64,Onboard,Medium
15277,Needs Attention,46,1,255.9,0.64,Re-engage,Medium
15598,Needs Attention,53,1,240.68,0.639,Re-engage,Medium
13439,Hibernating,255,1,283.71,0.639,Low-cost reactivation,Medium
14512,Hibernating,187,2,275.28,0.639,Low-cost reactivation,Medium
13642,Hibernating,215,1,312.28,0.639,Low-cost reactivation,Medium
15198,Hibernating,92,2,193.64,0.639,Low-cost reactivation,Medium
13245,Needs Attention,50,1,430.5,0.639,Re-engage,Medium
14929,New / Promising,32,1,223.88,0.638,Onboard,Medium
12618,New / Promising,21,1,137.31,0.638,Onboard,Medium
17650,New / Promising,21,1,166.08,0.638,Onboard,Medium
17619,Hibernating,312,1,214.37,0.638,Low-cost reactivation,Medium
14130,Hibernating,319,1,480.91,0.638,Low-cost reactivation,Medium
16065,Hibernating,365,1,367.14,0.638,Low-cost reactivation,Medium
14757,Hibernating,75,1,420.5,0.638,Low-cost reactivation,Medium
15637,Needs Attention,52,1,223.36,0.638,Re-engage,Medium
16848,Needs Attention,52,1,281.42,0.638,Re-engage,Medium
13182,Needs Attention,45,1,121.18,0.638,Re-engage,Medium
14479,Hibernating,253,2,316.25,0.637,Low-cost reactivation,Medium
14557,Hibernating,85,1,788.38,0.637,Low-cost reactivation,Medium
17984,Hibernating,145,1,152.68,0.637,Low-cost reactivation,Medium
15019,Hibernating,266,1,252.81,0.637,Low-cost reactivation,Medium
14863,New / Promising,29,1,266.76,0.637,Onboard,Medium
14218,Needs Attention,42,1,169.48,0.637,Re-engage,Medium
13506,Hibernating,316,2,458.52,0.637,Low-cost reactivation,Medium
15832,Hibernating,254,1,836.79,0.637,Low-cost reactivation,Medium
16414,New / Promising,21,2,126.25,0.637,Onboard,Medium
13243,Hibernating,203,1,585.12,0.636,Low-cost reactivation,Medium
15480,Hibernating,116,1,905.5,0.636,Low-cost reactivation,Medium
15468,Needs Attention,51,2,467.51,0.636,Re-engage,Medium
12354,Hibernating,232,1,1079.4,0.636,Low-cost reactivation,Medium
18146,Hibernating,140,2,160.35,0.636,Low-cost reactivation,Medium
16793,Needs Attention,57,1,243.84,0.635,Re-engage,Medium
13339,Hibernating,200,1,860.12,0.635,Low-cost reactivation,Medium
12938,New / Promising,25,1,114.14,0.635,Onboard,Medium
12739,Hibernating,99,1,975.54,0.635,Low-cost reactivation,Medium
14222,Hibernating,177,1,683.17,0.635,Low-cost reactivation,Medium
17973,Needs Attention,51,1,337.04,0.635,Re-engage,Medium
12718,Needs Attention,71,1,202.25,0.635,Re-engage,Medium
14484,Needs Attention,50,1,321.92,0.635,Re-engage,Medium
15127,Needs Attention,65,1,406.53,0.635,Re-engage,Medium
14264,Hibernating,154,2,333.97,0.635,Low-cost reactivation,Medium
13235,Hibernating,212,1,1031.07,0.635,Low-cost reactivation,Medium
12703,Needs Attention,71,1,265.55,0.635,Re-engage,Medium
17538,New / Promising,25,1,98.42,0.635,Onboard,Medium
15567,New / Promising,18,1,186.01,0.635,Onboard,Medium
16211,Hibernating,88,1,547.02,0.635,Low-cost reactivation,Medium
16091,Hibernating,154,2,315.06,0.634,Low-cost reactivation,Medium
12812,Needs Attention,44,1,229.64,0.634,Re-engage,Medium
14638,Needs Attention,50,1,443.6,0.634,Re-engage,Medium
14331,Hibernating,124,2,462.66,0.634,Low-cost reactivation,Medium
12453,Hibernating,134,1,707.09,0.634,Low-cost reactivation,Medium
15372,Hibernating,137,1,2007.4,0.634,Low-cost reactivation,Medium
16627,Hibernating,79,1,322.8,0.634,Low-cost reactivation,Medium
16236,Hibernating,78,1,432.2,0.634,Low-cost reactivation,Medium
15193,Needs Attention,60,1,499.32,0.633,Re-engage,Medium
15419,New / Promising,24,1,135.86,0.633,Onboard,Medium
13638,New / Promising,15,1,122.64,0.633,Onboard,Medium
12581,Needs Attention,39,1,179.71,0.632,Re-engage,Medium
12795,New / Promising,18,1,318.48,0.632,Onboard,Medium
15360,Needs Attention,39,1,427.93,0.632,Re-engage,Medium
18276,Needs Attention,43,1,335.86,0.632,Re-engage,Medium
12586,New / Promising,17,1,196.94,0.632,Onboard,Medium
14974,Needs Attention,37,1,89.94,0.632,Re-engage,Medium
13926,New / Promising,23,1,223.85,0.632,Onboard,Medium
15341,Hibernating,80,1,2020.52,0.632,Low-cost reactivation,Medium
13193,Needs Attention,61,1,112.08,0.632,Re-engage,Medium
17680,New / Promising,23,1,184.4,0.632,Onboard,Medium
13763,Needs Attention,63,1,1714.96,0.631,Re-engage,Medium
13151,Hibernating,295,1,1257.87,0.631,Low-cost reactivation,Medium
17172,Hibernating,78,1,317.76,0.631,Low-cost reactivation,Medium
16022,Hibernating,260,1,602.63,0.631,Low-cost reactivation,Medium
13372,Hibernating,89,1,378.64,0.631,Low-cost reactivation,Medium
16123,Needs Attention,51,1,307.78,0.631,Re-engage,Medium
13697,Needs Attention,38,1,151.3,0.631,Re-engage,Medium
15866,Hibernating,101,1,211.89,0.63,Low-cost reactivation,Medium
12552,Needs Attention,39,1,317.82,0.63,Re-engage,Medium
15930,Needs Attention,67,1,426.63,0.63,Re-engage,Medium
14552,Hibernating,151,1,164.22,0.63,Low-cost reactivation,Medium
15664,Needs Attention,50,1,386.43,0.63,Re-engage,Medium
17339,Hibernating,94,2,243.36,0.63,Low-cost reactivation,Medium
15732,Hibernating,212,2,294.12,0.63,Low-cost reactivation,Medium
17684,Needs Attention,43,1,239.41,0.629,Re-engage,Medium
18190,Hibernating,192,2,284.46,0.629,Low-cost reactivation,Medium
18249,New / Promising,17,1,95.34,0.629,Onboard,Medium
18078,Hibernating,217,2,336.13,0.629,Low-cost reactivation,Medium
13503,Needs Attention,71,1,216.85,0.628,Re-engage,Medium
14865,New / Promising,7,2,52.2,0.628,Onboard,Medium
15345,Needs Attention,45,1,393.54,0.628,Re-engage,Medium
15667,Needs Attention,39,1,301.32,0.628,Re-engage,Medium
14375,Hibernating,185,1,235.56,0.627,Low-cost reactivation,Medium
17824,Needs Attention,51,1,298.4,0.627,Re-engage,Medium
15795,Hibernating,149,1,610.01,0.627,Low-cost reactivation,Medium
12851,Hibernating,96,1,131.81,0.627,Low-cost reactivation,Medium
15692,New / Promising,28,1,191.04,0.627,Onboard,Medium
15748,Needs Attention,40,1,144.36,0.627,Re-engage,Medium
18105,Needs Attention,37,1,113.48,0.627,Re-engage,Medium
13419,Needs Attention,63,1,221.06,0.626,Re-engage,Medium
17901,New / Promising,29,1,110.38,0.626,Onboard,Medium
15076,Hibernating,172,1,880.85,0.626,Low-cost reactivation,Medium
13774,Hibernating,81,1,345.0,0.626,Low-cost reactivation,Medium
15604,Needs Attention,52,1,216.39,0.626,Re-engage,Medium
14073,New / Promising,32,1,151.04,0.625,Onboard,Medium
15092,Hibernating,215,2,457.81,0.625,Low-cost reactivation,Medium
16552,Hibernating,242,2,379.73,0.625,Low-cost reactivation,Medium
12532,New / Promising,30,1,313.83,0.625,Onboard,Medium
14894,Hibernating,85,1,655.75,0.625,Low-cost reactivation,Medium
15891,Hibernating,226,1,509.13,0.624,Low-cost reactivation,Medium
14518,Needs Attention,64,1,174.37,0.624,Re-engage,Medium
12891,Hibernating,185,3,331.0,0.624,Low-cost reactivation,Medium
17889,Hibernating,212,2,201.37,0.624,Low-cost reactivation,Medium
13754,Hibernating,151,2,282.6,0.624,Low-cost reactivation,Medium
16404,Needs Attention,70,1,443.05,0.624,Re-engage,Medium
17895,Needs Attention,44,1,95.45,0.624,Re-engage,Medium
17498,Hibernating,75,1,272.22,0.624,Low-cost reactivation,Medium
15774,Needs Attention,68,1,270.8,0.624,Re-engage,Medium
13927,Hibernating,74,1,348.99,0.624,Low-cost reactivation,Medium
15074,Hibernating,105,1,735.67,0.623,Low-cost reactivation,Medium
13897,Needs Attention,50,1,311.16,0.623,Re-engage,Medium
14184,Needs Attention,66,1,452.89,0.623,Re-engage,Medium
15041,Hibernating,170,1,179.93,0.623,Low-cost reactivation,Medium
15243,Hibernating,74,1,316.68,0.623,Low-cost reactivation,Medium
12544,Needs Attention,36,1,316.7,0.622,Re-engage,Medium
17742,Hibernating,113,2,355.11,0.622,Low-cost reactivation,Medium
13837,Hibernating,211,2,266.59,0.622,Low-cost reactivation,Medium
14714,New / Promising,24,1,160.19,0.621,Onboard,Medium
14601,New / Promising,10,1,213.96,0.621,Onboard,Medium
14951,Hibernating,79,1,311.69,0.621,Low-cost reactivation,Medium
15912,Hibernating,178,2,264.62,0.621,Low-cost reactivation,Medium
13649,Hibernating,256,2,346.6,0.621,Low-cost reactivation,Medium
16536,Hibernating,110,1,548.12,0.621,Low-cost reactivation,Medium
16832,Hibernating,184,3,199.15,0.621,Low-cost reactivation,Medium
17649,Hibernating,138,1,868.49,0.621,Low-cost reactivation,Medium
15880,Hibernating,369,1,329.03,0.62,Low-cost reactivation,Medium
15920,Hibernating,154,3,163.55,0.62,Low-cost reactivation,Medium
13731,Hibernating,219,2,610.59,0.62,Low-cost reactivation,Medium
16909,Hibernating,72,1,379.14,0.62,Low-cost reactivation,Medium
14652,Hibernating,77,1,114.18,0.62,Low-cost reactivation,Medium
17010,New / Promising,18,1,195.36,0.62,Onboard,Medium
17223,Hibernating,310,2,381.89,0.62,Low-cost reactivation,Medium
13359,Needs Attention,63,1,439.56,0.62,Re-engage,Medium
16988,New / Promising,5,1,126.12,0.619,Onboard,Medium
13531,Hibernating,205,2,483.8,0.619,Low-cost reactivation,Medium
12405,Hibernating,148,1,1390.39,0.619,Low-cost reactivation,Medium
17440,Hibernating,156,3,186.42,0.619,Low-cost reactivation,Medium
13453,Hibernating,165,2,356.98,0.618,Low-cost reactivation,Medium
17153,New / Promising,24,1,213.78,0.618,Onboard,Medium
15975,Hibernating,84,1,371.01,0.618,Low-cost reactivation,Medium
14048,Hibernating,305,1,409.93,0.618,Low-cost reactivation,Medium
13801,Needs Attention,66,1,324.8,0.618,Re-engage,Medium
13923,Needs Attention,53,1,351.13,0.618,Re-engage,Medium
16758,Needs Attention,65,1,369.34,0.618,Re-engage,Medium
16250,Hibernating,261,2,389.44,0.617,Low-cost reactivation,Medium
13504,Needs Attention,64,1,295.93,0.617,Re-engage,Medium
12923,Needs Attention,64,1,171.57,0.617,Re-engage,Medium
16982,Needs Attention,60,1,384.06,0.617,Re-engage,Medium
18053,Needs Attention,70,1,300.02,0.617,Re-engage,Medium
16866,Hibernating,140,3,207.74,0.617,Low-cost reactivation,Medium
17969,Hibernating,166,2,228.2,0.617,Low-cost reactivation,Medium
14793,New / Promising,21,1,228.99,0.617,Onboard,Medium
17205,Needs Attention,53,1,384.08,0.616,Re-engage,Medium
14768,New / Promising,17,2,192.6,0.616,Onboard,Medium
12592,Hibernating,92,2,401.6,0.616,Low-cost reactivation,Medium
17038,New / Promising,30,1,112.4,0.615,Onboard,Medium
17035,Hibernating,245,2,433.53,0.615,Low-cost reactivation,Medium
15099,Hibernating,84,1,410.48,0.615,Low-cost reactivation,Medium
18273,New / Promising,2,3,204.0,0.615,Onboard,Medium
16412,Needs Attention,53,1,135.99,0.614,Re-engage,Medium
14915,Hibernating,91,2,307.48,0.614,Low-cost reactivation,Medium
14666,New / Promising,24,1,179.95,0.614,Onboard,Medium
15837,Needs Attention,64,1,391.98,0.613,Re-engage,Medium
17256,Hibernating,107,2,240.0,0.613,Low-cost reactivation,Medium
17070,Hibernating,114,1,304.24,0.613,Low-cost reactivation,Medium
17011,New / Promising,30,1,270.9,0.613,Onboard,Medium
16826,Needs Attention,51,1,341.7,0.613,Re-engage,Medium
17222,Needs Attention,65,1,328.65,0.613,Re-engage,Medium
14015,Needs Attention,52,1,917.34,0.613,Re-engage,Medium
13005,Hibernating,173,2,513.7,0.613,Low-cost reactivation,Medium
13853,Needs Attention,57,1,1090.14,0.612,Re-engage,Medium
18071,Hibernating,257,2,453.0,0.612,Low-cost reactivation,Medium
14491,Hibernating,175,2,340.93,0.612,Low-cost reactivation,Medium
13357,Hibernating,257,1,609.4,0.611,Low-cost reactivation,Medium
14753,Hibernating,87,1,563.15,0.611,Low-cost reactivation,Medium
13583,Hibernating,155,1,781.03,0.611,Low-cost reactivation,Medium
15035,Hibernating,89,1,252.73,0.611,Low-cost reactivation,Medium
15017,Needs Attention,33,1,125.58,0.611,Re-engage,Medium
15325,Hibernating,103,1,161.74,0.611,Low-cost reactivation,Medium
13602,Needs Attention,64,1,428.89,0.61,Re-engage,Medium
16141,Hibernating,88,1,620.4,0.61,Low-cost reactivation,Medium
12878,Hibernating,236,2,854.99,0.61,Low-cost reactivation,Medium
17836,Needs Attention,47,1,109.83,0.61,Re-engage,Medium
14171,Hibernating,98,1,363.79,0.61,Low-cost reactivation,Medium
14317,Needs Attention,64,1,508.58,0.61,Re-engage,Medium
14473,Hibernating,74,2,234.34,0.61,Low-cost reactivation,Medium
12448,Needs Attention,44,1,365.45,0.61,Re-engage,Medium
16715,Hibernating,78,1,301.72,0.61,Low-cost reactivation,Medium
15264,Needs Attention,64,1,393.74,0.61,Re-engage,Medium
12579,Hibernating,78,1,386.42,0.61,Low-cost reactivation,Medium
16433,New / Promising,28,1,184.26,0.609,Onboard,Medium
16569,New / Promising,3,1,124.2,0.609,Onboard,Medium
15557,New / Promising,28,1,468.91,0.609,Onboard,Medium
12966,New / Promising,9,1,160.18,0.609,Onboard,Medium
15417,Hibernating,85,1,508.8,0.608,Low-cost reactivation,Medium
13670,Hibernating,75,1,349.7,0.608,Low-cost reactivation,Medium
14105,Hibernating,239,1,1266.23,0.608,Low-cost reactivation,Medium
15069,Hibernating,179,1,1109.53,0.608,Low-cost reactivation,Medium
14860,New / Promising,19,1,170.32,0.608,Onboard,Medium
16071,Needs Attention,44,1,326.24,0.608,Re-engage,Medium
16803,Needs Attention,65,1,332.3,0.607,Re-engage,Medium
16104,Needs Attention,61,1,298.21,0.607,Re-engage,Medium
16650,Needs Attention,71,1,518.42,0.607,Re-engage,Medium
17253,New / Promising,18,1,178.26,0.607,Onboard,Medium
12915,Hibernating,148,2,363.65,0.606,Low-cost reactivation,Medium
16773,Needs Attention,57,1,171.59,0.606,Re-engage,Medium
15986,New / Promising,30,1,168.12,0.606,Onboard,Medium
12534,Hibernating,130,1,981.18,0.606,Low-cost reactivation,Medium
13146,New / Promising,26,1,228.91,0.606,Onboard,Medium
13405,Hibernating,204,2,557.45,0.605,Low-cost reactivation,Medium
12660,New / Promising,11,1,227.1,0.604,Onboard,Medium
12531,New / Promising,14,1,125.22,0.604,Onboard,Medium
16689,Hibernating,75,2,422.6,0.604,Low-cost reactivation,Medium
17362,Hibernating,239,2,312.23,0.604,Low-cost reactivation,Medium
14528,Needs Attention,37,1,364.22,0.604,Re-engage,Medium
12824,Needs Attention,59,1,397.12,0.604,Re-engage,Medium
16318,Needs Attention,35,1,328.15,0.604,Re-engage,Medium
13368,Hibernating,256,2,623.4,0.604,Low-cost reactivation,Medium
15634,New / Promising,17,1,243.55,0.604,Onboard,Medium
12872,Hibernating,326,2,599.97,0.604,Low-cost reactivation,Medium
13085,Hibernating,157,2,416.08,0.603,Low-cost reactivation,Medium
14098,Needs Attention,36,1,147.35,0.603,Re-engage,Medium
17333,Hibernating,85,1,494.25,0.603,Low-cost reactivation,Medium
16648,Needs Attention,42,1,290.66,0.603,Re-engage,Medium
16017,Needs Attention,47,1,211.88,0.603,Re-engage,Medium
16054,Hibernating,145,1,783.9,0.603,Low-cost reactivation,Medium
15075,Hibernating,77,1,773.03,0.603,Low-cost reactivation,Medium
17154,Hibernating,75,1,329.34,0.602,Low-cost reactivation,Medium
12763,Hibernating,138,2,494.08,0.602,Low-cost reactivation,Medium
12390,Hibernating,79,1,504.84,0.602,Low-cost reactivation,Medium
17600,New / Promising,17,1,161.67,0.602,Onboard,Medium
12740,Needs Attention,63,1,427.6,0.602,Re-engage,Medium
13667,Hibernating,149,1,299.05,0.601,Low-cost reactivation,Medium
15010,Needs Attention,35,1,308.94,0.601,Re-engage,Medium
15612,Needs Attention,36,2,195.15,0.601,Re-engage,Medium
13352,Needs Attention,60,1,397.98,0.601,Re-engage,Medium
14620,Hibernating,205,2,412.78,0.601,Low-cost reactivation,Medium
16207,New / Promising,25,1,394.38,0.6,Onboard,Medium
12420,Needs Attention,63,1,600.39,0.6,Re-engage,Medium
17248,Hibernating,120,1,318.65,0.6,Low-cost reactivation,Medium
14495,Needs Attention,50,2,123.8,0.6,Re-engage,Medium
15713,Hibernating,143,2,356.7,0.6,Low-cost reactivation,Medium
12631,Needs Attention,57,1,480.5,0.599,Re-engage,Medium
12538,New / Promising,29,1,363.95,0.599,Onboard,Medium
17480,Hibernating,77,1,511.82,0.599,Low-cost reactivation,Medium
16956,New / Promising,17,1,308.74,0.599,Onboard,Medium
15475,Hibernating,77,1,454.11,0.599,Low-cost reactivation,Medium
15185,Needs Attention,70,1,310.62,0.599,Re-engage,Medium
17163,New / Promising,21,2,293.1,0.598,Onboard,Medium
14219,New / Promising,4,1,89.94,0.598,Onboard,Medium
16222,Hibernating,318,1,773.55,0.598,Low-cost reactivation,Medium
13525,New / Promising,14,2,628.78,0.598,Onboard,Medium
16613,Needs Attention,70,1,618.59,0.598,Re-engage,Medium
15175,Needs Attention,71,1,224.14,0.598,Re-engage,Medium
14474,Needs Attention,46,1,547.66,0.598,Re-engage,Medium
15300,Needs Attention,64,1,496.44,0.597,Re-engage,Medium
17926,Hibernating,133,2,397.29,0.597,Low-cost reactivation,Medium
14585,Needs Attention,50,1,157.05,0.597,Re-engage,Medium
13598,Needs Attention,47,1,160.04,0.597,Re-engage,Medium
13434,Hibernating,74,2,534.24,0.596,Low-cost reactivation,Medium
13003,Hibernating,105,3,149.05,0.596,Low-cost reactivation,Medium
12491,Needs Attention,38,1,424.4,0.596,Re-engage,Medium
17274,Needs Attention,35,1,107.82,0.596,Re-engage,Medium
17344,Needs Attention,46,1,157.62,0.596,Re-engage,Medium
17436,New / Promising,1,2,216.3,0.596,Onboard,Medium
17761,New / Promising,32,1,712.78,0.595,Onboard,Medium
16413,Needs Attention,56,1,262.2,0.595,Re-engage,Medium
16861,Needs Attention,59,2,173.76,0.594,Re-engage,Medium
14037,Hibernating,176,2,147.2,0.594,Low-cost reactivation,Medium
18164,Needs Attention,37,1,399.65,0.594,Re-engage,Medium
16574,Needs Attention,71,1,451.44,0.593,Re-engage,Medium
17358,Hibernating,303,2,360.81,0.593,Low-cost reactivation,Medium
17985,New / Promising,22,1,631.35,0.593,Onboard,Medium
17392,Hibernating,306,2,411.27,0.593,Low-cost reactivation,Medium
13986,New / Promising,17,1,320.46,0.592,Onboard,Medium
15994,Needs Attention,54,1,414.27,0.592,Re-engage,Medium
14853,New / Promising,24,2,475.8,0.592,Onboard,Medium
16914,Needs Attention,36,1,183.76,0.592,Re-engage,Medium
14480,New / Promising,11,1,279.05,0.592,Onboard,Medium
15335,Needs Attention,53,1,170.22,0.592,Re-engage,Medium
13707,Hibernating,267,2,806.41,0.592,Low-cost reactivation,Medium
14804,New / Promising,8,1,353.27,0.592,Onboard,Medium
15699,New / Promising,17,1,309.65,0.592,Onboard,Medium
16423,New / Promising,24,1,346.12,0.591,Onboard,Medium
17708,Hibernating,187,2,263.33,0.591,Low-cost reactivation,Medium
15091,Needs Attention,67,1,480.71,0.591,Re-engage,Medium
15857,New / Promising,18,1,297.0,0.59,Onboard,Medium
14950,New / Promising,19,1,371.2,0.59,Onboard,Medium
15153,New / Promising,31,1,329.25,0.59,Onboard,Medium
12871,Hibernating,84,2,380.64,0.59,Low-cost reactivation,Medium
16708,Needs Attention,45,1,656.63,0.59,Re-engage,Medium
13828,New / Promising,22,1,209.49,0.59,Onboard,Medium
17219,New / Promising,31,1,114.23,0.589,Onboard,Medium
16978,Hibernating,77,1,344.33,0.589,Low-cost reactivation,Medium
18088,Needs Attention,61,1,166.03,0.589,Re-engage,Medium
15592,Needs Attention,46,1,388.58,0.589,Re-engage,Medium
14162,Hibernating,173,2,289.36,0.589,Low-cost reactivation,Medium
13283,Needs Attention,59,2,93.66,0.589,Re-engage,Medium
12425,Hibernating,78,1,777.2,0.589,Low-cost reactivation,Medium
16830,Needs Attention,38,1,325.91,0.589,Re-engage,Medium
13974,Needs Attention,49,1,413.59,0.589,Re-engage,Medium
17233,Needs Attention,35,1,190.88,0.589,Re-engage,Medium
15472,Hibernating,113,1,371.56,0.588,Low-cost reactivation,Medium
16601,Needs Attention,40,1,241.53,0.588,Re-engage,Medium
13594,Needs Attention,52,1,396.97,0.588,Re-engage,Medium
13518,Hibernating,85,1,627.16,0.588,Low-cost reactivation,Medium
12558,New / Promising,7,1,269.96,0.588,Onboard,Medium
16884,Needs Attention,37,2,429.84,0.588,Re-engage,Medium
15597,Needs Attention,35,1,324.57,0.588,Re-engage,Medium
17134,Hibernating,106,2,413.2,0.588,Low-cost reactivation,Medium
16506,New / Promising,19,2,90.3,0.588,Onboard,Medium
17712,Needs Attention,44,1,522.91,0.587,Re-engage,Medium
15894,Hibernating,253,2,257.6,0.587,Low-cost reactivation,Medium
16519,New / Promising,25,2,212.98,0.587,Onboard,Medium
15101,New / Promising,8,2,317.53,0.587,Onboard,Medium
14174,Needs Attention,33,1,134.46,0.587,Re-engage,Medium
13375,Hibernating,88,1,778.65,0.587,Low-cost reactivation,Medium
15853,Needs Attention,51,1,110.8,0.587,Re-engage,Medium
14902,New / Promising,25,1,332.66,0.587,Onboard,Medium
15142,Needs Attention,46,1,498.74,0.586,Re-engage,Medium
13449,New / Promising,23,1,291.88,0.585,Onboard,Medium
17977,New / Promising,29,1,288.14,0.585,Onboard,Medium
12667,Needs Attention,58,1,460.13,0.585,Re-engage,Medium
17510,New / Promising,24,1,308.48,0.585,Onboard,Medium
15464,Hibernating,338,1,1044.65,0.585,Low-cost reactivation,Medium
12893,New / Promising,30,1,176.55,0.584,Onboard,Medium
18014,New / Promising,28,1,154.27,0.584,Onboard,Medium
15918,Hibernating,190,2,334.23,0.584,Low-cost reactivation,Medium
14785,New / Promising,10,2,77.4,0.583,Onboard,Medium
18006,New / Promising,23,1,444.68,0.583,Onboard,Medium
16080,Hibernating,81,2,217.16,0.583,Low-cost reactivation,Medium
16620,New / Promising,3,2,178.96,0.583,Onboard,Medium
18216,New / Promising,31,1,481.75,0.582,Onboard,Medium
17520,Needs Attention,53,1,546.81,0.582,Re-engage,Medium
17359,New / Promising,11,1,127.86,0.582,Onboard,Medium
16597,New / Promising,4,1,90.04,0.582,Onboard,Medium
12452,New / Promising,16,1,348.57,0.582,Onboard,Medium
17080,New / Promising,22,2,287.62,0.581,Onboard,Medium
16753,Needs Attention,58,1,223.92,0.581,Re-engage,Medium
13356,Hibernating,80,1,768.24,0.58,Low-cost reactivation,Medium
15565,Needs Attention,50,2,173.16,0.58,Re-engage,Medium
17957,Needs Attention,66,1,110.72,0.58,Re-engage,Medium
13321,Hibernating,72,2,567.36,0.58,Low-cost reactivation,Medium
16485,Hibernating,77,1,363.65,0.58,Low-cost reactivation,Medium
12953,New / Promising,9,1,329.85,0.58,Onboard,Medium
17403,Needs Attention,36,1,263.92,0.579,Re-engage,Medium
16594,Hibernating,75,1,181.09,0.579,Low-cost reactivation,Medium
14761,Needs Attention,58,2,255.9,0.579,Re-engage,Medium
17636,New / Promising,19,1,285.56,0.579,Onboard,Medium
17878,Needs Attention,43,1,379.45,0.579,Re-engage,Medium
16366,New / Promising,18,1,327.3,0.579,Onboard,Medium
15115,New / Promising,18,1,340.11,0.578,Onboard,Medium
15551,Needs Attention,36,1,436.06,0.578,Re-engage,Medium
16971,Needs Attention,38,1,357.21,0.578,Re-engage,Medium
14881,New / Promising,19,1,255.4,0.578,Onboard,Medium
15276,Needs Attention,66,1,128.63,0.578,Re-engage,Medium
14139,Needs Attention,46,1,415.82,0.577,Re-engage,Medium
15677,Needs Attention,49,1,657.23,0.577,Re-engage,Medium
16596,New / Promising,15,2,250.15,0.577,Onboard,Medium
14581,New / Promising,16,1,138.6,0.577,Onboard,Medium
15322,Hibernating,85,1,679.68,0.577,Low-cost reactivation,Medium
17111,Needs Attention,47,1,231.61,0.577,Re-engage,Medium
15435,New / Promising,22,1,149.29,0.576,Onboard,Medium
13878,Needs Attention,54,1,1271.57,0.576,Re-engage,Medium
14320,Hibernating,206,2,477.79,0.576,Low-cost reactivation,Medium
15773,New / Promising,5,1,635.68,0.575,Onboard,Medium
16052,Needs Attention,54,1,362.06,0.575,Re-engage,Medium
18033,Needs Attention,65,1,93.82,0.575,Re-engage,Medium
13856,Hibernating,168,3,388.5,0.575,Low-cost reactivation,Medium
15783,New / Promising,10,1,246.3,0.575,Onboard,Medium
12816,Hibernating,95,2,452.2,0.575,Low-cost reactivation,Medium
13721,Needs Attention,36,1,524.14,0.575,Re-engage,Medium
16852,New / Promising,10,2,144.91,0.575,Onboard,Medium
16883,Hibernating,187,2,272.48,0.574,Low-cost reactivation,Medium
16026,Needs Attention,43,1,236.09,0.574,Re-engage,Medium
13207,New / Promising,15,2,250.26,0.574,Onboard,Medium
15540,New / Promising,11,1,213.3,0.574,Onboard,Medium
12475,Needs Attention,53,1,669.38,0.574,Re-engage,Medium
13730,Hibernating,135,2,752.6,0.573,Low-cost reactivation,Medium
17767,New / Promising,15,1,271.2,0.573,Onboard,Medium
13091,New / Promising,28,1,345.82,0.573,Onboard,Medium
16690,Hibernating,72,2,225.58,0.573,Low-cost reactivation,Medium
18270,Needs Attention,38,2,283.15,0.573,Re-engage,Medium
12367,New / Promising,4,1,150.9,0.573,Onboard,Medium
16932,Needs Attention,53,1,150.23,0.573,Re-engage,Medium
17024,Needs Attention,45,3,95.85,0.572,Re-engage,Medium
13248,Hibernating,124,2,465.68,0.572,Low-cost reactivation,Medium
14830,Needs Attention,53,1,188.03,0.571,Re-engage,Medium
16602,Needs Attention,36,1,528.08,0.571,Re-engage,Medium
12815,Hibernating,147,2,863.46,0.571,Low-cost reactivation,Medium
16732,New / Promising,31,1,603.75,0.571,Onboard,Medium
14551,New / Promising,18,2,186.23,0.57,Onboard,Medium
15393,New / Promising,16,2,231.86,0.57,Onboard,Medium
17433,Hibernating,88,1,303.16,0.57,Low-cost reactivation,Medium
16345,Needs Attention,44,1,565.46,0.57,Re-engage,Medium
16685,Needs Attention,61,2,324.24,0.57,Re-engage,Medium
16720,New / Promising,26,1,152.95,0.569,Onboard,Medium
12501,Hibernating,336,1,2025.39,0.569,Low-cost reactivation,Medium
13675,Hibernating,151,2,486.82,0.569,Low-cost reactivation,Medium
18067,Needs Attention,40,1,396.33,0.569,Re-engage,Medium
17201,Needs Attention,53,1,289.78,0.569,Re-engage,Medium
12510,Hibernating,142,2,814.57,0.569,Low-cost reactivation,Medium
16808,Hibernating,99,2,288.42,0.569,Low-cost reactivation,Medium
13169,Needs Attention,63,2,712.88,0.568,Re-engage,Medium
18147,Needs Attention,45,2,179.34,0.568,Re-engage,Medium
17125,Needs Attention,50,1,230.5,0.568,Re-engage,Medium
13850,Hibernating,129,1,1595.48,0.568,Low-cost reactivation,Medium
13639,Hibernating,74,1,1033.34,0.568,Low-cost reactivation,Medium
17166,Needs Attention,38,2,206.34,0.568,Re-engage,Medium
12616,Hibernating,95,2,641.3,0.568,Low-cost reactivation,Medium
13792,Needs Attention,66,2,195.55,0.568,Re-engage,Medium
18018,Hibernating,108,2,122.14,0.568,Low-cost reactivation,Medium
13962,New / Promising,21,2,169.55,0.568,Onboard,Medium
12504,New / Promising,18,2,428.05,0.567,Onboard,Medium
15066,Needs Attention,53,1,893.59,0.567,Re-engage,Medium
13332,New / Promising,14,1,350.9,0.567,Onboard,Medium
13603,New / Promising,26,1,164.34,0.567,Onboard,Medium
13255,New / Promising,9,2,399.51,0.567,Onboard,Medium
12468,Hibernating,187,2,657.54,0.566,Low-cost reactivation,Medium
17904,New / Promising,21,1,181.07,0.566,Onboard,Medium
13529,Hibernating,78,2,307.76,0.566,Low-cost reactivation,Medium
14357,Needs Attention,43,1,225.12,0.566,Re-engage,Medium
13349,New / Promising,10,1,247.32,0.565,Onboard,Medium
12363,Hibernating,109,2,552.0,0.565,Low-cost reactivation,Medium
13322,New / Promising,17,1,199.48,0.565,Onboard,Medium
13464,Needs Attention,58,1,674.68,0.565,Re-engage,Medium
13404,New / Promising,1,2,252.49,0.564,Onboard,Medium
17078,Needs Attention,36,2,375.86,0.564,Re-engage,Medium
17384,New / Promising,19,2,336.4,0.564,Onboard,Medium
14485,Needs Attention,38,1,162.8,0.564,Re-engage,Medium
16025,New / Promising,29,1,439.66,0.564,Onboard,Medium
13142,New / Promising,19,1,307.09,0.563,Onboard,Medium
16402,Hibernating,264,2,293.45,0.563,Low-cost reactivation,Medium
17623,New / Promising,32,1,527.05,0.563,Onboard,Medium
16895,Needs Attention,64,1,202.27,0.563,Re-engage,Medium
16887,Needs Attention,35,1,192.33,0.563,Re-engage,Medium
14703,New / Promising,14,1,318.17,0.562,Onboard,Medium
16482,New / Promising,15,1,220.62,0.562,Onboard,Medium
16108,Hibernating,84,1,842.5,0.562,Low-cost reactivation,Medium
15154,Hibernating,75,1,254.28,0.561,Low-cost reactivation,Medium
18126,Needs Attention,60,1,198.58,0.561,Re-engage,Medium
13955,Hibernating,154,2,322.96,0.561,Low-cost reactivation,Medium
13170,New / Promising,26,1,108.81,0.561,Onboard,Medium
15466,Hibernating,85,1,334.53,0.56,Low-cost reactivation,Medium
12535,Hibernating,91,2,716.35,0.56,Low-cost reactivation,Medium
13844,New / Promising,11,1,361.62,0.56,Onboard,Medium
14660,Hibernating,86,2,285.74,0.56,Low-cost reactivation,Medium
12374,New / Promising,25,1,622.93,0.56,Onboard,Medium
18045,Needs Attention,45,1,178.34,0.56,Re-engage,Medium
18110,New / Promising,19,1,198.8,0.56,Onboard,Medium
17330,New / Promising,22,2,363.9,0.559,Onboard,Medium
12604,Hibernating,79,2,236.18,0.559,Low-cost reactivation,Medium
14819,Needs Attention,64,2,272.07,0.559,Re-engage,Medium
15255,Needs Attention,66,1,890.85,0.559,Re-engage,Medium
16480,Hibernating,75,1,769.29,0.558,Low-cost reactivation,Medium
15450,New / Promising,30,1,429.84,0.558,Onboard,Medium
15320,Needs Attention,44,1,267.13,0.558,Re-engage,Medium
12550,Hibernating,79,1,824.83,0.557,Low-cost reactivation,Medium
16921,Needs Attention,61,1,154.18,0.557,Re-engage,Medium
12442,New / Promising,3,1,144.06,0.557,Onboard,Medium
16491,Needs Attention,46,1,731.5,0.557,Re-engage,Medium
14014,Hibernating,77,1,505.18,0.557,Low-cost reactivation,Medium
18104,Needs Attention,37,1,754.64,0.556,Re-engage,Medium
13049,Needs Attention,64,2,656.68,0.556,Re-engage,Medium
15148,New / Promising,10,1,301.29,0.556,Onboard,Medium
12920,New / Promising,17,1,162.78,0.556,Onboard,Medium
13669,Needs Attention,50,2,218.55,0.556,Re-engage,Medium
12617,New / Promising,29,1,352.98,0.556,Onboard,Medium
15988,New / Promising,19,1,156.78,0.555,Onboard,Medium
13336,Hibernating,77,1,795.12,0.555,Low-cost reactivation,Medium
16127,Needs Attention,39,1,656.25,0.555,Re-engage,Medium
13294,Hibernating,189,2,873.74,0.555,Low-cost reactivation,Medium
12446,Needs Attention,57,1,1002.31,0.555,Re-engage,Medium
17430,New / Promising,32,2,265.76,0.555,Onboard,Medium
14968,New / Promising,30,1,147.59,0.554,Onboard,Medium
14923,Needs Attention,50,1,749.1,0.554,Re-engage,Medium
12414,Hibernating,217,3,442.41,0.554,Low-cost reactivation,Medium
14488,Needs Attention,67,1,1064.28,0.553,Re-engage,Medium
15556,New / Promising,24,1,279.77,0.552,Onboard,Medium
16415,Needs Attention,44,1,200.27,0.552,Re-engage,Medium
14947,Hibernating,72,2,290.82,0.552,Low-cost reactivation,Medium
15355,New / Promising,29,2,277.05,0.551,Onboard,Medium
15957,New / Promising,31,1,428.89,0.551,Onboard,Medium
13354,Needs Attention,71,1,743.53,0.55,Re-engage,Medium
14569,New / Promising,1,1,227.39,0.55,Onboard,Medium
18181,New / Promising,24,1,366.85,0.549,Onboard,Medium
14801,Needs Attention,61,1,189.34,0.549,Re-engage,Medium
15830,Needs Attention,37,1,576.0,0.549,Re-engage,Medium
14362,New / Promising,22,1,151.5,0.549,Onboard,Medium
12772,Needs Attention,59,1,752.47,0.548,Re-engage,Medium
17604,Hibernating,217,2,309.36,0.548,Low-cost reactivation,Medium
14896,Hibernating,204,2,468.77,0.548,Low-cost reactivation,Medium
15576,Needs Attention,37,1,921.37,0.548,Re-engage,Medium
13979,Hibernating,73,1,869.87,0.548,Low-cost reactivation,Medium
14779,Hibernating,280,3,386.15,0.548,Low-cost reactivation,Medium
12522,Needs Attention,39,2,156.72,0.547,Re-engage,Medium
16557,New / Promising,24,2,281.85,0.547,Onboard,Medium
17795,Hibernating,179,2,342.83,0.547,Low-cost reactivation,Medium
14381,Needs Attention,52,1,202.68,0.547,Re-engage,Medium
13221,Hibernating,240,2,844.86,0.547,Low-cost reactivation,Medium
17157,New / Promising,7,2,319.0,0.546,Onboard,Medium
14555,Needs Attention,57,2,312.54,0.546,Re-engage,Medium
12638,Needs Attention,33,1,511.69,0.546,Re-engage,Medium
15349,Hibernating,158,2,463.91,0.546,Low-cost reactivation,Medium
14598,Needs Attention,44,1,221.97,0.546,Re-engage,Medium
14448,New / Promising,9,2,375.35,0.546,Onboard,Medium
13732,New / Promising,28,1,491.86,0.545,Onboard,Medium
12371,Needs Attention,59,1,1527.96,0.545,Re-engage,Medium
15553,Needs Attention,60,1,428.93,0.544,Re-engage,Medium
15863,New / Promising,25,2,68.84,0.544,Onboard,Medium
15004,Hibernating,147,1,1220.38,0.544,Low-cost reactivation,Medium
12624,Hibernating,106,2,569.13,0.544,Low-cost reactivation,Medium
16340,Hibernating,107,1,534.31,0.543,Low-cost reactivation,Medium
12658,New / Promising,18,1,632.05,0.543,Onboard,Medium
16778,Hibernating,74,2,245.94,0.543,Low-cost reactivation,Medium
16836,Needs Attention,39,2,251.87,0.543,Re-engage,Medium
15275,Needs Attention,37,1,615.14,0.543,Re-engage,Medium
14784,New / Promising,26,2,289.99,0.542,Onboard,Medium
16776,Needs Attention,60,1,371.54,0.542,Re-engage,Medium
16356,Hibernating,197,3,211.77,0.541,Low-cost reactivation,Medium
13579,New / Promising,14,2,467.04,0.541,Onboard,Medium
14029,Needs Attention,63,2,467.66,0.541,Re-engage,Medium
13153,New / Promising,5,1,486.22,0.541,Onboard,Medium
13402,Hibernating,127,2,621.23,0.541,Low-cost reactivation,Medium
13972,Needs Attention,70,2,190.25,0.54,Re-engage,Medium
13799,Hibernating,116,2,688.86,0.54,Low-cost reactivation,Medium
17839,Needs Attention,42,1,318.15,0.54,Re-engage,Medium
13817,New / Promising,29,2,328.98,0.54,Onboard,Medium
17549,New / Promising,23,2,148.86,0.54,Onboard,Medium
13888,Hibernating,119,2,595.67,0.54,Low-cost reactivation,Medium
13416,Needs Attention,43,2,712.5,0.539,Re-engage,Medium
13329,New / Promising,31,2,789.0,0.539,Onboard,Medium
17229,Hibernating,96,2,318.76,0.538,Low-cost reactivation,Medium
14500,Hibernating,88,3,356.85,0.538,Low-cost reactivation,Medium
15462,Hibernating,94,3,234.6,0.538,Low-cost reactivation,Medium
15725,New / Promising,15,1,415.25,0.538,Onboard,Medium
15589,Hibernating,255,3,478.53,0.538,Low-cost reactivation,Medium
13436,New / Promising,1,1,196.89,0.537,Onboard,Medium
13259,Needs Attention,61,1,283.18,0.537,Re-engage,Medium
14538,Needs Attention,64,2,388.25,0.536,Re-engage,Medium
13635,Needs Attention,67,1,1071.03,0.536,Re-engage,Medium
12492,Needs Attention,63,2,227.21,0.535,Re-engage,Medium
17376,Needs Attention,70,2,203.2,0.535,Re-engage,Medium
13278,Needs Attention,40,1,542.73,0.535,Re-engage,Medium
14158,Needs Attention,40,1,507.66,0.535,Re-engage,Medium
14823,Hibernating,180,3,321.43,0.535,Low-cost reactivation,Medium
13242,Hibernating,112,3,270.4,0.534,Low-cost reactivation,Medium
16666,New / Promising,19,1,118.98,0.533,Onboard,Medium
12717,Hibernating,151,2,830.98,0.533,Low-cost reactivation,Medium
14349,New / Promising,10,1,133.5,0.533,Onboard,Medium
13821,Hibernating,144,2,385.64,0.532,Low-cost reactivation,Medium
18282,New / Promising,7,2,178.05,0.532,Onboard,Medium
13899,New / Promising,16,2,388.52,0.532,Onboard,Medium
18040,New / Promising,19,2,357.2,0.532,Onboard,Medium
12981,New / Promising,29,2,372.22,0.531,Onboard,Medium
17357,New / Promising,24,2,384.39,0.531,Onboard,Medium
17286,New / Promising,21,1,151.37,0.531,Onboard,Medium
17190,Needs Attention,58,2,444.74,0.531,Re-engage,Medium
15900,New / Promising,23,1,337.28,0.53,Onboard,Medium
15904,New / Promising,8,1,164.68,0.53,Onboard,Medium
14517,Needs Attention,33,2,330.45,0.53,Re-engage,Medium
16204,New / Promising,23,1,384.18,0.53,Onboard,Medium
17928,Needs Attention,45,2,184.46,0.53,Re-engage,Medium
14427,Needs Attention,50,2,363.34,0.529,Re-engage,Medium
16445,Needs Attention,33,1,230.51,0.529,Re-engage,Medium
12479,New / Promising,11,1,473.2,0.529,Onboard,Medium
13930,Needs Attention,57,2,337.34,0.529,Re-engage,Medium
17832,Needs Attention,49,1,155.37,0.529,Re-engage,Medium
16441,Needs Attention,67,2,381.2,0.528,Re-engage,Medium
16903,New / Promising,29,1,363.2,0.528,Onboard,Medium
12593,Hibernating,108,3,382.1,0.528,Low-cost reactivation,Medium
17468,New / Promising,10,2,137.0,0.528,Onboard,Medium
16528,New / Promising,3,1,244.41,0.527,Onboard,Medium
13560,New / Promising,7,1,171.42,0.527,Onboard,Medium
16239,Needs Attention,56,2,414.2,0.527,Re-engage,Medium
12611,Needs Attention,52,1,1193.32,0.527,Re-engage,Medium
13473,Needs Attention,60,2,422.64,0.527,Re-engage,Medium
15790,New / Promising,10,1,218.75,0.526,Onboard,Medium
17608,Needs Attention,33,2,191.99,0.526,Re-engage,Medium
17297,New / Promising,17,1,128.18,0.526,Onboard,Medium
14966,New / Promising,14,1,183.02,0.526,Onboard,Medium
13917,Needs Attention,49,2,272.04,0.525,Re-engage,Medium
12930,Hibernating,78,2,415.8,0.525,Low-cost reactivation,Medium
16056,Needs Attention,45,1,650.75,0.525,Re-engage,Medium
17561,New / Promising,19,1,165.12,0.524,Onboard,Medium
13657,New / Promising,10,2,382.14,0.524,Onboard,Medium
17793,New / Promising,25,1,300.34,0.524,Onboard,Medium
15124,New / Promising,22,2,184.19,0.523,Onboard,Medium
15000,Needs Attention,47,1,490.52,0.523,Re-engage,Medium
12999,Hibernating,196,3,455.88,0.523,Low-cost reactivation,Medium
12375,New / Promising,10,2,377.5,0.523,Onboard,Medium
12965,Hibernating,89,1,769.81,0.522,Low-cost reactivation,Medium
13727,New / Promising,28,2,333.48,0.521,Onboard,Medium
13532,Needs Attention,33,1,210.31,0.521,Re-engage,Medium
14513,Hibernating,100,3,455.59,0.52,Low-cost reactivation,Medium
17181,Needs Attention,57,2,239.92,0.52,Re-engage,Medium
14052,New / Promising,19,1,225.36,0.52,Onboard,Medium
14756,New / Promising,15,1,738.96,0.52,Onboard,Medium
12650,New / Promising,3,1,242.44,0.519,Onboard,Medium
14998,Hibernating,170,2,414.87,0.519,Low-cost reactivation,Medium
15025,Needs Attention,33,1,361.96,0.519,Re-engage,Medium
16555,Needs Attention,35,2,285.89,0.519,Re-engage,Medium
16936,New / Promising,25,1,261.9,0.519,Onboard,Medium
14656,Hibernating,169,2,291.05,0.518,Low-cost reactivation,Medium
13176,Needs Attention,46,1,481.49,0.517,Re-engage,Medium
14725,New / Promising,24,1,655.58,0.517,Onboard,Medium
14953,New / Promising,25,1,285.67,0.517,Onboard,Medium
15645,New / Promising,18,1,611.59,0.516,Onboard,Medium
17852,New / Promising,11,2,114.34,0.516,Onboard,Medium
16189,New / Promising,15,2,215.48,0.515,Onboard,Medium
16595,Needs Attention,61,1,360.16,0.515,Re-engage,Medium
13656,Hibernating,164,2,379.65,0.515,Low-cost reactivation,Medium
17385,New / Promising,14,1,256.11,0.514,Onboard,Medium
17711,New / Promising,10,2,385.1,0.514,Onboard,Medium
15516,Needs Attention,44,3,62.43,0.514,Re-engage,Medium
16343,New / Promising,16,2,328.58,0.514,Onboard,Medium
15186,New / Promising,14,2,411.41,0.514,Onboard,Medium
17247,New / Promising,15,1,280.09,0.514,Onboard,Medium
18261,Needs Attention,43,2,324.24,0.514,Re-engage,Medium
13787,Hibernating,75,2,309.04,0.514,Low-cost reactivation,Medium
13589,New / Promising,14,2,379.65,0.514,Onboard,Medium
17760,New / Promising,21,2,287.59,0.513,Onboard,Medium
14205,New / Promising,16,2,466.7,0.513,Onboard,Medium
12962,New / Promising,7,2,266.39,0.513,Onboard,Medium
15976,Hibernating,165,2,427.64,0.513,Low-cost reactivation,Medium
17189,Hibernating,106,2,383.75,0.512,Low-cost reactivation,Medium
16603,Hibernating,74,2,482.47,0.512,Low-cost reactivation,Medium
16354,Needs Attention,63,2,395.8,0.512,Re-engage,Medium
16406,New / Promising,18,1,154.35,0.511,Onboard,Medium
15097,New / Promising,4,1,248.08,0.51,Onboard,Medium
12781,Needs Attention,63,2,786.74,0.509,Re-engage,Medium
17614,Needs Attention,57,1,386.32,0.509,Re-engage,Medium
17301,New / Promising,21,1,163.24,0.508,Onboard,Medium
13058,New / Promising,24,3,271.4,0.508,Onboard,Medium
12987,Hibernating,73,2,558.7,0.508,Low-cost reactivation,Medium
15121,Needs Attention,50,2,457.72,0.508,Re-engage,Medium
17737,New / Promising,9,2,168.24,0.508,Onboard,Medium
13276,Needs Attention,63,2,590.93,0.508,Re-engage,Medium
12784,New / Promising,15,1,476.82,0.507,Onboard,Medium
17458,New / Promising,15,1,316.5,0.507,Onboard,Medium
16372,Needs Attention,33,2,355.73,0.507,Re-engage,Medium
13496,New / Promising,10,2,653.33,0.506,Onboard,Medium
13035,Hibernating,73,2,921.88,0.506,Low-cost reactivation,Medium
18030,New / Promising,4,2,230.65,0.505,Onboard,Medium
16780,Hibernating,100,2,422.24,0.505,Low-cost reactivation,Medium
17911,New / Promising,9,1,366.23,0.505,Onboard,Medium
12944,Needs Attention,35,2,604.51,0.505,Re-engage,Medium
12990,New / Promising,31,3,409.5,0.505,Onboard,Medium
17931,Hibernating,134,2,408.36,0.504,Low-cost reactivation,Medium
17898,Hibernating,85,2,152.06,0.504,Low-cost reactivation,Medium
15870,New / Promising,32,1,351.44,0.504,Onboard,Medium
15847,Needs Attention,38,2,389.27,0.504,Re-engage,Medium
13904,Needs Attention,37,2,332.64,0.504,Re-engage,Medium
17885,New / Promising,12,1,156.34,0.503,Onboard,Medium
12596,Needs Attention,51,2,450.27,0.503,Re-engage,Medium
13417,New / Promising,4,2,640.83,0.503,Onboard,Medium
13272,New / Promising,31,2,276.56,0.503,Onboard,Medium
14985,Hibernating,198,2,292.01,0.502,Low-cost reactivation,Medium
17155,New / Promising,17,2,251.7,0.502,Onboard,Medium
17052,New / Promising,28,1,399.09,0.502,Onboard,Medium
12384,New / Promising,28,2,425.27,0.501,Onboard,Medium
13960,New / Promising,21,2,230.22,0.501,Onboard,Medium
17031,New / Promising,11,2,380.35,0.501,Onboard,Medium
13271,Needs Attention,37,1,211.49,0.5,Re-engage,Medium
17580,Hibernating,252,3,212.77,0.5,Low-cost reactivation,Medium
13607,Needs Attention,40,1,675.51,0.5,Re-engage,Low
13873,Hibernating,119,3,389.6,0.5,Low-cost reactivation,Low
14346,Can't Lose Them,120,2,1021.58,0.5,Urgent win back,Low
13573,Needs Attention,50,2,290.25,0.5,Re-engage,Low
14912,Loyal Customers,16,2,867.85,0.499,Upsell & deepen,Low
17418,Needs Attention,42,2,463.46,0.499,Re-engage,Low
12394,Loyal Customers,63,2,1080.48,0.498,Upsell & deepen,Low
15265,Can't Lose Them,151,2,1506.12,0.498,Urgent win back,Low
16160,Loyal Customers,65,2,1025.44,0.498,Upsell & deepen,Low
13919,Needs Attention,59,2,348.81,0.498,Re-engage,Low
15643,At Risk,191,3,664.0,0.498,Win back,Low
15889,Hibernating,156,2,400.77,0.498,Low-cost reactivation,Low
15762,Loyal Customers,65,2,583.75,0.498,Upsell & deepen,Low
16535,New / Promising,5,1,593.75,0.496,Onboard,Low
12607,Needs Attention,60,1,1579.51,0.496,Re-engage,Low
15780,At Risk,183,3,475.28,0.496,Win back,Low
18082,New / Promising,25,1,680.84,0.496,Onboard,Low
16777,Hibernating,80,2,222.62,0.496,Low-cost reactivation,Low
13666,Needs Attention,60,3,84.65,0.496,Re-engage,Low
16018,Needs Attention,39,2,408.9,0.496,Re-engage,Low
12398,Needs Attention,45,1,1435.66,0.495,Re-engage,Low
12507,Can't Lose Them,134,3,1052.81,0.495,Urgent win back,Low
18062,Can't Lose Them,173,3,720.52,0.495,Urgent win back,Low
17849,Can't Lose Them,218,4,605.8,0.495,Urgent win back,Low
15205,At Risk,85,2,653.24,0.494,Win back,Low
14267,Can't Lose Them,162,3,1516.24,0.494,Urgent win back,Low
16398,Can't Lose Them,154,2,1705.8,0.494,Urgent win back,Low
12435,Can't Lose Them,79,2,7829.89,0.494,Urgent win back,Low
13292,Needs Attention,38,2,578.94,0.494,Re-engage,Low
14578,New / Promising,3,1,168.63,0.494,Onboard,Low
16149,New / Promising,4,2,280.52,0.493,Onboard,Low
14658,New / Promising,5,2,247.15,0.493,Onboard,Low
12823,Can't Lose Them,74,5,1759.5,0.493,Urgent win back,Low
16824,New / Promising,15,2,460.64,0.492,Onboard,Low
16146,Can't Lose Them,157,3,734.13,0.492,Urgent win back,Low
17444,Can't Lose Them,151,2,2389.1,0.492,Urgent win back,Low
17929,Champions,11,4,843.0,0.492,Reward & advocate,Low
17423,Loyal Customers,46,2,698.41,0.492,Upsell & deepen,Low
12458,Needs Attention,71,2,787.4,0.492,Re-engage,Low
13122,Hibernating,94,2,922.39,0.491,Low-cost reactivation,Low
12694,Needs Attention,70,2,761.67,0.491,Re-engage,Low
14851,Loyal Customers,23,2,511.35,0.49,Upsell & deepen,Low
13565,New / Promising,19,2,240.22,0.49,Onboard,Low
12890,New / Promising,24,1,376.72,0.49,Onboard,Low
13659,At Risk,205,2,1563.0,0.49,Win back,Low
16244,Can't Lose Them,211,2,1522.75,0.489,Urgent win back,Low
14460,Hibernating,110,3,434.34,0.489,Low-cost reactivation,Low
15014,Needs Attention,43,2,257.67,0.489,Re-engage,Low
13931,Can't Lose Them,95,2,1237.53,0.489,Urgent win back,Low
16134,Loyal Customers,21,2,618.09,0.489,Upsell & deepen,Low
15244,Loyal Customers,65,2,631.57,0.489,Upsell & deepen,Low
15330,Loyal Customers,32,2,714.96,0.488,Upsell & deepen,Low
15520,New / Promising,1,1,343.5,0.488,Onboard,Low
15006,Needs Attention,51,1,475.43,0.488,Re-engage,Low
15840,Needs Attention,58,2,355.56,0.488,Re-engage,Low
16411,New / Promising,19,2,211.7,0.488,Onboard,Low
13192,Hibernating,95,2,911.94,0.488,Low-cost reactivation,Low
12349,New / Promising,18,1,1457.55,0.487,Onboard,Low
15579,Needs Attention,68,2,327.6,0.487,Re-engage,Low
17265,At Risk,138,2,550.01,0.487,Win back,Low
12478,New / Promising,3,1,545.99,0.487,Onboard,Low
12379,Hibernating,81,2,777.24,0.487,Low-cost reactivation,Low
12842,Loyal Customers,70,2,1118.99,0.487,Upsell & deepen,Low
13046,New / Promising,30,2,629.31,0.487,Onboard,Low
14960,New / Promising,8,2,221.27,0.487,Onboard,Low
15032,Can't Lose Them,256,3,4959.1,0.487,Urgent win back,Low
17252,Hibernating,116,2,348.91,0.487,Low-cost reactivation,Low
15206,Loyal Customers,10,4,420.3,0.487,Upsell & deepen,Low
13034,Needs Attention,54,2,642.77,0.486,Re-engage,Low
15768,Can't Lose Them,115,3,621.83,0.486,Urgent win back,Low
14958,At Risk,147,3,483.73,0.486,Win back,Low
17806,New / Promising,11,1,546.04,0.486,Onboard,Low
16140,Loyal Customers,65,2,725.18,0.485,Upsell & deepen,Low
16185,Loyal Customers,16,2,529.41,0.485,Upsell & deepen,Low
14023,Loyal Customers,7,2,584.07,0.485,Upsell & deepen,Low
15539,New / Promising,7,1,538.46,0.484,Onboard,Low
17489,Needs Attention,58,2,376.64,0.484,Re-engage,Low
14193,Loyal Customers,67,2,853.39,0.484,Upsell & deepen,Low
14798,Needs Attention,52,3,173.74,0.484,Re-engage,Low
17406,Can't Lose Them,333,3,2184.42,0.483,Urgent win back,Low
15163,New / Promising,18,2,304.47,0.483,Onboard,Low
15793,Champions,14,3,965.61,0.483,Reward & advocate,Low
18117,New / Promising,25,1,314.4,0.483,Onboard,Low
15949,New / Promising,16,2,364.72,0.483,Onboard,Low
14984,New / Promising,19,2,202.37,0.483,Onboard,Low
17980,Can't Lose Them,165,3,811.45,0.482,Urgent win back,Low
13455,Loyal Customers,24,2,1058.34,0.482,Upsell & deepen,Low
13311,New / Promising,4,2,598.57,0.482,Onboard,Low
14867,At Risk,185,3,710.28,0.482,Win back,Low
16518,Loyal Customers,61,2,484.32,0.482,Upsell & deepen,Low
14780,Needs Attention,54,2,447.68,0.482,Re-engage,Low
12589,New / Promising,28,2,574.68,0.482,Onboard,Low
14450,At Risk,180,3,483.25,0.482,Win back,Low
13744,At Risk,95,2,1080.52,0.482,Win back,Low
16573,At Risk,84,2,663.61,0.481,Win back,Low
15951,Loyal Customers,8,2,708.22,0.481,Upsell & deepen,Low
13563,Hibernating,84,2,777.53,0.481,Low-cost reactivation,Low
16504,New / Promising,25,1,465.88,0.481,Onboard,Low
14567,Loyal Customers,56,2,1530.36,0.481,Upsell & deepen,Low
15334,Hibernating,156,3,347.87,0.481,Low-cost reactivation,Low
12673,New / Promising,5,2,574.52,0.481,Onboard,Low
16948,At Risk,138,3,435.02,0.481,Win back,Low
13023,Needs Attention,64,2,599.9,0.481,Re-engage,Low
14416,Loyal Customers,22,2,490.22,0.48,Upsell & deepen,Low
14954,New / Promising,12,1,294.85,0.48,Onboard,Low
17588,Can't Lose Them,100,3,1240.2,0.48,Urgent win back,Low
18112,New / Promising,12,2,352.69,0.48,Onboard,Low
18149,Loyal Customers,50,3,612.08,0.48,Upsell & deepen,Low
16212,Loyal Customers,19,2,690.34,0.479,Upsell & deepen,Low
13422,Loyal Customers,64,1,2626.3,0.479,Upsell & deepen,Low
12391,New / Promising,21,1,439.66,0.479,Onboard,Low
13173,New / Promising,4,2,353.65,0.479,Onboard,Low
15665,Can't Lose Them,168,2,2222.21,0.479,Urgent win back,Low
12545,Hibernating,75,2,832.39,0.479,Low-cost reactivation,Low
17105,At Risk,159,2,665.78,0.478,Win back,Low
16825,Loyal Customers,38,2,775.18,0.478,Upsell & deepen,Low
13145,Loyal Customers,39,4,618.52,0.478,Upsell & deepen,Low
13557,New / Promising,28,2,584.06,0.478,Onboard,Low
16308,Loyal Customers,37,4,2560.0,0.478,Upsell & deepen,Low
16041,Champions,30,3,3166.4,0.478,Reward & advocate,Low
12832,New / Promising,32,2,383.03,0.478,Onboard,Low
17733,Loyal Customers,38,2,692.19,0.477,Upsell & deepen,Low
14594,New / Promising,7,2,363.33,0.477,Onboard,Low
14204,New / Promising,2,1,150.61,0.477,Onboard,Low
15366,At Risk,75,2,602.51,0.477,Win back,Low
13946,At Risk,79,3,561.57,0.477,Win back,Low
14133,At Risk,129,3,605.64,0.477,Win back,Low
12434,Hibernating,84,2,806.14,0.477,Low-cost reactivation,Low
15456,Hibernating,283,3,434.59,0.477,Low-cost reactivation,Low
12822,Loyal Customers,70,2,948.88,0.476,Upsell & deepen,Low
17727,Loyal Customers,15,1,1060.25,0.476,Upsell & deepen,Low
18160,Loyal Customers,57,2,638.06,0.476,Upsell & deepen,Low
15211,Loyal Customers,60,2,894.41,0.476,Upsell & deepen,Low
12847,New / Promising,22,1,843.64,0.476,Onboard,Low
12895,Needs Attention,42,2,372.8,0.475,Re-engage,Low
14470,New / Promising,11,2,461.19,0.475,Onboard,Low
16229,Can't Lose Them,87,2,1010.6,0.475,Urgent win back,Low
14006,Can't Lose Them,115,3,962.19,0.475,Urgent win back,Low
14272,Hibernating,73,2,437.96,0.475,Low-cost reactivation,Low
15587,Loyal Customers,50,4,913.68,0.474,Upsell & deepen,Low
13460,New / Promising,29,2,183.44,0.473,Onboard,Low
14379,Needs Attention,44,2,348.1,0.473,Re-engage,Low
16214,Can't Lose Them,170,3,1062.75,0.473,Urgent win back,Low
12669,At Risk,150,2,1427.73,0.473,Win back,Low
13918,Loyal Customers,49,2,1212.84,0.472,Upsell & deepen,Low
12882,Loyal Customers,9,2,1463.04,0.472,Upsell & deepen,Low
14389,Loyal Customers,65,2,1043.46,0.472,Upsell & deepen,Low
14737,Champions,3,3,1164.55,0.471,Reward & advocate,Low
16119,New / Promising,8,2,423.36,0.471,Onboard,Low
15577,Hibernating,151,3,258.88,0.471,Low-cost reactivation,Low
17594,Can't Lose Them,85,2,993.18,0.471,Urgent win back,Low
14754,Loyal Customers,44,2,638.05,0.471,Upsell & deepen,Low
14176,Can't Lose Them,297,4,576.9,0.471,Urgent win back,Low
16805,Hibernating,173,2,460.59,0.471,Low-cost reactivation,Low
18265,At Risk,72,2,801.51,0.471,Win back,Low
15181,Loyal Customers,66,3,689.48,0.471,Upsell & deepen,Low
16024,New / Promising,12,1,245.75,0.471,Onboard,Low
13492,Can't Lose Them,136,3,1269.84,0.47,Urgent win back,Low
13249,At Risk,92,3,711.41,0.47,Win back,Low
16479,New / Promising,10,2,300.83,0.47,Onboard,Low
14618,Loyal Customers,9,3,553.44,0.47,Upsell & deepen,Low
13428,New / Promising,10,1,201.78,0.469,Onboard,Low
13147,Champions,10,4,712.8,0.469,Reward & advocate,Low
16855,New / Promising,23,2,328.4,0.469,Onboard,Low
16642,Loyal Customers,4,2,688.33,0.468,Upsell & deepen,Low
13083,New / Promising,4,2,303.75,0.468,Onboard,Low
13989,Loyal Customers,65,2,1266.08,0.468,Upsell & deepen,Low
14803,At Risk,162,3,845.55,0.468,Win back,Low
14284,Loyal Customers,30,2,595.25,0.468,Upsell & deepen,Low
17646,Can't Lose Them,219,3,1008.39,0.468,Urgent win back,Low
13396,Loyal Customers,29,2,1360.99,0.468,Upsell & deepen,Low
15690,New / Promising,4,2,239.76,0.467,Onboard,Low
16325,Loyal Customers,46,3,594.24,0.467,Upsell & deepen,Low
12527,Hibernating,81,3,330.71,0.467,Low-cost reactivation,Low
14240,Loyal Customers,30,2,890.34,0.467,Upsell & deepen,Low
13900,At Risk,183,3,740.95,0.467,Win back,Low
17083,Can't Lose Them,109,3,1405.78,0.467,Urgent win back,Low
14973,Can't Lose Them,107,3,1314.45,0.467,Urgent win back,Low
14995,Needs Attention,38,2,231.98,0.467,Re-engage,Low
17830,Loyal Customers,1,3,398.7,0.466,Upsell & deepen,Low
17146,Can't Lose Them,105,3,749.78,0.466,Urgent win back,Low
18101,New / Promising,11,2,222.4,0.466,Onboard,Low
17259,At Risk,148,2,581.23,0.466,Win back,Low
14690,Needs Attention,44,2,355.05,0.466,Re-engage,Low
17397,Loyal Customers,22,2,681.41,0.466,Upsell & deepen,Low
15146,Can't Lose Them,164,2,1327.16,0.466,Urgent win back,Low
16933,Loyal Customers,1,2,563.23,0.465,Upsell & deepen,Low
12571,Needs Attention,39,2,519.61,0.465,Re-engage,Low
16624,At Risk,80,2,810.57,0.465,Win back,Low
16667,Loyal Customers,68,2,567.18,0.465,Upsell & deepen,Low
15777,Can't Lose Them,241,4,1047.11,0.465,Urgent win back,Low
14354,New / Promising,5,2,163.62,0.464,Onboard,Low
14157,New / Promising,19,2,424.89,0.464,Onboard,Low
17679,Loyal Customers,52,2,1992.11,0.464,Upsell & deepen,Low
14287,New / Promising,8,3,176.63,0.464,Onboard,Low
17383,New / Promising,4,1,193.39,0.464,Onboard,Low
14128,Loyal Customers,60,2,637.5,0.464,Upsell & deepen,Low
17398,Can't Lose Them,114,3,653.38,0.463,Urgent win back,Low
17668,New / Promising,1,2,347.75,0.463,Onboard,Low
15133,Can't Lose Them,127,3,982.42,0.463,Urgent win back,Low
13414,Can't Lose Them,133,3,1390.5,0.462,Urgent win back,Low
18015,New / Promising,4,1,120.03,0.462,Onboard,Low
15199,Loyal Customers,59,4,1268.7,0.462,Upsell & deepen,Low
17786,Hibernating,85,2,266.85,0.462,Low-cost reactivation,Low
16616,Loyal Customers,15,2,500.42,0.462,Upsell & deepen,Low
12649,At Risk,107,3,569.51,0.462,Win back,Low
13951,At Risk,176,3,674.45,0.462,Win back,Low
14675,New / Promising,16,1,596.36,0.461,Onboard,Low
12462,Loyal Customers,18,2,937.59,0.461,Upsell & deepen,Low
12879,Loyal Customers,44,3,573.22,0.461,Upsell & deepen,Low
12758,Can't Lose Them,116,2,2791.59,0.461,Urgent win back,Low
15406,Loyal Customers,31,2,510.71,0.461,Upsell & deepen,Low
12508,New / Promising,26,2,397.88,0.461,Onboard,Low
16629,Hibernating,73,2,408.63,0.461,Low-cost reactivation,Low
17584,Champions,7,2,1242.3,0.461,Reward & advocate,Low
13759,Needs Attention,33,2,659.41,0.46,Re-engage,Low
15315,Loyal Customers,64,2,570.5,0.46,Upsell & deepen,Low
17572,Needs Attention,71,4,226.75,0.46,Re-engage,Low
15757,Loyal Customers,65,2,714.42,0.46,Upsell & deepen,Low
17913,Needs Attention,58,2,408.65,0.46,Re-engage,Low
13760,Needs Attention,54,2,286.79,0.46,Re-engage,Low
17076,Loyal Customers,36,3,841.08,0.46,Upsell & deepen,Low
16431,Can't Lose Them,213,3,623.28,0.46,Urgent win back,Low
17453,Loyal Customers,17,2,486.72,0.459,Upsell & deepen,Low
12701,Hibernating,79,2,725.71,0.459,Low-cost reactivation,Low
16010,At Risk,245,3,392.4,0.458,Win back,Low
13000,At Risk,106,3,534.85,0.458,Win back,Low
15287,Loyal Customers,22,2,486.69,0.458,Upsell & deepen,Low
15318,New / Promising,3,1,312.62,0.458,Onboard,Low
17771,Needs Attention,56,2,245.33,0.458,Re-engage,Low
17637,Loyal Customers,31,2,547.06,0.458,Upsell & deepen,Low
16693,Needs Attention,68,2,477.86,0.458,Re-engage,Low
15720,New / Promising,24,1,598.73,0.458,Onboard,Low
13431,Loyal Customers,67,2,1269.1,0.457,Upsell & deepen,Low
13109,Needs Attention,59,2,786.54,0.457,Re-engage,Low
13165,Loyal Customers,46,2,1021.48,0.457,Upsell & deepen,Low
13233,Hibernating,74,2,605.12,0.457,Low-cost reactivation,Low
14231,Can't Lose Them,183,3,925.71,0.457,Urgent win back,Low
16560,Loyal Customers,26,2,841.41,0.456,Upsell & deepen,Low
15646,Hibernating,157,3,447.64,0.456,Low-cost reactivation,Low
12794,Needs Attention,53,2,860.41,0.456,Re-engage,Low
17250,New / Promising,3,2,381.97,0.456,Onboard,Low
16031,At Risk,92,2,547.9,0.456,Win back,Low
14067,Needs Attention,63,2,374.7,0.455,Re-engage,Low
12849,Loyal Customers,31,2,992.65,0.455,Upsell & deepen,Low
16999,Loyal Customers,23,2,484.82,0.455,Upsell & deepen,Low
17765,At Risk,158,3,367.63,0.455,Win back,Low
17666,Loyal Customers,3,2,728.16,0.454,Upsell & deepen,Low
16233,Loyal Customers,71,3,536.68,0.454,Upsell & deepen,Low
12357,Loyal Customers,33,1,6207.67,0.453,Upsell & deepen,Low
13816,New / Promising,23,2,499.67,0.453,Onboard,Low
15721,New / Promising,11,1,471.4,0.453,Onboard,Low
15626,At Risk,74,2,675.8,0.453,Win back,Low
14108,Loyal Customers,30,2,597.91,0.453,Upsell & deepen,Low
13978,New / Promising,14,2,196.79,0.453,Onboard,Low
18205,Loyal Customers,36,2,517.36,0.453,Upsell & deepen,Low
15990,Loyal Customers,44,2,792.11,0.453,Upsell & deepen,Low
12991,New / Promising,23,2,503.76,0.453,Onboard,Low
15478,Loyal Customers,40,2,1399.92,0.452,Upsell & deepen,Low
17772,New / Promising,10,2,173.45,0.452,Onboard,Low
16551,Can't Lose Them,95,3,922.12,0.451,Urgent win back,Low
17004,Loyal Customers,46,2,1312.14,0.451,Upsell & deepen,Low
13140,Hibernating,108,3,422.47,0.451,Low-cost reactivation,Low
13963,Can't Lose Them,308,4,664.54,0.451,Urgent win back,Low
15800,At Risk,107,2,696.89,0.45,Win back,Low
14152,At Risk,75,2,621.29,0.45,Win back,Low
17379,New / Promising,11,1,389.72,0.45,Onboard,Low
14013,Hibernating,110,3,473.02,0.45,Low-cost reactivation,Low
17100,Champions,18,2,971.74,0.449,Reward & advocate,Low
14396,Loyal Customers,65,2,487.99,0.449,Upsell & deepen,Low
16313,New / Promising,3,2,274.15,0.449,Onboard,Low
17351,Loyal Customers,36,3,587.15,0.449,Upsell & deepen,Low
12844,New / Promising,29,2,325.96,0.449,Onboard,Low
13236,New / Promising,24,2,744.85,0.449,Onboard,Low
17237,New / Promising,11,2,314.69,0.448,Onboard,Low
17084,Loyal Customers,35,2,2747.99,0.448,Upsell & deepen,Low
14609,Can't Lose Them,72,4,601.56,0.448,Urgent win back,Low
15108,Can't Lose Them,141,3,1159.25,0.448,Urgent win back,Low
14127,At Risk,122,3,709.71,0.448,Win back,Low
13810,New / Promising,28,2,827.51,0.448,Onboard,Low
12422,At Risk,95,3,683.56,0.448,Win back,Low
13569,New / Promising,17,2,337.12,0.448,Onboard,Low
16968,New / Promising,4,2,439.43,0.448,Onboard,Low
16208,Loyal Customers,44,2,664.26,0.447,Upsell & deepen,Low
17483,Loyal Customers,65,3,414.04,0.447,Upsell & deepen,Low
12798,Champions,10,3,6977.04,0.447,Reward & advocate,Low
13502,New / Promising,16,3,292.0,0.447,Onboard,Low
18022,Needs Attention,35,1,612.72,0.447,Re-engage,Low
17664,Loyal Customers,18,2,604.64,0.447,Upsell & deepen,Low
18155,At Risk,75,3,371.62,0.447,Win back,Low
17311,Can't Lose Them,78,2,1384.85,0.447,Urgent win back,Low
18202,Can't Lose Them,199,3,1396.99,0.446,Urgent win back,Low
15252,Loyal Customers,36,2,740.78,0.445,Upsell & deepen,Low
12465,New / Promising,17,2,682.19,0.445,Onboard,Low
16036,At Risk,87,2,758.92,0.445,Win back,Low
16593,Loyal Customers,50,3,330.03,0.445,Upsell & deepen,Low
16788,At Risk,123,2,592.74,0.445,Win back,Low
14306,Loyal Customers,51,2,2093.32,0.445,Upsell & deepen,Low
13533,Hibernating,182,3,269.09,0.444,Low-cost reactivation,Low
16955,Can't Lose Them,184,4,518.67,0.444,Urgent win back,Low
17951,Loyal Customers,39,3,1008.54,0.444,Upsell & deepen,Low
17936,New / Promising,5,1,380.13,0.444,Onboard,Low
18154,New / Promising,3,2,399.19,0.444,Onboard,Low
15545,Needs Attention,54,2,288.97,0.444,Re-engage,Low
12754,Can't Lose Them,235,3,3010.74,0.444,Urgent win back,Low
17429,Can't Lose Them,128,3,524.92,0.444,Urgent win back,Low
13790,New / Promising,4,1,348.8,0.444,Onboard,Low
14093,New / Promising,12,1,433.86,0.443,Onboard,Low
15781,Loyal Customers,25,3,345.46,0.443,Upsell & deepen,Low
17169,Loyal Customers,57,2,835.78,0.443,Upsell & deepen,Low
12787,New / Promising,9,3,418.66,0.443,Onboard,Low
13954,New / Promising,1,2,439.92,0.443,Onboard,Low
13037,At Risk,138,3,881.07,0.443,Win back,Low
13548,Hibernating,96,2,678.16,0.442,Low-cost reactivation,Low
12808,Needs Attention,36,3,455.65,0.442,Re-engage,Low
18081,Loyal Customers,36,3,343.45,0.442,Upsell & deepen,Low
18189,Can't Lose Them,77,2,1090.24,0.441,Urgent win back,Low
16572,Can't Lose Them,127,3,1009.6,0.441,Urgent win back,Low
14934,Can't Lose Them,81,2,1890.94,0.44,Urgent win back,Low
17624,Loyal Customers,14,2,843.48,0.44,Upsell & deepen,Low
17179,Can't Lose Them,178,3,711.79,0.44,Urgent win back,Low
13489,At Risk,105,4,449.52,0.439,Win back,Low
14857,Loyal Customers,59,2,1173.12,0.439,Upsell & deepen,Low
14597,Loyal Customers,11,2,866.24,0.439,Upsell & deepen,Low
17048,Can't Lose Them,117,3,925.35,0.439,Urgent win back,Low
15654,Loyal Customers,9,2,922.53,0.439,Upsell & deepen,Low
15967,New / Promising,23,2,397.68,0.438,Onboard,Low
14465,Can't Lose Them,246,3,1038.44,0.438,Urgent win back,Low
13030,New / Promising,11,2,752.44,0.438,Onboard,Low
15192,Can't Lose Them,119,3,1044.32,0.438,Urgent win back,Low
15184,New / Promising,29,2,402.2,0.438,Onboard,Low
16092,Can't Lose Them,114,3,817.86,0.437,Urgent win back,Low
17447,Loyal Customers,40,2,541.53,0.437,Upsell & deepen,Low
14145,Loyal Customers,46,4,3742.2,0.437,Upsell & deepen,Low
17255,Needs Attention,40,2,291.48,0.437,Re-engage,Low
13544,Needs Attention,39,2,276.06,0.436,Re-engage,Low
18123,Loyal Customers,24,2,574.44,0.436,Upsell & deepen,Low
18158,New / Promising,9,2,453.4,0.436,Onboard,Low
16364,Loyal Customers,11,2,705.79,0.436,Upsell & deepen,Low
14382,New / Promising,26,1,615.49,0.436,Onboard,Low
12413,Loyal Customers,66,3,686.1,0.435,Upsell & deepen,Low
15882,Can't Lose Them,198,4,514.08,0.435,Urgent win back,Low
18217,Loyal Customers,29,2,621.75,0.435,Upsell & deepen,Low
13038,At Risk,80,3,908.46,0.435,Win back,Low
13189,New / Promising,18,2,260.68,0.435,Onboard,Low
13823,Loyal Customers,18,2,957.66,0.434,Upsell & deepen,Low
18196,At Risk,95,2,686.63,0.434,Win back,Low
16070,Loyal Customers,22,2,852.15,0.434,Upsell & deepen,Low
17317,Loyal Customers,46,3,2600.34,0.433,Upsell & deepen,Low
14403,Can't Lose Them,130,4,1475.81,0.433,Urgent win back,Low
18034,New / Promising,21,2,418.68,0.433,Onboard,Low
17361,Loyal Customers,49,3,488.2,0.433,Upsell & deepen,Low
15821,Loyal Customers,44,2,570.96,0.432,Upsell & deepen,Low
14716,Needs Attention,43,2,307.51,0.432,Re-engage,Low
13330,Can't Lose Them,92,3,1140.93,0.432,Urgent win back,Low
13726,Loyal Customers,38,2,1079.66,0.432,Upsell & deepen,Low
13487,Loyal Customers,57,3,575.4,0.432,Upsell & deepen,Low
14836,New / Promising,10,3,102.45,0.432,Onboard,Low
15599,Loyal Customers,26,2,761.74,0.432,Upsell & deepen,Low
17783,Hibernating,72,2,283.47,0.431,Low-cost reactivation,Low
14261,Loyal Customers,50,2,1163.45,0.431,Upsell & deepen,Low
17999,Needs Attention,37,2,380.39,0.431,Re-engage,Low
13705,Loyal Customers,7,3,711.86,0.431,Upsell & deepen,Low
16747,Loyal Customers,37,2,836.06,0.431,Upsell & deepen,Low
15339,Loyal Customers,66,2,574.07,0.43,Upsell & deepen,Low
15963,New / Promising,19,2,470.76,0.43,Onboard,Low
17964,New / Promising,31,2,463.21,0.43,Onboard,Low
17621,Champions,21,3,1379.9,0.43,Reward & advocate,Low
15103,Loyal Customers,31,2,703.36,0.43,Upsell & deepen,Low
16243,Needs Attention,33,2,409.1,0.43,Re-engage,Low
16399,New / Promising,19,2,406.22,0.43,Onboard,Low
17817,Loyal Customers,4,3,387.68,0.429,Upsell & deepen,Low
15675,Hibernating,81,3,323.69,0.429,Low-cost reactivation,Low
17062,Can't Lose Them,313,4,528.29,0.429,Urgent win back,Low
15630,Loyal Customers,45,2,1186.35,0.428,Upsell & deepen,Low
17420,Loyal Customers,50,3,598.83,0.428,Upsell & deepen,Low
17375,At Risk,199,3,400.1,0.428,Win back,Low
17764,Loyal Customers,50,2,772.55,0.428,Upsell & deepen,Low
13461,Loyal Customers,38,3,1445.0,0.427,Upsell & deepen,Low
17033,Can't Lose Them,86,3,1030.14,0.427,Urgent win back,Low
15018,Loyal Customers,38,3,496.21,0.426,Upsell & deepen,Low
14708,Champions,2,3,1126.37,0.426,Reward & advocate,Low
12904,New / Promising,18,2,496.06,0.426,Onboard,Low
17495,Loyal Customers,7,2,497.56,0.426,Upsell & deepen,Low
13032,Loyal Customers,52,2,1010.18,0.425,Upsell & deepen,Low
15272,Loyal Customers,57,2,721.94,0.425,Upsell & deepen,Low
15791,Loyal Customers,43,2,1612.69,0.425,Upsell & deepen,Low
13376,Can't Lose Them,99,3,1019.76,0.425,Urgent win back,Low
14862,Loyal Customers,25,2,841.2,0.425,Upsell & deepen,Low
16383,At Risk,74,2,643.76,0.424,Win back,Low
16386,New / Promising,28,2,302.57,0.424,Onboard,Low
15492,Loyal Customers,28,2,659.46,0.423,Upsell & deepen,Low
12536,Loyal Customers,59,1,4279.71,0.423,Upsell & deepen,Low
16842,Can't Lose Them,100,3,1264.19,0.423,Urgent win back,Low
12689,Loyal Customers,25,2,1139.61,0.423,Upsell & deepen,Low
13780,New / Promising,7,2,360.01,0.422,Onboard,Low
15881,Can't Lose Them,312,5,501.39,0.422,Urgent win back,Low
12942,At Risk,131,3,675.6,0.422,Win back,Low
17537,Loyal Customers,29,2,887.67,0.422,Upsell & deepen,Low
16112,Hibernating,143,4,195.74,0.421,Low-cost reactivation,Low
12886,Loyal Customers,67,2,1378.4,0.421,Upsell & deepen,Low
17082,Loyal Customers,33,2,2003.85,0.421,Upsell & deepen,Low
18156,Loyal Customers,12,2,675.64,0.421,Upsell & deepen,Low
13350,Loyal Customers,16,2,979.12,0.42,Upsell & deepen,Low
15471,New / Promising,2,1,454.48,0.42,Onboard,Low
16352,Loyal Customers,17,2,494.44,0.419,Upsell & deepen,Low
13066,New / Promising,24,2,470.8,0.419,Onboard,Low
14452,New / Promising,10,2,259.05,0.419,Onboard,Low
15969,Champions,2,3,666.1,0.419,Reward & advocate,Low
14050,Loyal Customers,31,2,746.36,0.419,Upsell & deepen,Low
16342,At Risk,75,4,322.41,0.419,Win back,Low
13761,Loyal Customers,50,2,1070.65,0.419,Upsell & deepen,Low
14087,New / Promising,2,1,191.47,0.419,Onboard,Low
12713,New / Promising,0,1,794.55,0.418,Onboard,Low
15714,New / Promising,11,2,330.03,0.418,Onboard,Low
15107,Can't Lose Them,311,6,319.5,0.418,Urgent win back,Low
15012,Needs Attention,53,2,405.04,0.417,Re-engage,Low
14740,Can't Lose Them,197,3,1448.21,0.417,Urgent win back,Low
12876,Loyal Customers,57,2,2053.02,0.417,Upsell & deepen,Low
14161,Can't Lose Them,215,3,1097.62,0.417,Urgent win back,Low
16807,Can't Lose Them,142,3,1121.59,0.416,Urgent win back,Low
16561,Loyal Customers,5,2,511.12,0.416,Upsell & deepen,Low
15197,Champions,10,3,1079.61,0.416,Reward & advocate,Low
16374,Needs Attention,66,2,458.78,0.415,Re-engage,Low
12635,At Risk,89,2,1509.18,0.415,Win back,Low
15806,Loyal Customers,46,3,784.58,0.415,Upsell & deepen,Low
14229,Loyal Customers,51,3,1547.2,0.415,Upsell & deepen,Low
14412,Loyal Customers,42,2,770.03,0.414,Upsell & deepen,Low
15872,New / Promising,14,2,316.25,0.414,Onboard,Low
14335,New / Promising,16,2,454.86,0.414,Onboard,Low
16674,Needs Attention,54,2,304.24,0.414,Re-engage,Low
16800,Loyal Customers,11,1,1162.65,0.414,Upsell & deepen,Low
17081,New / Promising,25,2,288.91,0.414,Onboard,Low
14451,Loyal Customers,60,2,643.9,0.413,Upsell & deepen,Low
16038,Loyal Customers,7,3,471.78,0.413,Upsell & deepen,Low
12716,Loyal Customers,3,2,963.49,0.413,Upsell & deepen,Low
14651,Loyal Customers,67,2,653.75,0.413,Upsell & deepen,Low
14223,Can't Lose Them,92,3,991.13,0.413,Urgent win back,Low
12546,Loyal Customers,46,2,1021.5,0.412,Upsell & deepen,Low
17914,New / Promising,3,1,329.36,0.412,Onboard,Low
17320,Can't Lose Them,100,3,1200.62,0.412,Urgent win back,Low
12719,New / Promising,5,2,572.95,0.411,Onboard,Low
13643,Loyal Customers,31,3,519.44,0.411,Upsell & deepen,Low
15919,Loyal Customers,19,2,525.69,0.41,Upsell & deepen,Low
13741,Loyal Customers,71,3,668.43,0.41,Upsell & deepen,Low
13539,At Risk,85,3,631.34,0.41,Win back,Low
14020,Loyal Customers,16,2,642.8,0.41,Upsell & deepen,Low
18252,Loyal Customers,50,2,518.27,0.41,Upsell & deepen,Low
14276,Can't Lose Them,98,3,1119.74,0.409,Urgent win back,Low
17555,New / Promising,19,2,480.31,0.409,Onboard,Low
13673,New / Promising,18,2,387.44,0.409,Onboard,Low
17723,Can't Lose Them,127,6,3276.4,0.409,Urgent win back,Low
12838,Needs Attention,33,2,671.95,0.409,Re-engage,Low
18136,Loyal Customers,63,3,784.33,0.409,Upsell & deepen,Low
12427,Loyal Customers,21,3,699.8,0.408,Upsell & deepen,Low
15754,Loyal Customers,51,3,458.57,0.408,Upsell & deepen,Low
15245,Can't Lose Them,134,3,2515.84,0.408,Urgent win back,Low
13282,Champions,18,3,1132.14,0.407,Reward & advocate,Low
13421,Loyal Customers,40,2,1823.21,0.407,Upsell & deepen,Low
15068,Loyal Customers,46,2,553.36,0.407,Upsell & deepen,Low
14532,Can't Lose Them,236,4,932.85,0.407,Urgent win back,Low
16139,Champions,18,3,635.41,0.407,Reward & advocate,Low
12372,Loyal Customers,71,3,1196.04,0.407,Upsell & deepen,Low
14246,Can't Lose Them,110,3,1474.06,0.407,Urgent win back,Low
13802,Can't Lose Them,138,3,4599.42,0.407,Urgent win back,Low
13914,Loyal Customers,11,2,626.45,0.406,Upsell & deepen,Low
13277,Loyal Customers,15,4,258.4,0.406,Upsell & deepen,Low
14539,Loyal Customers,15,2,537.48,0.405,Upsell & deepen,Low
14508,New / Promising,22,2,268.05,0.405,Onboard,Low
14475,Loyal Customers,71,3,925.85,0.405,Upsell & deepen,Low
16311,Loyal Customers,17,2,616.26,0.404,Upsell & deepen,Low
16099,Loyal Customers,50,3,731.9,0.404,Upsell & deepen,Low
17466,Loyal Customers,10,2,763.28,0.404,Upsell & deepen,Low
15763,Champions,31,2,1086.92,0.404,Reward & advocate,Low
13280,At Risk,122,3,798.46,0.404,Win back,Low
14477,Champions,19,4,1309.6,0.403,Reward & advocate,Low
12556,Needs Attention,50,2,599.56,0.403,Re-engage,Low
12578,Champions,21,2,2402.51,0.403,Reward & advocate,Low
18170,Loyal Customers,33,3,980.31,0.403,Upsell & deepen,Low
14608,Champions,4,4,1785.15,0.402,Reward & advocate,Low
17912,At Risk,310,5,310.06,0.402,Win back,Low
16357,Loyal Customers,33,3,658.88,0.402,Upsell & deepen,Low
14921,Champions,30,2,1316.07,0.402,Reward & advocate,Low
16654,Can't Lose Them,141,4,601.27,0.402,Urgent win back,Low
16298,Champions,22,3,598.2,0.402,Reward & advocate,Low
14001,Loyal Customers,45,3,2043.08,0.402,Upsell & deepen,Low
13601,Needs Attention,45,2,693.32,0.401,Re-engage,Low
15122,Can't Lose Them,114,3,1633.78,0.401,Urgent win back,Low
18259,Champions,24,3,2338.6,0.401,Reward & advocate,Low
14544,Champions,24,2,2004.3,0.401,Reward & advocate,Low
17897,Can't Lose Them,172,3,541.81,0.401,Urgent win back,Low
16324,At Risk,128,3,408.59,0.4,Win back,Low
13427,Loyal Customers,19,3,582.6,0.4,Upsell & deepen,Low
13894,Loyal Customers,23,3,564.62,0.4,Upsell & deepen,Low
16589,Loyal Customers,71,3,459.24,0.4,Upsell & deepen,Low
16317,Can't Lose Them,119,3,1341.65,0.399,Urgent win back,Low
17892,Needs Attention,56,3,244.1,0.399,Re-engage,Low
18150,Champions,32,3,566.58,0.399,Reward & advocate,Low
13592,Loyal Customers,35,4,247.96,0.399,Upsell & deepen,Low
12693,Can't Lose Them,127,4,711.91,0.398,Urgent win back,Low
17119,Loyal Customers,3,2,606.91,0.398,Upsell & deepen,Low
17144,Champions,1,2,984.57,0.398,Reward & advocate,Low
17425,Loyal Customers,19,2,759.17,0.397,Upsell & deepen,Low
15624,Can't Lose Them,116,4,588.13,0.397,Urgent win back,Low
13925,Can't Lose Them,92,4,678.25,0.397,Urgent win back,Low
13079,New / Promising,4,5,220.1,0.397,Onboard,Low
17560,Can't Lose Them,94,4,854.95,0.396,Urgent win back,Low
16950,Loyal Customers,56,3,1178.56,0.396,Upsell & deepen,Low
15522,New / Promising,32,2,397.99,0.396,Onboard,Low
17432,New / Promising,18,2,365.76,0.396,Onboard,Low
16322,New / Promising,1,2,326.75,0.395,Onboard,Low
14584,Can't Lose Them,169,4,1033.06,0.395,Urgent win back,Low
14111,Champions,14,4,692.85,0.395,Reward & advocate,Low
13617,Loyal Customers,40,3,544.18,0.395,Upsell & deepen,Low
17672,Loyal Customers,50,2,3178.17,0.395,Upsell & deepen,Low
17115,Champions,8,3,837.5,0.395,Reward & advocate,Low
16882,Loyal Customers,66,3,705.12,0.395,Upsell & deepen,Low
16916,Loyal Customers,23,2,562.41,0.394,Upsell & deepen,Low
16816,At Risk,103,4,417.06,0.394,Win back,Low
14815,Loyal Customers,36,2,778.5,0.393,Upsell & deepen,Low
14788,Loyal Customers,7,2,679.44,0.393,Upsell & deepen,Low
14818,At Risk,73,3,657.8,0.393,Win back,Low
12940,Needs Attention,54,2,899.69,0.393,Re-engage,Low
17526,Champions,4,4,1195.9,0.393,Reward & advocate,Low
17002,Can't Lose Them,85,3,1493.73,0.393,Urgent win back,Low
16367,Loyal Customers,37,2,800.67,0.392,Upsell & deepen,Low
13028,New / Promising,22,2,661.32,0.392,Onboard,Low
15850,New / Promising,19,2,234.88,0.392,Onboard,Low
13425,Can't Lose Them,108,3,1624.21,0.392,Urgent win back,Low
15400,Can't Lose Them,92,5,716.2,0.391,Urgent win back,Low
14869,Loyal Customers,8,2,721.45,0.391,Upsell & deepen,Low
12438,Champions,14,2,2466.85,0.39,Reward & advocate,Low
17856,Champions,1,4,1418.03,0.39,Reward & advocate,Low
13220,Can't Lose Them,78,4,819.29,0.39,Urgent win back,Low
14550,Loyal Customers,10,2,757.37,0.389,Upsell & deepen,Low
14631,Loyal Customers,50,3,1006.98,0.389,Upsell & deepen,Low
12865,Loyal Customers,26,2,1568.23,0.389,Upsell & deepen,Low
12406,Champions,22,2,3415.3,0.389,Reward & advocate,Low
13606,New / Promising,29,3,276.75,0.389,Onboard,Low
17034,Champions,16,3,745.52,0.389,Reward & advocate,Low
13722,Can't Lose Them,131,3,2375.41,0.389,Urgent win back,Low
15088,Champions,21,2,1160.07,0.389,Reward & advocate,Low
15123,Champions,7,2,2199.31,0.388,Reward & advocate,Low
13849,Loyal Customers,51,2,1537.95,0.388,Upsell & deepen,Low
12601,Can't Lose Them,189,5,487.06,0.388,Urgent win back,Low
15079,Can't Lose Them,212,4,895.61,0.388,Urgent win back,Low
14712,Loyal Customers,29,3,917.07,0.388,Upsell & deepen,Low
14880,At Risk,77,3,690.59,0.388,Win back,Low
12710,Can't Lose Them,96,3,1023.02,0.388,Urgent win back,Low
15073,Champions,9,3,1043.41,0.388,Reward & advocate,Low
14731,Needs Attention,47,3,380.02,0.387,Re-engage,Low
17459,Loyal Customers,43,2,657.3,0.387,Upsell & deepen,Low
16951,Can't Lose Them,134,3,1277.75,0.387,Urgent win back,Low
16768,Loyal Customers,47,3,478.09,0.387,Upsell & deepen,Low
12925,New / Promising,4,2,694.05,0.387,Onboard,Low
17816,Needs Attention,36,4,36.56,0.386,Re-engage,Low
15651,Loyal Customers,36,3,646.3,0.386,Upsell & deepen,Low
16385,Loyal Customers,60,3,554.86,0.386,Upsell & deepen,Low
16157,Champions,15,3,656.69,0.386,Reward & advocate,Low
17204,Can't Lose Them,175,4,1564.56,0.386,Urgent win back,Low
15938,At Risk,112,5,404.58,0.386,Win back,Low
13224,Loyal Customers,60,2,2152.95,0.386,Upsell & deepen,Low
17388,Can't Lose Them,77,4,1259.56,0.385,Urgent win back,Low
12560,Loyal Customers,5,2,1918.01,0.385,Upsell & deepen,Low
14138,Champions,1,2,965.88,0.385,Reward & advocate,Low
16889,Can't Lose Them,194,3,1578.67,0.385,Urgent win back,Low
17734,Loyal Customers,53,3,700.63,0.385,Upsell & deepen,Low
14669,Can't Lose Them,241,3,1259.24,0.385,Urgent win back,Low
17631,Champions,1,3,528.33,0.384,Reward & advocate,Low
14765,New / Promising,29,3,254.11,0.384,Onboard,Low
12412,Can't Lose Them,74,3,1142.88,0.384,Urgent win back,Low
13430,New / Promising,18,2,679.45,0.383,Onboard,Low
13258,Loyal Customers,11,3,672.83,0.383,Upsell & deepen,Low
17064,Loyal Customers,58,3,855.45,0.382,Upsell & deepen,Low
14937,Loyal Customers,56,3,1621.88,0.382,Upsell & deepen,Low
13652,Loyal Customers,45,3,1095.08,0.382,Upsell & deepen,Low
14332,Loyal Customers,22,3,840.21,0.381,Upsell & deepen,Low
16478,Loyal Customers,25,3,331.0,0.381,Upsell & deepen,Low
12697,Loyal Customers,28,3,757.59,0.381,Upsell & deepen,Low
15239,Loyal Customers,10,2,780.59,0.381,Upsell & deepen,Low
17618,Champions,5,3,930.28,0.381,Reward & advocate,Low
13040,New / Promising,8,2,676.99,0.381,Onboard,Low
18005,New / Promising,3,2,226.47,0.381,Onboard,Low
16120,Loyal Customers,59,4,1309.14,0.38,Upsell & deepen,Low
15535,Can't Lose Them,173,4,502.9,0.38,Urgent win back,Low
16321,At Risk,72,5,373.65,0.38,Win back,Low
17724,Loyal Customers,71,3,1033.0,0.379,Upsell & deepen,Low
13171,New / Promising,21,3,468.41,0.379,Onboard,Low
15026,Hibernating,80,3,464.2,0.379,Low-cost reactivation,Low
18001,New / Promising,12,2,415.13,0.378,Onboard,Low
17472,Can't Lose Them,191,3,697.54,0.378,Urgent win back,Low
13211,Champions,10,3,1095.42,0.378,Reward & advocate,Low
17692,Can't Lose Them,127,4,725.58,0.378,Urgent win back,Low
15582,Loyal Customers,24,3,682.91,0.377,Upsell & deepen,Low
16053,Champions,32,2,1511.95,0.377,Reward & advocate,Low
16488,Loyal Customers,33,3,498.8,0.377,Upsell & deepen,Low
16136,Loyal Customers,59,3,709.38,0.377,Upsell & deepen,Low
16554,Loyal Customers,42,3,837.1,0.377,Upsell & deepen,Low
12397,Loyal Customers,35,2,2214.9,0.377,Upsell & deepen,Low
16253,Loyal Customers,66,2,3683.86,0.377,Upsell & deepen,Low
13846,Loyal Customers,24,3,865.06,0.377,Upsell & deepen,Low
13662,At Risk,85,3,881.26,0.377,Win back,Low
12541,Loyal Customers,29,3,841.18,0.377,Upsell & deepen,Low
17282,Can't Lose Them,130,3,1685.46,0.377,Urgent win back,Low
16520,Can't Lose Them,186,3,1046.57,0.376,Urgent win back,Low
12609,Can't Lose Them,78,3,964.85,0.376,Urgent win back,Low
16008,Loyal Customers,23,3,478.78,0.376,Upsell & deepen,Low
14970,Loyal Customers,68,4,1592.06,0.376,Upsell & deepen,Low
13562,Can't Lose Them,81,3,1799.33,0.376,Urgent win back,Low
16811,Loyal Customers,4,2,547.07,0.376,Upsell & deepen,Low
18167,Champions,23,3,1384.86,0.375,Reward & advocate,Low
17457,Can't Lose Them,126,5,1737.7,0.375,Urgent win back,Low
13363,Loyal Customers,17,2,992.5,0.375,Upsell & deepen,Low
15440,Needs Attention,54,3,383.68,0.375,Re-engage,Low
14352,Can't Lose Them,157,4,1078.96,0.375,Urgent win back,Low
12646,Loyal Customers,4,2,1346.97,0.375,Upsell & deepen,Low
12572,New / Promising,8,2,912.42,0.375,Onboard,Low
13851,Can't Lose Them,95,3,2651.46,0.375,Urgent win back,Low
15215,Loyal Customers,46,3,734.94,0.375,Upsell & deepen,Low
13868,Champions,7,2,3192.54,0.375,Reward & advocate,Low
17058,Can't Lose Them,81,3,1179.89,0.375,Urgent win back,Low
14179,Loyal Customers,40,2,701.57,0.375,Upsell & deepen,Low
17503,Loyal Customers,2,2,558.96,0.374,Upsell & deepen,Low
13365,Loyal Customers,33,2,2225.37,0.373,Upsell & deepen,Low
13131,Champions,23,3,1073.3,0.373,Reward & advocate,Low
17736,Loyal Customers,9,3,377.44,0.372,Upsell & deepen,Low
17454,Can't Lose Them,192,4,517.53,0.372,Urgent win back,Low
12924,Can't Lose Them,88,4,925.75,0.371,Urgent win back,Low
15095,Can't Lose Them,103,4,1370.6,0.371,Urgent win back,Low
17262,Loyal Customers,52,5,1253.36,0.371,Upsell & deepen,Low
13016,At Risk,73,3,789.89,0.371,Win back,Low
17411,Champions,12,3,778.94,0.37,Reward & advocate,Low
15398,Champions,16,2,1345.53,0.37,Reward & advocate,Low
16734,Loyal Customers,52,3,646.76,0.37,Upsell & deepen,Low
13812,Loyal Customers,42,3,485.0,0.37,Upsell & deepen,Low
15977,Champions,17,2,1054.73,0.37,Reward & advocate,Low
12498,New / Promising,21,3,349.7,0.37,Onboard,Low
17573,Loyal Customers,29,3,380.6,0.37,Upsell & deepen,Low
13591,Loyal Customers,64,3,1117.13,0.37,Upsell & deepen,Low
17158,Champions,32,3,1266.97,0.369,Reward & advocate,Low
17232,New / Promising,2,2,417.77,0.369,Onboard,Low
15865,Loyal Customers,40,3,895.13,0.369,Upsell & deepen,Low
12356,Champions,22,3,2487.43,0.369,Reward & advocate,Low
13939,Loyal Customers,23,3,568.55,0.369,Upsell & deepen,Low
15110,Champions,23,4,996.1,0.368,Reward & advocate,Low
15883,New / Promising,2,2,396.48,0.368,Onboard,Low
16639,Champions,31,3,1257.51,0.368,Reward & advocate,Low
12994,Champions,4,3,974.42,0.368,Reward & advocate,Low
14075,Champions,4,3,942.26,0.368,Reward & advocate,Low
17950,At Risk,72,3,482.2,0.368,Win back,Low
18093,Can't Lose Them,93,4,2106.52,0.367,Urgent win back,Low
18059,Loyal Customers,23,3,306.46,0.367,Upsell & deepen,Low
15344,Loyal Customers,0,3,563.94,0.367,Upsell & deepen,Low
17047,Can't Lose Them,85,3,1100.9,0.367,Urgent win back,Low
14019,Loyal Customers,46,3,1421.61,0.367,Upsell & deepen,Low
15573,Loyal Customers,31,2,583.24,0.366,Upsell & deepen,Low
14997,Loyal Customers,46,3,546.2,0.366,Upsell & deepen,Low
16284,Loyal Customers,31,2,812.68,0.366,Upsell & deepen,Low
14758,Can't Lose Them,144,4,1484.06,0.366,Urgent win back,Low
16475,Can't Lose Them,88,4,544.3,0.366,Urgent win back,Low
14167,Loyal Customers,39,4,562.59,0.366,Upsell & deepen,Low
16621,Loyal Customers,51,4,813.48,0.366,Upsell & deepen,Low
13736,New / Promising,5,2,729.8,0.365,Onboard,Low
15467,Loyal Customers,9,3,524.88,0.364,Upsell & deepen,Low
17579,Loyal Customers,4,3,448.9,0.364,Upsell & deepen,Low
15429,New / Promising,26,2,397.35,0.364,Onboard,Low
16040,Loyal Customers,65,3,1313.55,0.364,Upsell & deepen,Low
14930,Can't Lose Them,108,3,2362.96,0.364,Urgent win back,Low
15289,Champions,29,3,939.78,0.364,Reward & advocate,Low
15414,Loyal Customers,9,3,774.9,0.363,Upsell & deepen,Low
16330,Loyal Customers,17,3,251.91,0.363,Upsell & deepen,Low
17545,Loyal Customers,43,3,642.32,0.363,Upsell & deepen,Low
15449,Champions,26,3,974.52,0.363,Reward & advocate,Low
13720,Can't Lose Them,116,4,799.9,0.363,Urgent win back,Low
16121,Loyal Customers,57,2,854.66,0.362,Upsell & deepen,Low
14692,Can't Lose Them,137,4,591.55,0.362,Urgent win back,Low
15980,Can't Lose Them,88,3,2398.86,0.362,Urgent win back,Low
17387,Loyal Customers,19,2,746.81,0.362,Upsell & deepen,Low
17770,Can't Lose Them,198,5,1143.27,0.362,Urgent win back,Low
16102,Loyal Customers,42,3,1842.14,0.361,Upsell & deepen,Low
14273,Loyal Customers,51,4,559.97,0.361,Upsell & deepen,Low
16203,Loyal Customers,58,4,592.9,0.361,Upsell & deepen,Low
15948,Champions,8,2,955.24,0.361,Reward & advocate,Low
12630,Loyal Customers,9,2,1030.88,0.361,Upsell & deepen,Low
17917,Loyal Customers,45,3,335.03,0.361,Upsell & deepen,Low
16653,Champions,16,2,1212.66,0.361,Reward & advocate,Low
17341,Can't Lose Them,156,3,682.29,0.361,Urgent win back,Low
15485,Champions,30,3,2564.5,0.36,Reward & advocate,Low
13611,Can't Lose Them,89,3,1154.4,0.36,Urgent win back,Low
13865,Loyal Customers,58,4,501.56,0.36,Upsell & deepen,Low
16969,Loyal Customers,39,3,650.41,0.36,Upsell & deepen,Low
16182,Can't Lose Them,72,4,6617.65,0.36,Urgent win back,Low
14514,Loyal Customers,61,3,990.2,0.359,Upsell & deepen,Low
14775,Loyal Customers,58,3,1011.9,0.359,Upsell & deepen,Low
15452,Loyal Customers,29,3,528.48,0.359,Upsell & deepen,Low
16660,Champions,16,4,1267.65,0.359,Reward & advocate,Low
16200,Champions,4,2,1068.87,0.358,Reward & advocate,Low
15329,Loyal Customers,39,3,1049.7,0.358,Upsell & deepen,Low
16347,Loyal Customers,11,2,847.45,0.358,Upsell & deepen,Low
17041,Champions,26,3,1071.49,0.358,Reward & advocate,Low
14720,Loyal Customers,5,3,663.81,0.357,Upsell & deepen,Low
13310,Champions,28,3,1132.03,0.357,Reward & advocate,Low
15053,Loyal Customers,4,3,693.95,0.357,Upsell & deepen,Low
14664,Loyal Customers,19,2,636.24,0.356,Upsell & deepen,Low
13238,Champions,17,4,700.73,0.356,Reward & advocate,Low
13959,At Risk,79,3,594.04,0.356,Win back,Low
15164,Loyal Customers,68,3,824.58,0.356,Upsell & deepen,Low
17595,New / Promising,12,2,386.69,0.355,Onboard,Low
15238,Champions,29,3,1071.99,0.354,Reward & advocate,Low
17521,Champions,29,3,723.21,0.354,Reward & advocate,Low
15494,Champions,21,2,1280.58,0.354,Reward & advocate,Low
13692,Champions,24,3,1488.32,0.354,Reward & advocate,Low
12348,Can't Lose Them,75,4,1437.24,0.354,Urgent win back,Low
18173,Can't Lose Them,86,4,2106.84,0.354,Urgent win back,Low
13475,Can't Lose Them,191,4,1431.78,0.353,Urgent win back,Low
17095,Champions,22,3,1324.16,0.353,Reward & advocate,Low
12993,Loyal Customers,23,4,414.76,0.352,Upsell & deepen,Low
16175,Can't Lose Them,94,4,1037.59,0.352,Urgent win back,Low
14461,Can't Lose Them,148,3,2102.67,0.352,Urgent win back,Low
12916,Can't Lose Them,138,4,2944.95,0.352,Urgent win back,Low
16801,Can't Lose Them,163,4,1594.23,0.352,Urgent win back,Low
14385,New / Promising,9,3,202.11,0.351,Onboard,Low
14038,Can't Lose Them,78,3,1560.38,0.351,Urgent win back,Low
15306,Loyal Customers,64,3,1174.35,0.351,Upsell & deepen,Low
13486,Can't Lose Them,78,3,1122.41,0.351,Urgent win back,Low
12399,Can't Lose Them,119,4,1033.65,0.35,Urgent win back,Low
17703,Loyal Customers,35,3,798.74,0.35,Upsell & deepen,Low
15808,Can't Lose Them,306,4,3651.27,0.35,Urgent win back,Low
17221,New / Promising,7,2,334.48,0.35,Onboard,Low
15747,Champions,12,3,946.64,0.35,Reward & advocate,Low
14522,Champions,24,4,974.54,0.349,Reward & advocate,Low
13318,Loyal Customers,1,3,640.76,0.349,Upsell & deepen,Low
13240,Can't Lose Them,96,4,648.7,0.348,Urgent win back,Low
16755,Can't Lose Them,114,3,1475.43,0.348,Urgent win back,Low
18037,At Risk,154,6,70.02,0.348,Win back,Low
15831,Loyal Customers,58,3,794.64,0.347,Upsell & deepen,Low
18127,Loyal Customers,19,3,347.08,0.347,Upsell & deepen,Low
13827,Needs Attention,57,3,409.8,0.346,Re-engage,Low
17198,Champions,23,3,692.22,0.346,Reward & advocate,Low
15730,Loyal Customers,65,3,1120.88,0.346,Upsell & deepen,Low
15625,Can't Lose Them,103,4,1534.26,0.346,Urgent win back,Low
16418,Loyal Customers,44,3,631.12,0.346,Upsell & deepen,Low
17905,Loyal Customers,71,4,798.99,0.345,Upsell & deepen,Low
16804,Champions,23,3,536.99,0.345,Reward & advocate,Low
14893,Champions,9,2,1237.85,0.345,Reward & advocate,Low
16495,Champions,3,3,648.26,0.345,Reward & advocate,Low
18036,Loyal Customers,32,3,403.12,0.344,Upsell & deepen,Low
13516,Champions,21,3,1389.41,0.344,Reward & advocate,Low
16851,Loyal Customers,4,3,342.45,0.344,Upsell & deepen,Low
13389,Loyal Customers,11,3,797.96,0.344,Upsell & deepen,Low
12642,Loyal Customers,25,3,905.26,0.344,Upsell & deepen,Low
16368,New / Promising,2,2,479.91,0.344,Onboard,Low
12643,Can't Lose Them,128,6,3041.64,0.344,Urgent win back,Low
18232,Can't Lose Them,81,4,592.97,0.343,Urgent win back,Low
13748,Can't Lose Them,95,5,948.25,0.343,Urgent win back,Low
18035,Loyal Customers,35,3,713.89,0.343,Upsell & deepen,Low
15489,Champions,22,3,1134.28,0.343,Reward & advocate,Low
16232,Loyal Customers,43,4,990.88,0.343,Upsell & deepen,Low
13637,Loyal Customers,52,3,803.05,0.343,Upsell & deepen,Low
12759,Loyal Customers,52,3,1411.44,0.343,Upsell & deepen,Low
13566,Needs Attention,40,2,856.84,0.342,Re-engage,Low
12827,New / Promising,5,3,430.15,0.342,Onboard,Low
16079,Champions,16,3,1352.0,0.342,Reward & advocate,Low
14342,Champions,21,4,668.56,0.342,Reward & advocate,Low
15658,Can't Lose Them,190,5,1024.1,0.342,Urgent win back,Low
13867,Champions,31,3,1005.09,0.342,Reward & advocate,Low
14561,Can't Lose Them,75,3,1080.76,0.341,Urgent win back,Low
12421,Champions,15,4,639.04,0.341,Reward & advocate,Low
14540,Champions,9,3,952.66,0.341,Reward & advocate,Low
16539,Champions,2,4,1388.81,0.341,Reward & advocate,Low
15483,Hibernating,161,4,225.26,0.341,Low-cost reactivation,Low
15561,Champions,11,4,800.59,0.341,Reward & advocate,Low
16122,Can't Lose Them,73,4,684.42,0.341,Urgent win back,Low
12728,Loyal Customers,71,4,728.33,0.34,Upsell & deepen,Low
17371,Loyal Customers,17,3,418.4,0.34,Upsell & deepen,Low
14233,Loyal Customers,49,4,1462.72,0.34,Upsell & deepen,Low
12695,Champions,7,4,582.1,0.339,Reward & advocate,Low
17321,Loyal Customers,8,2,657.16,0.339,Upsell & deepen,Low
16043,Loyal Customers,37,4,773.99,0.339,Upsell & deepen,Low
16885,Loyal Customers,15,3,450.41,0.339,Upsell & deepen,Low
14126,Loyal Customers,7,3,706.13,0.339,Upsell & deepen,Low
14177,Can't Lose Them,86,4,549.46,0.339,Urgent win back,Low
15680,Champions,9,3,1333.68,0.339,Reward & advocate,Low
12840,Can't Lose Them,143,4,2726.77,0.339,Urgent win back,Low
18263,Champions,25,3,1213.16,0.339,Reward & advocate,Low
12854,Can't Lose Them,78,3,1316.25,0.339,Urgent win back,Low
17557,Champions,14,3,541.46,0.338,Reward & advocate,Low
15807,Loyal Customers,50,3,903.9,0.338,Upsell & deepen,Low
15274,Loyal Customers,4,2,716.57,0.337,Upsell & deepen,Low
18043,Champions,24,3,529.29,0.337,Reward & advocate,Low
15669,Loyal Customers,40,4,684.34,0.337,Upsell & deepen,Low
16023,Loyal Customers,46,3,719.81,0.337,Upsell & deepen,Low
17994,Can't Lose Them,121,4,674.89,0.337,Urgent win back,Low
15111,Champions,29,3,1567.48,0.336,Reward & advocate,Low
16730,Loyal Customers,52,3,743.11,0.336,Upsell & deepen,Low
12762,Loyal Customers,7,2,1702.52,0.336,Upsell & deepen,Low
13308,Champions,22,3,1385.51,0.336,Reward & advocate,Low
15549,Can't Lose Them,77,3,1677.71,0.336,Urgent win back,Low
17869,At Risk,107,5,428.18,0.335,Win back,Low
17564,Loyal Customers,24,3,454.01,0.335,Upsell & deepen,Low
15620,Loyal Customers,56,3,1553.18,0.335,Upsell & deepen,Low
17802,Can't Lose Them,82,3,1285.04,0.334,Urgent win back,Low
16806,Can't Lose Them,103,4,736.21,0.334,Urgent win back,Low
15704,Can't Lose Them,140,4,2293.62,0.334,Urgent win back,Low
16221,Loyal Customers,36,3,860.86,0.333,Upsell & deepen,Low
16571,Champions,26,3,1421.69,0.333,Reward & advocate,Low
16503,Can't Lose Them,106,4,1431.93,0.333,Urgent win back,Low
13158,Can't Lose Them,94,4,1201.06,0.333,Urgent win back,Low
15569,Can't Lose Them,103,5,1375.71,0.332,Urgent win back,Low
14383,Loyal Customers,38,3,1247.69,0.331,Upsell & deepen,Low
14140,Champions,3,2,935.05,0.331,Reward & advocate,Low
13027,Can't Lose Them,113,6,6912.0,0.331,Urgent win back,Low
15027,Champions,30,4,1066.15,0.331,Reward & advocate,Low
14163,Can't Lose Them,87,4,2445.91,0.33,Urgent win back,Low
16762,Champions,19,3,1207.24,0.33,Reward & advocate,Low
13984,Champions,26,5,920.51,0.33,Reward & advocate,Low
16235,Loyal Customers,40,4,857.31,0.33,Upsell & deepen,Low
13186,Loyal Customers,39,3,1575.89,0.329,Upsell & deepen,Low
15799,Can't Lose Them,75,3,884.14,0.328,Urgent win back,Low
16984,Can't Lose Them,88,2,4459.52,0.328,Urgent win back,Low
16774,Loyal Customers,67,4,661.52,0.328,Upsell & deepen,Low
14829,Champions,29,4,697.55,0.328,Reward & advocate,Low
13301,Can't Lose Them,103,4,600.19,0.328,Urgent win back,Low
12885,Loyal Customers,63,3,1175.22,0.328,Upsell & deepen,Low
17720,Champions,26,4,1195.94,0.328,Reward & advocate,Low
18188,Champions,15,3,2001.04,0.328,Reward & advocate,Low
15568,Loyal Customers,2,3,758.29,0.328,Upsell & deepen,Low
17266,Loyal Customers,2,3,296.58,0.327,Upsell & deepen,Low
15312,Can't Lose Them,75,4,924.85,0.327,Urgent win back,Low
14805,Champions,15,4,546.4,0.327,Reward & advocate,Low
15054,New / Promising,12,2,302.1,0.327,Onboard,Low
14959,Loyal Customers,64,4,695.42,0.327,Upsell & deepen,Low
16245,Champions,23,3,1413.66,0.327,Reward & advocate,Low
13467,Loyal Customers,10,2,1071.91,0.327,Upsell & deepen,Low
17886,Champions,31,3,869.28,0.327,Reward & advocate,Low
14759,Champions,4,3,1625.97,0.327,Reward & advocate,Low
15563,Champions,22,3,1361.44,0.326,Reward & advocate,Low
15826,Loyal Customers,56,3,1654.31,0.326,Upsell & deepen,Low
14700,Champions,32,3,2195.1,0.326,Reward & advocate,Low
16496,Champions,8,3,1599.52,0.326,Reward & advocate,Low
16164,Champions,17,3,822.48,0.325,Reward & advocate,Low
15421,Loyal Customers,58,4,950.36,0.325,Upsell & deepen,Low
13092,Loyal Customers,70,5,477.83,0.325,Upsell & deepen,Low
16045,Can't Lose Them,119,4,1340.7,0.325,Urgent win back,Low
16014,Loyal Customers,37,3,646.83,0.324,Upsell & deepen,Low
13928,Loyal Customers,10,4,464.57,0.324,Upsell & deepen,Low
15297,Loyal Customers,10,3,641.94,0.324,Upsell & deepen,Low
16240,Champions,24,2,3718.8,0.324,Reward & advocate,Low
12640,Champions,23,3,994.58,0.324,Reward & advocate,Low
17932,Champions,29,3,1331.57,0.324,Reward & advocate,Low
14285,Champions,21,4,1910.01,0.323,Reward & advocate,Low
17671,Champions,15,4,1572.71,0.323,Reward & advocate,Low
15036,Hibernating,72,3,429.56,0.322,Low-cost reactivation,Low
15067,Can't Lose Them,78,3,1744.76,0.322,Urgent win back,Low
14305,Loyal Customers,71,3,1858.96,0.322,Upsell & deepen,Low
15839,Loyal Customers,33,3,1048.49,0.322,Upsell & deepen,Low
13055,Can't Lose Them,78,3,1214.41,0.322,Urgent win back,Low
12950,Champions,2,3,1843.0,0.322,Reward & advocate,Low
12557,Champions,16,5,11990.96,0.321,Reward & advocate,Low
15801,Loyal Customers,46,3,1063.95,0.321,Upsell & deepen,Low
15550,Champions,4,4,575.63,0.321,Reward & advocate,Low
16833,Champions,1,4,1106.53,0.321,Reward & advocate,Low
15321,Loyal Customers,70,3,2748.31,0.321,Upsell & deepen,Low
12722,Can't Lose Them,85,4,979.63,0.321,Urgent win back,Low
14113,Champions,3,4,1840.42,0.321,Reward & advocate,Low
15782,Champions,9,3,2614.74,0.321,Reward & advocate,Low
18178,Can't Lose Them,128,4,1590.81,0.321,Urgent win back,Low
12393,Can't Lose Them,72,4,1582.6,0.321,Urgent win back,Low
15376,Loyal Customers,40,3,1221.56,0.32,Upsell & deepen,Low
12933,Loyal Customers,24,3,607.53,0.32,Upsell & deepen,Low
16027,Can't Lose Them,91,6,934.62,0.32,Urgent win back,Low
16669,Champions,23,2,1344.48,0.32,Reward & advocate,Low
17460,Can't Lose Them,94,6,622.43,0.32,Urgent win back,Low
17515,Champions,31,4,639.02,0.32,Reward & advocate,Low
14034,Loyal Customers,22,3,648.89,0.32,Upsell & deepen,Low
18287,Loyal Customers,42,3,1837.28,0.319,Upsell & deepen,Low
17787,Can't Lose Them,152,4,1817.54,0.319,Urgent win back,Low
12360,Loyal Customers,52,3,2302.06,0.318,Upsell & deepen,Low
12456,Loyal Customers,44,3,2581.04,0.318,Upsell & deepen,Low
13750,Loyal Customers,53,5,1647.26,0.318,Upsell & deepen,Low
13546,Loyal Customers,12,3,621.09,0.317,Upsell & deepen,Low
17864,Champions,12,3,554.85,0.317,Reward & advocate,Low
16493,Can't Lose Them,79,4,1351.63,0.317,Urgent win back,Low
12628,Loyal Customers,4,3,732.46,0.317,Upsell & deepen,Low
15835,Loyal Customers,44,4,954.09,0.317,Upsell & deepen,Low
13822,New / Promising,5,2,632.0,0.316,Onboard,Low
15656,Loyal Customers,45,4,748.5,0.316,Upsell & deepen,Low
17796,Loyal Customers,40,4,690.0,0.316,Upsell & deepen,Low
16012,Loyal Customers,35,3,1415.29,0.316,Upsell & deepen,Low
16206,Loyal Customers,54,4,537.06,0.316,Upsell & deepen,Low
16960,Loyal Customers,38,3,505.1,0.315,Upsell & deepen,Low
14359,Loyal Customers,19,3,912.18,0.314,Upsell & deepen,Low
15062,Loyal Customers,71,4,987.86,0.314,Upsell & deepen,Low
13162,Can't Lose Them,122,4,1688.29,0.314,Urgent win back,Low
14173,Loyal Customers,10,4,450.84,0.313,Upsell & deepen,Low
12530,Loyal Customers,59,4,1500.28,0.313,Upsell & deepen,Low
17175,Loyal Customers,44,4,1443.69,0.313,Upsell & deepen,Low
18235,Loyal Customers,71,3,1796.48,0.313,Upsell & deepen,Low
17759,Champions,17,3,818.71,0.313,Reward & advocate,Low
13500,Champions,23,3,1166.77,0.312,Reward & advocate,Low
16612,Champions,32,4,1187.66,0.312,Reward & advocate,Low
15574,Can't Lose Them,177,4,675.64,0.312,Urgent win back,Low
15002,Can't Lose Them,115,4,1641.76,0.312,Urgent win back,Low
15716,Can't Lose Them,145,4,1101.11,0.311,Urgent win back,Low
16566,Champions,15,5,614.66,0.311,Reward & advocate,Low
15812,Can't Lose Them,107,5,1801.14,0.311,Urgent win back,Low
14931,Champions,4,4,964.68,0.311,Reward & advocate,Low
13715,Can't Lose Them,281,5,1077.39,0.311,Urgent win back,Low
17874,Can't Lose Them,185,6,683.46,0.31,Urgent win back,Low
16511,Champions,21,3,916.33,0.309,Reward & advocate,Low
16706,Loyal Customers,37,3,531.35,0.309,Upsell & deepen,Low
14198,Champions,18,4,701.4,0.309,Reward & advocate,Low
14293,Champions,3,4,1046.56,0.309,Reward & advocate,Low
15267,Champions,22,5,1717.36,0.309,Reward & advocate,Low
15841,Can't Lose Them,72,4,1224.06,0.309,Urgent win back,Low
14820,Champions,21,4,507.29,0.308,Reward & advocate,Low
12679,Loyal Customers,58,4,951.02,0.308,Upsell & deepen,Low
17370,At Risk,72,4,446.18,0.308,Win back,Low
14224,Can't Lose Them,110,4,1009.73,0.307,Urgent win back,Low
16303,Champions,25,3,5360.63,0.307,Reward & advocate,Low
14629,Champions,4,2,955.26,0.307,Reward & advocate,Low
14871,Champions,3,4,501.28,0.307,Reward & advocate,Low
17779,Champions,21,3,650.32,0.307,Reward & advocate,Low
16898,Champions,26,3,501.03,0.307,Reward & advocate,Low
12488,Champions,9,3,1244.66,0.307,Reward & advocate,Low
16086,Loyal Customers,59,5,1121.39,0.307,Upsell & deepen,Low
16442,Champions,1,3,609.3,0.307,Reward & advocate,Low
16062,Champions,9,4,1153.62,0.306,Reward & advocate,Low
17295,Champions,28,3,547.0,0.306,Reward & advocate,Low
17731,Can't Lose Them,79,4,1240.11,0.306,Urgent win back,Low
12985,Loyal Customers,0,2,1239.38,0.306,Upsell & deepen,Low
14790,Champions,16,4,745.06,0.305,Reward & advocate,Low
12691,Champions,28,5,927.8,0.305,Reward & advocate,Low
12724,Champions,5,4,923.41,0.305,Reward & advocate,Low
12526,Champions,0,3,1172.66,0.305,Reward & advocate,Low
16930,Loyal Customers,26,3,378.89,0.305,Upsell & deepen,Low
15525,Loyal Customers,2,3,731.87,0.305,Upsell & deepen,Low
13410,Champions,24,5,1003.06,0.304,Reward & advocate,Low
14175,Loyal Customers,59,3,3222.3,0.304,Upsell & deepen,Low
12381,Champions,4,3,1474.81,0.304,Reward & advocate,Low
16376,Champions,8,2,974.96,0.304,Reward & advocate,Low
12409,Can't Lose Them,78,3,11072.67,0.304,Urgent win back,Low
17873,Can't Lose Them,80,5,1719.58,0.304,Urgent win back,Low
16020,Champions,16,3,851.01,0.304,Reward & advocate,Low
17289,Champions,31,3,931.02,0.304,Reward & advocate,Low
17075,Champions,17,4,834.12,0.304,Reward & advocate,Low
13344,Loyal Customers,67,3,2511.69,0.304,Upsell & deepen,Low
13397,Can't Lose Them,72,5,1544.13,0.303,Urgent win back,Low
14441,Champions,0,4,1712.89,0.303,Reward & advocate,Low
16389,Loyal Customers,53,4,1382.07,0.303,Upsell & deepen,Low
13515,Can't Lose Them,72,4,891.12,0.303,Urgent win back,Low
14593,Loyal Customers,21,3,617.15,0.303,Upsell & deepen,Low
15299,Loyal Customers,67,6,3907.01,0.302,Upsell & deepen,Low
13373,Loyal Customers,60,3,3312.25,0.302,Upsell & deepen,Low
15028,Champions,8,4,627.13,0.302,Reward & advocate,Low
16668,Champions,15,6,306.72,0.302,Reward & advocate,Low
15157,Champions,3,3,1936.07,0.302,Reward & advocate,Low
17566,Loyal Customers,8,2,869.77,0.302,Upsell & deepen,Low
15618,Champions,32,4,776.85,0.301,Reward & advocate,Low
14904,Champions,2,2,1025.44,0.301,Reward & advocate,Low
12577,Loyal Customers,35,3,622.65,0.301,Upsell & deepen,Low
13772,Loyal Customers,33,3,1122.63,0.301,Upsell & deepen,Low
14499,Loyal Customers,26,3,808.44,0.3,Upsell & deepen,Low
17552,Loyal Customers,60,4,930.41,0.3,Upsell & deepen,Low
14856,Loyal Customers,36,3,1290.53,0.3,Upsell & deepen,Low
16711,Champions,3,5,1651.03,0.299,Reward & advocate,Low
12645,Loyal Customers,33,4,1631.18,0.299,Upsell & deepen,Low
12620,Champions,14,3,1303.41,0.299,Reward & advocate,Low
13950,Champions,11,4,745.06,0.299,Reward & advocate,Low
14047,Champions,8,5,1308.61,0.298,Reward & advocate,Low
13517,Loyal Customers,59,3,2128.42,0.298,Upsell & deepen,Low
17405,Champions,1,3,1031.41,0.298,Reward & advocate,Low
13323,Champions,3,5,787.85,0.298,Reward & advocate,Low
15596,Can't Lose Them,100,5,1406.59,0.298,Urgent win back,Low
17768,Champions,8,3,2081.9,0.298,Reward & advocate,Low
14715,Champions,24,4,867.38,0.297,Reward & advocate,Low
17324,Champions,17,4,986.48,0.297,Reward & advocate,Low
13524,Loyal Customers,40,5,680.18,0.296,Upsell & deepen,Low
13447,Champions,23,3,1129.14,0.296,Reward & advocate,Low
15399,Loyal Customers,1,3,815.77,0.296,Upsell & deepen,Low
17096,Champions,15,4,1022.13,0.296,Reward & advocate,Low
17290,Loyal Customers,3,2,513.01,0.296,Upsell & deepen,Low
15641,Can't Lose Them,105,4,1887.2,0.295,Urgent win back,Low
14824,Champions,10,4,1127.71,0.295,Reward & advocate,Low
17774,Can't Lose Them,96,4,1213.73,0.295,Urgent win back,Low
15644,Can't Lose Them,166,4,803.54,0.295,Urgent win back,Low
17254,New / Promising,4,2,271.19,0.295,Onboard,Low
17373,Loyal Customers,40,4,646.92,0.295,Upsell & deepen,Low
12997,Champions,22,4,1226.89,0.294,Reward & advocate,Low
16906,Can't Lose Them,81,4,559.59,0.294,Urgent win back,Low
12674,Loyal Customers,38,4,1844.6,0.294,Upsell & deepen,Low
14565,Can't Lose Them,95,4,3099.12,0.293,Urgent win back,Low
13764,Loyal Customers,70,3,1516.42,0.293,Upsell & deepen,Low
16369,Champions,18,3,1543.33,0.293,Reward & advocate,Low
13892,Champions,26,4,632.97,0.293,Reward & advocate,Low
15048,Loyal Customers,65,4,381.0,0.293,Upsell & deepen,Low
16996,Champions,30,6,1456.96,0.293,Reward & advocate,Low
16350,Champions,21,4,1116.47,0.293,Reward & advocate,Low
15116,Champions,17,4,1352.75,0.293,Reward & advocate,Low
15810,Can't Lose Them,78,4,1391.98,0.293,Urgent win back,Low
15855,Can't Lose Them,136,5,712.24,0.292,Urgent win back,Low
17527,Loyal Customers,53,4,939.37,0.292,Upsell & deepen,Low
13064,Champions,12,4,1105.59,0.292,Reward & advocate,Low
16306,Can't Lose Them,213,6,632.27,0.292,Urgent win back,Low
14745,Can't Lose Them,112,5,1220.26,0.292,Urgent win back,Low
18239,Can't Lose Them,218,5,1561.61,0.291,Urgent win back,Low
17828,Champions,22,4,1165.09,0.291,Reward & advocate,Low
17797,Champions,22,3,780.43,0.291,Reward & advocate,Low
17722,Can't Lose Them,96,4,2424.04,0.291,Urgent win back,Low
18135,Champions,29,5,681.91,0.291,Reward & advocate,Low
12463,Loyal Customers,53,4,1200.78,0.291,Upsell & deepen,Low
13124,Can't Lose Them,89,3,3756.33,0.291,Urgent win back,Low
18204,Loyal Customers,71,3,1975.35,0.291,Upsell & deepen,Low
17360,Champions,17,3,568.24,0.29,Reward & advocate,Low
16126,Champions,29,4,6287.77,0.29,Reward & advocate,Low
14016,Can't Lose Them,161,4,4341.21,0.29,Urgent win back,Low
13247,Champions,17,4,501.12,0.29,Reward & advocate,Low
16416,Champions,26,3,1051.4,0.29,Reward & advocate,Low
13379,Loyal Customers,26,3,572.56,0.289,Upsell & deepen,Low
17101,Champions,10,4,1621.73,0.289,Reward & advocate,Low
12473,Loyal Customers,53,3,2585.73,0.289,Upsell & deepen,Low
14897,Champions,7,4,1366.38,0.289,Reward & advocate,Low
15533,Loyal Customers,19,3,807.57,0.288,Upsell & deepen,Low
16444,Loyal Customers,46,4,654.67,0.288,Upsell & deepen,Low
15394,Champions,9,4,2183.54,0.288,Reward & advocate,Low
15380,Champions,8,5,1690.26,0.288,Reward & advocate,Low
16676,Loyal Customers,33,4,1592.12,0.287,Upsell & deepen,Low
12633,Loyal Customers,58,4,1929.98,0.287,Upsell & deepen,Low
15809,Loyal Customers,36,5,515.77,0.286,Upsell & deepen,Low
16500,Champions,4,6,400.86,0.286,Reward & advocate,Low
17159,Champions,21,3,1538.88,0.286,Reward & advocate,Low
14577,Champions,12,4,859.71,0.285,Reward & advocate,Low
13577,Champions,25,4,1687.6,0.285,Reward & advocate,Low
15901,Loyal Customers,16,3,349.75,0.284,Upsell & deepen,Low
16924,Champions,21,3,829.89,0.284,Reward & advocate,Low
14141,Champions,2,4,915.13,0.284,Reward & advocate,Low
13982,Loyal Customers,39,4,1871.81,0.284,Upsell & deepen,Low
17014,Champions,8,3,583.43,0.284,Reward & advocate,Low
17648,Loyal Customers,60,4,1797.5,0.283,Upsell & deepen,Low
15907,Champions,3,3,881.87,0.283,Reward & advocate,Low
13835,Champions,25,4,834.57,0.283,Reward & advocate,Low
16279,Champions,21,3,1502.78,0.283,Reward & advocate,Low
16172,Can't Lose Them,95,5,1140.21,0.283,Urgent win back,Low
15706,Loyal Customers,63,4,1060.56,0.283,Upsell & deepen,Low
13538,Loyal Customers,43,7,1280.85,0.283,Upsell & deepen,Low
13334,Can't Lose Them,82,3,3502.32,0.283,Urgent win back,Low
12429,Champions,9,4,3388.4,0.283,Reward & advocate,Low
13314,Loyal Customers,1,3,775.94,0.282,Upsell & deepen,Low
14916,Loyal Customers,70,4,1268.98,0.282,Upsell & deepen,Low
15933,Champions,21,3,1107.46,0.282,Reward & advocate,Low
12980,Can't Lose Them,157,9,7374.9,0.281,Urgent win back,Low
14504,Loyal Customers,47,4,673.26,0.281,Upsell & deepen,Low
14655,Champions,8,4,1932.23,0.281,Reward & advocate,Low
16188,Loyal Customers,44,4,981.86,0.281,Upsell & deepen,Low
16682,Champions,4,5,1028.0,0.28,Reward & advocate,Low
12680,Champions,0,4,790.81,0.28,Reward & advocate,Low
15081,Champions,22,5,504.8,0.28,Reward & advocate,Low
15208,Champions,1,5,870.12,0.28,Reward & advocate,Low
13155,Loyal Customers,33,4,971.76,0.28,Upsell & deepen,Low
13940,Champions,17,4,839.14,0.279,Reward & advocate,Low
15983,Champions,22,4,1465.12,0.279,Reward & advocate,Low
13107,Loyal Customers,44,4,1531.62,0.278,Upsell & deepen,Low
13174,Champions,16,3,2738.82,0.278,Reward & advocate,Low
15444,Champions,9,2,1411.21,0.278,Reward & advocate,Low
12654,Champions,10,5,529.98,0.278,Reward & advocate,Low
13681,Champions,17,4,827.83,0.278,Reward & advocate,Low
12464,Champions,10,8,957.05,0.278,Reward & advocate,Low
14443,Loyal Customers,53,4,1420.2,0.278,Upsell & deepen,Low
18231,Can't Lose Them,192,5,2071.77,0.277,Urgent win back,Low
14434,Champions,21,6,1372.8,0.277,Reward & advocate,Low
12383,Can't Lose Them,184,5,1628.56,0.277,Urgent win back,Low
17702,Champions,30,4,1824.37,0.277,Reward & advocate,Low
13157,Loyal Customers,49,4,1741.22,0.277,Upsell & deepen,Low
13824,Champions,32,5,1698.94,0.277,Reward & advocate,Low
13596,New / Promising,5,2,664.11,0.277,Onboard,Low
16000,Champions,2,3,12393.7,0.276,Reward & advocate,Low
17974,Champions,24,3,703.99,0.276,Reward & advocate,Low
15743,Champions,16,4,775.96,0.276,Reward & advocate,Low
16759,Champions,7,3,789.79,0.275,Reward & advocate,Low
18130,Champions,15,3,1059.39,0.275,Reward & advocate,Low
15050,Champions,25,3,1737.69,0.275,Reward & advocate,Low
15145,Champions,4,4,1194.73,0.275,Reward & advocate,Low
13048,Champions,14,4,1819.41,0.275,Reward & advocate,Low
13941,Champions,21,5,5112.96,0.275,Reward & advocate,Low
15877,Loyal Customers,1,2,490.33,0.274,Upsell & deepen,Low
16419,Can't Lose Them,112,6,958.71,0.274,Urgent win back,Low
13320,Can't Lose Them,78,4,1532.2,0.274,Urgent win back,Low
16725,Can't Lose Them,302,6,756.82,0.274,Urgent win back,Low
14529,Loyal Customers,60,3,578.61,0.274,Upsell & deepen,Low
17345,Champions,15,4,519.69,0.273,Reward & advocate,Low
18171,Loyal Customers,58,5,1231.31,0.273,Upsell & deepen,Low
13593,Can't Lose Them,108,5,2011.88,0.273,Urgent win back,Low
16209,Can't Lose Them,88,5,2262.62,0.272,Urgent win back,Low
15621,Champions,4,4,1293.03,0.271,Reward & advocate,Low
15508,Can't Lose Them,189,6,1000.27,0.271,Urgent win back,Low
14387,Champions,32,3,1727.6,0.271,Reward & advocate,Low
14913,Loyal Customers,35,4,1227.43,0.27,Upsell & deepen,Low
17180,Loyal Customers,56,4,783.97,0.27,Upsell & deepen,Low
16271,Champions,15,4,1389.64,0.27,Reward & advocate,Low
13149,Champions,14,4,1676.06,0.27,Reward & advocate,Low
14971,Loyal Customers,35,3,1097.98,0.27,Upsell & deepen,Low
14297,Champions,17,4,1305.33,0.27,Reward & advocate,Low
15128,Loyal Customers,60,4,1471.0,0.269,Upsell & deepen,Low
12820,Champions,3,4,942.34,0.269,Reward & advocate,Low
14407,Can't Lose Them,107,5,2142.73,0.269,Urgent win back,Low
15952,Loyal Customers,33,4,781.91,0.269,Upsell & deepen,Low
15201,Can't Lose Them,87,5,1236.54,0.269,Urgent win back,Low
17147,Champions,22,4,1714.59,0.269,Reward & advocate,Low
15674,Can't Lose Them,73,4,2111.89,0.268,Urgent win back,Low
13134,Can't Lose Them,85,4,1793.58,0.267,Urgent win back,Low
14657,Champions,17,4,848.22,0.267,Reward & advocate,Low
14078,Can't Lose Them,101,6,1049.37,0.267,Urgent win back,Low
13203,Champions,9,4,869.46,0.267,Reward & advocate,Low
15506,Champions,22,3,972.08,0.267,Reward & advocate,Low
14467,Champions,17,4,596.26,0.267,Reward & advocate,Low
15531,Champions,8,2,1972.39,0.267,Reward & advocate,Low
16940,Loyal Customers,52,3,3049.88,0.267,Upsell & deepen,Low
14859,Champions,12,4,1353.74,0.266,Reward & advocate,Low
14077,Loyal Customers,40,5,499.42,0.266,Upsell & deepen,Low
13168,Loyal Customers,36,4,1299.59,0.266,Upsell & deepen,Low
15745,Champions,19,4,1094.59,0.266,Reward & advocate,Low
15815,Loyal Customers,63,5,2100.6,0.266,Upsell & deepen,Low
15031,Champions,4,4,653.19,0.266,Reward & advocate,Low
13077,Champions,1,4,728.02,0.266,Reward & advocate,Low
16094,Champions,11,4,1078.23,0.266,Reward & advocate,Low
15051,Champions,23,3,1383.36,0.266,Reward & advocate,Low
16110,Loyal Customers,45,3,1320.95,0.266,Upsell & deepen,Low
17738,Champions,19,4,1879.05,0.266,Reward & advocate,Low
13495,Champions,7,5,2044.87,0.265,Reward & advocate,Low
15673,Can't Lose Them,88,4,2726.23,0.264,Urgent win back,Low
16456,Can't Lose Them,99,5,2158.18,0.264,Urgent win back,Low
17299,Champions,11,4,656.61,0.264,Reward & advocate,Low
15950,Champions,31,4,1744.71,0.264,Reward & advocate,Low
18242,Can't Lose Them,72,4,2232.49,0.264,Urgent win back,Low
14844,Loyal Customers,63,4,3189.81,0.264,Upsell & deepen,Low
17461,Champions,22,3,735.82,0.263,Reward & advocate,Low
13813,Loyal Customers,39,4,1168.86,0.263,Upsell & deepen,Low
14336,Champions,16,4,1614.91,0.263,Reward & advocate,Low
12883,Champions,24,4,703.47,0.263,Reward & advocate,Low
14837,Can't Lose Them,89,4,1649.5,0.263,Urgent win back,Low
17921,Loyal Customers,64,4,820.23,0.262,Upsell & deepen,Low
14129,Champions,1,5,1123.86,0.262,Reward & advocate,Low
15156,Champions,1,3,961.49,0.262,Reward & advocate,Low
14440,Champions,8,5,2357.68,0.262,Reward & advocate,Low
12502,Can't Lose Them,95,5,2995.87,0.262,Urgent win back,Low
12668,Champions,11,4,3177.15,0.262,Reward & advocate,Low
13647,Champions,9,4,1648.12,0.262,Reward & advocate,Low
17884,Champions,3,4,695.07,0.261,Reward & advocate,Low
16224,Loyal Customers,57,4,1295.3,0.261,Upsell & deepen,Low
16900,Champions,16,3,882.16,0.261,Reward & advocate,Low
17653,Loyal Customers,36,4,1207.56,0.261,Upsell & deepen,Low
13104,Champions,3,6,1098.48,0.261,Reward & advocate,Low
13200,Champions,19,4,870.09,0.261,Reward & advocate,Low
13838,Champions,5,4,674.82,0.261,Reward & advocate,Low
16470,Loyal Customers,51,4,752.77,0.261,Upsell & deepen,Low
12775,Champions,17,5,1281.04,0.261,Reward & advocate,Low
15530,Champions,21,4,1497.31,0.26,Reward & advocate,Low
15819,Loyal Customers,49,4,1905.45,0.26,Upsell & deepen,Low
13908,Can't Lose Them,79,4,2369.55,0.26,Urgent win back,Low
17835,Loyal Customers,2,3,342.24,0.259,Upsell & deepen,Low
14101,Can't Lose Them,73,6,5976.79,0.259,Urgent win back,Low
17585,Can't Lose Them,109,4,1116.68,0.259,Urgent win back,Low
13167,Champions,18,4,779.33,0.259,Reward & advocate,Low
17777,Champions,24,3,647.56,0.258,Reward & advocate,Low
14592,Loyal Customers,35,3,557.94,0.258,Upsell & deepen,Low
16637,Champions,32,4,1154.47,0.258,Reward & advocate,Low
17979,Loyal Customers,35,4,729.01,0.258,Upsell & deepen,Low
15681,Champions,25,5,1426.16,0.257,Reward & advocate,Low
14910,Loyal Customers,2,4,434.35,0.257,Upsell & deepen,Low
17633,Champions,31,4,1324.84,0.256,Reward & advocate,Low
14277,Champions,15,3,4152.0,0.256,Reward & advocate,Low
15676,Champions,18,3,3435.76,0.256,Reward & advocate,Low
16464,Champions,19,3,1298.66,0.256,Reward & advocate,Low
17272,Loyal Customers,42,4,2148.63,0.255,Upsell & deepen,Low
14418,Champions,3,3,1937.25,0.255,Reward & advocate,Low
14535,Loyal Customers,60,3,2854.84,0.255,Upsell & deepen,Low
12913,Champions,4,5,2483.63,0.254,Reward & advocate,Low
15304,Loyal Customers,60,8,694.4,0.254,Upsell & deepen,Low
13869,Can't Lose Them,123,4,3083.65,0.254,Urgent win back,Low
14250,Champions,7,3,1904.05,0.253,Reward & advocate,Low
15965,Champions,17,4,808.87,0.252,Reward & advocate,Low
15367,Loyal Customers,57,4,1877.59,0.252,Upsell & deepen,Low
15228,Loyal Customers,66,4,3386.71,0.252,Upsell & deepen,Low
12480,Champions,28,4,2885.63,0.252,Reward & advocate,Low
16261,Champions,17,4,728.54,0.252,Reward & advocate,Low
15392,Champions,4,4,1535.53,0.251,Reward & advocate,Low
15862,Champions,8,4,832.88,0.251,Reward & advocate,Low
12613,Loyal Customers,57,4,3092.38,0.251,Upsell & deepen,Low
17085,Can't Lose Them,123,5,1562.4,0.251,Urgent win back,Low
15712,Champions,9,5,1072.36,0.251,Reward & advocate,Low
16533,Champions,19,3,1082.81,0.251,Reward & advocate,Low
14842,Loyal Customers,43,4,2824.69,0.251,Upsell & deepen,Low
12937,Champions,15,4,1504.27,0.25,Reward & advocate,Low
15436,Champions,12,3,1067.75,0.25,Reward & advocate,Low
17006,Champions,4,4,781.78,0.25,Reward & advocate,Low
16709,Can't Lose Them,84,5,3029.87,0.25,Urgent win back,Low
17700,Champions,16,4,2534.64,0.249,Reward & advocate,Low
16370,Can't Lose Them,82,4,1301.91,0.249,Urgent win back,Low
13212,Loyal Customers,19,3,786.83,0.249,Upsell & deepen,Low
13884,Champions,7,5,787.6,0.249,Reward & advocate,Low
15113,Champions,9,3,3509.04,0.249,Reward & advocate,Low
16989,Champions,7,6,1133.25,0.248,Reward & advocate,Low
14035,Champions,28,5,1428.02,0.248,Reward & advocate,Low
15898,Champions,1,5,1383.83,0.248,Reward & advocate,Low
15407,Loyal Customers,33,4,1046.74,0.248,Upsell & deepen,Low
16009,Champions,22,4,972.11,0.248,Reward & advocate,Low
15756,Loyal Customers,61,4,528.01,0.248,Upsell & deepen,Low
13316,Loyal Customers,37,4,5732.93,0.248,Upsell & deepen,Low
16748,Champions,17,5,1515.9,0.248,Reward & advocate,Low
16184,Loyal Customers,64,6,1158.79,0.247,Upsell & deepen,Low
15227,Loyal Customers,36,5,1219.4,0.247,Upsell & deepen,Low
13953,Champions,7,7,3515.68,0.247,Reward & advocate,Low
12657,Champions,11,4,1427.18,0.247,Reward & advocate,Low
12370,Loyal Customers,51,4,3421.94,0.247,Upsell & deepen,Low
17088,Champions,28,4,1991.01,0.247,Reward & advocate,Low
12836,Loyal Customers,59,4,2610.36,0.246,Upsell & deepen,Low
13026,Champions,1,5,975.36,0.246,Reward & advocate,Low
16341,Champions,24,4,1971.87,0.246,Reward & advocate,Low
12970,Loyal Customers,7,4,405.47,0.246,Upsell & deepen,Low
15411,Champions,26,4,1348.93,0.246,Reward & advocate,Low
17502,Champions,9,4,689.1,0.246,Reward & advocate,Low
17015,Champions,28,3,1838.61,0.246,Reward & advocate,Low
17930,Loyal Customers,35,5,1740.48,0.246,Upsell & deepen,Low
13636,Loyal Customers,36,5,949.12,0.246,Upsell & deepen,Low
14044,Champions,26,4,646.42,0.245,Reward & advocate,Low
16681,Can't Lose Them,72,6,1770.34,0.245,Urgent win back,Low
14662,Champions,28,4,741.37,0.245,Reward & advocate,Low
18211,Champions,25,5,600.07,0.245,Reward & advocate,Low
12868,Can't Lose Them,185,6,1607.06,0.244,Urgent win back,Low
14289,Champions,8,6,911.26,0.244,Reward & advocate,Low
17092,Loyal Customers,50,4,1774.03,0.244,Upsell & deepen,Low
12449,Champions,22,4,3596.29,0.244,Reward & advocate,Low
12830,Loyal Customers,37,6,6814.64,0.243,Upsell & deepen,Low
16460,Champions,28,3,811.23,0.243,Reward & advocate,Low
12407,Loyal Customers,49,5,1507.12,0.243,Upsell & deepen,Low
12539,Champions,22,4,5568.35,0.243,Reward & advocate,Low
17812,Champions,12,4,699.81,0.243,Reward & advocate,Low
13313,Champions,22,5,1555.32,0.243,Reward & advocate,Low
12853,Can't Lose Them,134,6,1957.1,0.242,Urgent win back,Low
15722,Loyal Customers,35,5,2211.21,0.242,Upsell & deepen,Low
16205,Champions,30,4,751.03,0.242,Reward & advocate,Low
15864,Champions,22,6,1936.32,0.241,Reward & advocate,Low
17043,Champions,32,4,1735.18,0.241,Reward & advocate,Low
12380,Champions,21,4,2427.81,0.241,Reward & advocate,Low
15608,Champions,28,4,1093.68,0.241,Reward & advocate,Low
13623,Champions,30,5,727.74,0.241,Reward & advocate,Low
15237,Champions,1,4,1412.32,0.241,Reward & advocate,Low
15065,Loyal Customers,37,4,3158.13,0.241,Upsell & deepen,Low
17019,Champions,11,4,1258.08,0.24,Reward & advocate,Low
15605,Loyal Customers,36,5,1198.23,0.24,Upsell & deepen,Low
14210,Can't Lose Them,105,6,1905.84,0.24,Urgent win back,Low
15571,Champions,11,4,650.43,0.24,Reward & advocate,Low
18161,Champions,15,5,1618.69,0.239,Reward & advocate,Low
16907,Champions,29,5,928.76,0.239,Reward & advocate,Low
15288,Loyal Customers,43,5,2306.52,0.238,Upsell & deepen,Low
13743,Champions,2,7,1341.6,0.238,Reward & advocate,Low
15787,Champions,26,3,933.26,0.238,Reward & advocate,Low
14286,Champions,23,3,4628.75,0.238,Reward & advocate,Low
12782,Champions,4,5,1938.92,0.238,Reward & advocate,Low
13499,Champions,17,5,1159.11,0.238,Reward & advocate,Low
12610,Champions,22,4,1747.54,0.237,Reward & advocate,Low
15785,Champions,32,5,2328.97,0.237,Reward & advocate,Low
15532,Champions,25,4,1554.83,0.237,Reward & advocate,Low
13752,Can't Lose Them,124,6,1175.38,0.237,Urgent win back,Low
18125,Champions,29,4,1131.75,0.237,Reward & advocate,Low
15434,Champions,8,5,1041.48,0.237,Reward & advocate,Low
16513,Champions,4,4,874.59,0.236,Reward & advocate,Low
13771,Loyal Customers,64,4,2634.45,0.236,Upsell & deepen,Low
12432,Loyal Customers,42,4,4359.32,0.236,Upsell & deepen,Low
12576,Loyal Customers,35,5,1315.83,0.236,Upsell & deepen,Low
13510,Champions,1,4,1791.56,0.236,Reward & advocate,Low
14673,Champions,3,5,1736.4,0.236,Reward & advocate,Low
16463,Champions,21,4,1422.4,0.235,Reward & advocate,Low
14235,Can't Lose Them,75,5,3144.86,0.235,Urgent win back,Low
15584,Champions,23,4,720.86,0.234,Reward & advocate,Low
15132,Champions,18,5,977.93,0.234,Reward & advocate,Low
17523,Champions,11,4,652.74,0.234,Reward & advocate,Low
17054,Champions,28,5,1356.33,0.234,Reward & advocate,Low
16249,Loyal Customers,52,5,1800.07,0.234,Upsell & deepen,Low
13728,Loyal Customers,36,6,1016.14,0.234,Upsell & deepen,Low
12359,Loyal Customers,57,4,6310.03,0.233,Upsell & deepen,Low
14626,Champions,23,4,2791.27,0.233,Reward & advocate,Low
15416,Loyal Customers,64,4,3984.32,0.233,Upsell & deepen,Low
16153,Loyal Customers,49,5,1824.23,0.232,Upsell & deepen,Low
17522,Champions,1,5,1066.15,0.232,Reward & advocate,Low
14665,Loyal Customers,60,5,1835.7,0.231,Upsell & deepen,Low
12615,Champions,2,4,2093.19,0.231,Reward & advocate,Low
16469,Champions,23,4,625.42,0.231,Reward & advocate,Low
18168,Can't Lose Them,176,6,1160.04,0.231,Urgent win back,Low
17470,Loyal Customers,44,5,1125.07,0.231,Upsell & deepen,Low
13815,Champions,22,4,3667.36,0.23,Reward & advocate,Low
13362,Champions,9,4,3090.74,0.23,Reward & advocate,Low
17337,Can't Lose Them,151,4,1979.61,0.23,Urgent win back,Low
14409,Loyal Customers,71,6,2059.45,0.23,Upsell & deepen,Low
18260,Can't Lose Them,172,6,2628.35,0.23,Urgent win back,Low
13895,Champions,28,4,2593.07,0.23,Reward & advocate,Low
15427,Loyal Customers,33,3,1430.54,0.23,Upsell & deepen,Low
14064,Champions,29,5,1334.34,0.23,Reward & advocate,Low
16358,Champions,1,4,2027.5,0.229,Reward & advocate,Low
12744,Loyal Customers,56,4,9120.39,0.229,Upsell & deepen,Low
13196,Champions,11,4,1797.78,0.229,Reward & advocate,Low
13285,Champions,23,4,2709.12,0.229,Reward & advocate,Low
15136,Champions,2,4,1286.7,0.229,Reward & advocate,Low
13118,Champions,19,5,1197.81,0.228,Reward & advocate,Low
17667,Loyal Customers,66,5,2055.51,0.228,Upsell & deepen,Low
13505,Can't Lose Them,72,4,3633.63,0.228,Urgent win back,Low
12676,Champions,24,6,1091.39,0.228,Reward & advocate,Low
12928,Loyal Customers,35,5,2062.7,0.228,Upsell & deepen,Low
17728,Champions,3,3,2876.01,0.228,Reward & advocate,Low
13614,Champions,24,4,1585.46,0.228,Reward & advocate,Low
18237,Champions,2,5,987.1,0.227,Reward & advocate,Low
17589,Loyal Customers,60,4,2402.92,0.227,Upsell & deepen,Low
17126,Can't Lose Them,152,5,989.45,0.227,Urgent win back,Low
17400,Can't Lose Them,126,5,2097.84,0.227,Urgent win back,Low
16869,Champions,22,4,817.12,0.227,Reward & advocate,Low
15786,Loyal Customers,46,3,4919.0,0.227,Upsell & deepen,Low
17966,Loyal Customers,37,5,1098.43,0.227,Upsell & deepen,Low
16618,Champions,31,5,2647.59,0.227,Reward & advocate,Low
12408,Champions,32,5,2618.55,0.226,Reward & advocate,Low
16966,Champions,8,7,2154.97,0.226,Reward & advocate,Low
16515,Loyal Customers,52,5,1624.14,0.226,Upsell & deepen,Low
16750,Loyal Customers,44,5,623.93,0.226,Upsell & deepen,Low
12947,Can't Lose Them,143,6,1603.99,0.226,Urgent win back,Low
12455,Can't Lose Them,73,5,2339.86,0.226,Urgent win back,Low
13875,Loyal Customers,53,5,1786.79,0.226,Upsell & deepen,Low
12936,Champions,17,4,1063.9,0.226,Reward & advocate,Low
17386,Champions,7,6,2686.42,0.225,Reward & advocate,Low
15240,Loyal Customers,44,5,1706.57,0.225,Upsell & deepen,Low
16735,Can't Lose Them,78,5,2247.41,0.225,Urgent win back,Low
13575,Champions,23,5,732.07,0.225,Reward & advocate,Low
16875,Loyal Customers,67,5,2095.53,0.225,Upsell & deepen,Low
16550,Can't Lose Them,108,5,2298.97,0.225,Urgent win back,Low
16049,Loyal Customers,40,3,1074.81,0.225,Upsell & deepen,Low
17302,Champions,14,5,1135.63,0.225,Reward & advocate,Low
12670,Champions,10,5,2744.05,0.224,Reward & advocate,Low
15679,Champions,24,4,781.28,0.224,Reward & advocate,Low
13995,Champions,15,5,1393.69,0.224,Reward & advocate,Low
13555,Can't Lose Them,73,4,4098.88,0.224,Urgent win back,Low
14447,Champions,18,5,1163.23,0.224,Reward & advocate,Low
16005,Champions,12,4,578.71,0.224,Reward & advocate,Low
14257,Loyal Customers,64,5,3099.72,0.224,Upsell & deepen,Low
14748,Champions,29,5,1415.75,0.223,Reward & advocate,Low
14691,Champions,30,5,2114.33,0.223,Reward & advocate,Low
17042,Champions,2,5,1036.58,0.223,Reward & advocate,Low
13520,Loyal Customers,58,6,2984.35,0.223,Upsell & deepen,Low
13115,Champions,11,4,2294.78,0.223,Reward & advocate,Low
12364,Champions,7,4,1208.1,0.223,Reward & advocate,Low
14125,Champions,10,3,2720.63,0.223,Reward & advocate,Low
14214,Champions,30,5,1004.38,0.223,Reward & advocate,Low
13680,Champions,1,4,3719.12,0.222,Reward & advocate,Low
16103,Champions,7,6,1429.64,0.222,Reward & advocate,Low
13509,Champions,8,6,964.72,0.222,Reward & advocate,Low
13138,Champions,22,6,962.39,0.222,Reward & advocate,Low
17883,Champions,3,4,664.34,0.222,Reward & advocate,Low
14976,Loyal Customers,57,6,774.86,0.222,Upsell & deepen,Low
15834,Loyal Customers,70,4,2222.65,0.221,Upsell & deepen,Low
16770,Loyal Customers,57,5,757.1,0.221,Upsell & deepen,Low
14741,Champions,11,6,1400.34,0.221,Reward & advocate,Low
18096,Champions,11,3,849.06,0.221,Reward & advocate,Low
16728,Loyal Customers,46,4,1048.28,0.22,Upsell & deepen,Low
13631,Can't Lose Them,99,11,3070.42,0.22,Urgent win back,Low
17227,Champions,18,6,939.32,0.22,Reward & advocate,Low
15009,Champions,12,3,1259.43,0.22,Reward & advocate,Low
16915,Champions,9,6,621.68,0.22,Reward & advocate,Low
16628,Champions,29,5,2188.05,0.22,Reward & advocate,Low
14621,Champions,1,5,1788.36,0.219,Reward & advocate,Low
17007,Loyal Customers,50,6,889.93,0.219,Upsell & deepen,Low
18079,Loyal Customers,45,4,3613.15,0.219,Upsell & deepen,Low
13297,Champions,7,4,2089.85,0.219,Reward & advocate,Low
17469,Champions,16,5,1870.97,0.218,Reward & advocate,Low
16225,Loyal Customers,44,5,1096.32,0.218,Upsell & deepen,Low
18221,Champions,22,5,1041.61,0.218,Reward & advocate,Low
16201,Champions,3,4,1863.47,0.217,Reward & advocate,Low
13735,Champions,24,4,2883.54,0.217,Reward & advocate,Low
15500,Champions,8,4,1131.56,0.217,Reward & advocate,Low
12951,Champions,8,6,1064.07,0.217,Reward & advocate,Low
17682,Champions,10,6,2474.33,0.217,Reward & advocate,Low
17230,Can't Lose Them,264,8,3638.41,0.217,Urgent win back,Low
13507,Champions,3,4,2479.16,0.217,Reward & advocate,Low
16003,Champions,29,5,2735.37,0.217,Reward & advocate,Low
14978,Can't Lose Them,72,5,1921.37,0.217,Urgent win back,Low
12484,Loyal Customers,35,4,3939.32,0.217,Upsell & deepen,Low
17481,Champions,3,4,1255.59,0.216,Reward & advocate,Low
14209,Champions,10,6,2073.43,0.216,Reward & advocate,Low
14188,Champions,30,6,2054.36,0.216,Reward & advocate,Low
17656,Can't Lose Them,73,5,1674.69,0.216,Urgent win back,Low
14232,Loyal Customers,42,5,2048.07,0.216,Upsell & deepen,Low
13265,Loyal Customers,53,5,2092.66,0.216,Upsell & deepen,Low
16098,Can't Lose Them,87,7,2005.63,0.216,Urgent win back,Low
17571,Loyal Customers,50,4,1424.42,0.216,Upsell & deepen,Low
17937,Champions,8,7,4301.22,0.215,Reward & advocate,Low
13719,Champions,15,5,1041.68,0.215,Reward & advocate,Low
14744,Champions,16,7,1099.98,0.215,Reward & advocate,Low
13213,Loyal Customers,56,5,1520.58,0.215,Upsell & deepen,Low
14449,Champions,18,4,885.8,0.215,Reward & advocate,Low
12952,Champions,5,4,1387.79,0.215,Reward & advocate,Low
16688,Champions,1,4,1260.86,0.214,Reward & advocate,Low
14649,Champions,4,4,1402.59,0.214,Reward & advocate,Low
17516,Champions,15,5,764.88,0.214,Reward & advocate,Low
16362,Champions,32,5,709.99,0.214,Reward & advocate,Low
16938,Champions,8,4,2711.68,0.214,Reward & advocate,Low
16394,Loyal Customers,56,5,1555.34,0.213,Upsell & deepen,Low
16042,Champions,22,5,1177.47,0.213,Reward & advocate,Low
12520,Can't Lose Them,79,5,2346.26,0.213,Urgent win back,Low
17410,Champions,16,5,1214.72,0.213,Reward & advocate,Low
16150,Loyal Customers,42,5,2053.02,0.213,Upsell & deepen,Low
13627,Loyal Customers,59,5,1638.47,0.213,Upsell & deepen,Low
13481,Loyal Customers,45,5,1804.56,0.213,Upsell & deepen,Low
16015,Champions,3,3,704.26,0.213,Reward & advocate,Low
14676,Champions,31,6,2548.24,0.213,Reward & advocate,Low
14216,Champions,3,4,1839.3,0.213,Reward & advocate,Low
14005,Champions,9,5,2874.72,0.212,Reward & advocate,Low
13141,Can't Lose Them,84,5,2388.75,0.212,Urgent win back,Low
12783,Champions,2,4,1295.87,0.212,Reward & advocate,Low
12912,Champions,2,5,1662.3,0.212,Reward & advocate,Low
12778,Champions,19,6,693.23,0.212,Reward & advocate,Low
13429,Champions,10,4,1006.8,0.211,Reward & advocate,Low
16657,Champions,9,4,874.43,0.211,Reward & advocate,Low
16809,Champions,23,5,914.69,0.21,Reward & advocate,Low
13159,Champions,8,4,1429.35,0.21,Reward & advocate,Low
14360,Champions,31,4,2118.03,0.21,Reward & advocate,Low
13208,Loyal Customers,59,5,1193.17,0.21,Upsell & deepen,Low
14226,Champions,28,5,2214.79,0.21,Reward & advocate,Low
16992,Champions,10,5,1614.31,0.21,Reward & advocate,Low
18016,Champions,32,5,1477.66,0.209,Reward & advocate,Low
15473,Champions,14,7,1771.2,0.209,Reward & advocate,Low
12597,Champions,19,4,3195.22,0.209,Reward & advocate,Low
16726,Champions,26,5,1358.74,0.209,Reward & advocate,Low
17819,Loyal Customers,71,7,3704.87,0.209,Upsell & deepen,Low
12909,Loyal Customers,39,5,2178.67,0.209,Upsell & deepen,Low
18236,Champions,29,6,882.24,0.209,Reward & advocate,Low
12528,Champions,9,6,1645.48,0.208,Reward & advocate,Low
17396,Loyal Customers,39,7,7312.8,0.208,Upsell & deepen,Low
18177,Champions,31,6,1340.87,0.208,Reward & advocate,Low
17988,Loyal Customers,11,7,201.12,0.208,Upsell & deepen,Low
17590,Champions,2,3,1466.77,0.208,Reward & advocate,Low
18145,Champions,12,4,2861.55,0.208,Reward & advocate,Low
15814,Champions,16,4,1945.33,0.207,Reward & advocate,Low
15260,Can't Lose Them,100,7,1810.77,0.207,Urgent win back,Low
17519,Champions,17,6,1844.02,0.206,Reward & advocate,Low
13883,Champions,10,5,2674.48,0.205,Reward & advocate,Low
15093,Champions,18,6,4597.02,0.205,Reward & advocate,Low
17676,Champions,4,6,1371.18,0.204,Reward & advocate,Low
17838,Champions,26,5,2720.8,0.204,Reward & advocate,Low
14591,Champions,15,4,1320.21,0.204,Reward & advocate,Low
12656,Champions,17,5,3619.17,0.204,Reward & advocate,Low
12599,Champions,29,7,888.58,0.204,Reward & advocate,Low
13450,Champions,26,6,2043.72,0.204,Reward & advocate,Low
16295,Champions,9,4,1328.55,0.203,Reward & advocate,Low
14404,Loyal Customers,33,6,1449.32,0.203,Upsell & deepen,Low
16128,Champions,17,5,1880.22,0.203,Reward & advocate,Low
16143,Champions,3,6,2424.94,0.203,Reward & advocate,Low
17940,Loyal Customers,49,9,2152.18,0.202,Upsell & deepen,Low
15491,Can't Lose Them,95,6,3100.09,0.202,Urgent win back,Low
16361,Champions,9,4,891.21,0.202,Reward & advocate,Low
13831,Champions,16,6,2198.45,0.202,Reward & advocate,Low
15270,Champions,15,7,2379.49,0.202,Reward & advocate,Low
16169,Champions,8,4,1822.97,0.202,Reward & advocate,Low
17350,Champions,8,4,1281.32,0.202,Reward & advocate,Low
17133,Champions,15,7,4892.24,0.201,Reward & advocate,Low
14623,Champions,32,5,882.02,0.201,Reward & advocate,Low
13225,Champions,3,7,6463.84,0.201,Reward & advocate,Low
14511,Champions,11,5,1314.81,0.201,Reward & advocate,Low
14315,Loyal Customers,44,6,2481.13,0.201,Upsell & deepen,Low
15106,Champions,17,5,1422.52,0.201,Reward & advocate,Low
13901,Can't Lose Them,72,5,2867.2,0.201,Urgent win back,Low
12700,Champions,7,4,4525.99,0.2,Reward & advocate,Low
15179,Champions,18,5,2206.95,0.2,Reward & advocate,Low
17625,Champions,18,4,2020.4,0.2,Reward & advocate,Low
18097,Champions,7,6,2662.4,0.2,Reward & advocate,Low
13136,Loyal Customers,56,5,2607.61,0.2,Upsell & deepen,Low
14428,Champions,7,5,1224.06,0.199,Reward & advocate,Low
16258,Loyal Customers,45,5,5203.51,0.198,Upsell & deepen,Low
16891,Champions,1,5,742.43,0.198,Reward & advocate,Low
14553,Champions,19,5,859.27,0.198,Reward & advocate,Low
14290,Champions,11,5,2314.65,0.198,Reward & advocate,Low
15707,Loyal Customers,35,4,916.98,0.198,Upsell & deepen,Low
14498,Loyal Customers,42,5,1957.32,0.197,Upsell & deepen,Low
17214,Loyal Customers,60,6,1059.12,0.197,Upsell & deepen,Low
15996,Can't Lose Them,88,6,1032.58,0.197,Urgent win back,Low
15253,Champions,16,5,918.2,0.197,Reward & advocate,Low
12517,Champions,28,4,2301.6,0.197,Reward & advocate,Low
12388,Champions,15,6,2780.66,0.197,Reward & advocate,Low
14312,Loyal Customers,46,6,1611.59,0.197,Upsell & deepen,Low
16007,Loyal Customers,47,4,1693.81,0.197,Upsell & deepen,Low
14116,Champions,19,5,1382.74,0.197,Reward & advocate,Low
13956,Champions,5,5,1019.27,0.196,Reward & advocate,Low
16949,Champions,3,6,1286.27,0.196,Reward & advocate,Low
17236,Champions,12,6,916.13,0.196,Reward & advocate,Low
14201,Loyal Customers,60,7,747.44,0.196,Upsell & deepen,Low
15117,Champions,14,5,1551.78,0.196,Reward & advocate,Low
12457,Loyal Customers,66,6,2043.23,0.195,Upsell & deepen,Low
17073,Champions,17,4,1444.84,0.195,Reward & advocate,Low
13309,Champions,7,5,1456.79,0.195,Reward & advocate,Low
17867,Champions,30,6,1157.87,0.195,Reward & advocate,Low
17554,Champions,1,5,1952.45,0.194,Reward & advocate,Low
16266,Can't Lose Them,73,7,861.89,0.194,Urgent win back,Low
12919,Champions,8,6,1335.19,0.194,Reward & advocate,Low
15594,Champions,15,5,1771.78,0.194,Reward & advocate,Low
16379,Champions,4,4,2157.4,0.193,Reward & advocate,Low
17754,Champions,0,5,1664.65,0.193,Reward & advocate,Low
15505,Loyal Customers,52,5,3610.96,0.192,Upsell & deepen,Low
16107,Champions,17,7,3204.16,0.192,Reward & advocate,Low
13477,Loyal Customers,37,6,1454.58,0.191,Upsell & deepen,Low
15060,Loyal Customers,8,4,293.0,0.191,Upsell & deepen,Low
13015,Loyal Customers,53,5,3339.64,0.191,Upsell & deepen,Low
14466,Champions,29,7,2272.4,0.191,Reward & advocate,Low
14446,Champions,0,4,1005.55,0.191,Reward & advocate,Low
14344,Can't Lose Them,127,8,889.93,0.19,Urgent win back,Low
16892,Champions,1,5,518.19,0.19,Reward & advocate,Low
14898,Champions,23,6,1269.31,0.19,Reward & advocate,Low
13456,Champions,17,6,1766.72,0.19,Reward & advocate,Low
17827,Champions,5,5,1987.33,0.19,Reward & advocate,Low
14049,Champions,16,4,5578.72,0.19,Reward & advocate,Low
16131,Loyal Customers,51,6,3506.54,0.189,Upsell & deepen,Low
15022,Champions,11,4,852.39,0.189,Reward & advocate,Low
13632,Champions,24,5,2118.93,0.189,Reward & advocate,Low
18230,Champions,9,7,2810.2,0.188,Reward & advocate,Low
13317,Loyal Customers,66,6,2273.68,0.188,Upsell & deepen,Low
14948,Champions,23,6,1101.97,0.188,Reward & advocate,Low
13634,Loyal Customers,33,5,1547.36,0.188,Upsell & deepen,Low
14321,Champions,10,5,1530.75,0.188,Reward & advocate,Low
14834,Champions,17,6,1720.3,0.187,Reward & advocate,Low
15172,Champions,8,5,1624.05,0.187,Reward & advocate,Low
16085,Champions,23,5,981.51,0.186,Reward & advocate,Low
14738,Loyal Customers,42,7,1314.45,0.186,Upsell & deepen,Low
15038,Loyal Customers,58,6,685.74,0.186,Upsell & deepen,Low
13558,Champions,5,4,594.52,0.185,Reward & advocate,Low
17739,Champions,11,7,2791.35,0.185,Reward & advocate,Low
14710,Champions,14,4,599.48,0.185,Reward & advocate,Low
17050,Can't Lose Them,96,6,3185.64,0.185,Urgent win back,Low
13523,Loyal Customers,33,5,3964.88,0.185,Upsell & deepen,Low
13644,Champions,16,4,2624.26,0.185,Reward & advocate,Low
16409,Loyal Customers,36,5,2022.98,0.185,Upsell & deepen,Low
13093,Can't Lose Them,275,8,7832.47,0.184,Urgent win back,Low
13549,Champions,25,7,918.2,0.183,Reward & advocate,Low
16395,Loyal Customers,60,5,1482.06,0.183,Upsell & deepen,Low
13808,Champions,5,5,1747.66,0.183,Reward & advocate,Low
15493,Champions,32,5,1953.41,0.183,Reward & advocate,Low
17593,Champions,3,5,3923.86,0.183,Reward & advocate,Low
14883,Champions,18,6,761.59,0.183,Reward & advocate,Low
16283,Champions,5,5,1569.11,0.183,Reward & advocate,Low
13658,Champions,9,5,2639.17,0.183,Reward & advocate,Low
14507,Champions,23,6,1367.88,0.182,Reward & advocate,Low
17924,Champions,11,7,2962.5,0.182,Reward & advocate,Low
16081,Loyal Customers,56,5,2799.42,0.181,Upsell & deepen,Low
17463,Champions,16,5,1875.86,0.181,Reward & advocate,Low
14414,Can't Lose Them,91,7,1496.98,0.18,Urgent win back,Low
14506,Champions,17,5,1960.65,0.18,Reward & advocate,Low
17442,Loyal Customers,36,6,2248.56,0.18,Upsell & deepen,Low
17193,Loyal Customers,35,7,1699.3,0.18,Upsell & deepen,Low
14234,Champions,22,4,754.12,0.18,Reward & advocate,Low
16600,Champions,4,6,813.52,0.18,Reward & advocate,Low
16899,Champions,7,6,1271.06,0.18,Reward & advocate,Low
12723,Champions,3,5,707.07,0.179,Reward & advocate,Low
15811,Champions,22,6,2218.62,0.179,Reward & advocate,Low
14102,Champions,5,5,1105.88,0.179,Reward & advocate,Low
15701,Champions,2,4,1529.0,0.179,Reward & advocate,Low
14251,Champions,1,5,2879.7,0.179,Reward & advocate,Low
14852,Loyal Customers,58,6,2836.69,0.179,Upsell & deepen,Low
15858,Champions,15,5,1427.57,0.179,Reward & advocate,Low
12828,Champions,2,6,1018.71,0.178,Reward & advocate,Low
13860,Champions,1,5,1245.9,0.178,Reward & advocate,Low
18094,Can't Lose Them,81,7,3017.3,0.177,Urgent win back,Low
17027,Can't Lose Them,78,6,877.56,0.177,Urgent win back,Low
13590,Champions,11,6,1981.92,0.177,Reward & advocate,Low
16218,Champions,29,7,3084.68,0.177,Reward & advocate,Low
12714,Champions,9,5,4294.86,0.177,Reward & advocate,Low
16066,Champions,16,5,1521.04,0.177,Reward & advocate,Low
13381,Champions,31,6,3639.31,0.176,Reward & advocate,Low
16455,Loyal Customers,63,7,1841.18,0.175,Upsell & deepen,Low
14107,Loyal Customers,51,7,2703.23,0.175,Upsell & deepen,Low
12664,Champions,8,9,4391.88,0.175,Reward & advocate,Low
17422,Champions,16,6,1979.37,0.175,Reward & advocate,Low
12444,Champions,21,5,4085.46,0.175,Reward & advocate,Low
14903,Champions,21,5,2795.33,0.175,Reward & advocate,Low
16979,Champions,3,6,1852.0,0.175,Reward & advocate,Low
12749,Champions,3,5,4090.88,0.175,Reward & advocate,Low
13246,Champions,18,6,1961.52,0.175,Reward & advocate,Low
14364,Can't Lose Them,108,8,3717.35,0.174,Urgent win back,Low
18179,Champions,9,6,1793.17,0.174,Reward & advocate,Low
15220,Loyal Customers,51,6,1778.96,0.174,Upsell & deepen,Low
16497,Loyal Customers,49,6,2965.69,0.173,Upsell & deepen,Low
12518,Champions,0,5,1840.89,0.173,Reward & advocate,Low
16771,Loyal Customers,33,5,2230.61,0.173,Upsell & deepen,Low
15203,Champions,25,6,1827.8,0.172,Reward & advocate,Low
12684,Champions,7,6,2073.63,0.172,Reward & advocate,Low
13782,Champions,12,6,908.86,0.172,Reward & advocate,Low
15379,Can't Lose Them,169,7,3703.29,0.172,Urgent win back,Low
17090,Champions,4,7,1974.65,0.172,Reward & advocate,Low
16841,Loyal Customers,36,6,1869.82,0.172,Upsell & deepen,Low
14640,Champions,24,6,2107.38,0.172,Reward & advocate,Low
16170,Loyal Customers,50,6,1885.05,0.171,Upsell & deepen,Low
17412,Champions,2,7,1258.06,0.171,Reward & advocate,Low
12494,Champions,15,7,1084.1,0.171,Reward & advocate,Low
14215,Champions,11,6,1789.72,0.171,Reward & advocate,Low
14493,Champions,7,5,2383.24,0.171,Reward & advocate,Low
17612,Loyal Customers,53,6,2048.45,0.171,Upsell & deepen,Low
17591,Can't Lose Them,73,7,2203.67,0.171,Urgent win back,Low
12906,Champions,11,5,2919.81,0.171,Reward & advocate,Low
16059,Loyal Customers,65,6,1453.16,0.17,Upsell & deepen,Low
14841,Loyal Customers,53,6,3295.76,0.17,Upsell & deepen,Low
15484,Champions,1,4,3590.41,0.169,Reward & advocate,Low
17059,Champions,29,5,3080.39,0.169,Reward & advocate,Low
15296,Loyal Customers,50,6,3672.86,0.169,Upsell & deepen,Low
17669,Loyal Customers,42,7,3406.72,0.168,Upsell & deepen,Low
17609,Loyal Customers,40,5,1098.28,0.168,Upsell & deepen,Low
14408,Champions,10,7,2599.03,0.168,Reward & advocate,Low
15426,Champions,19,5,1404.07,0.168,Reward & advocate,Low
14766,Champions,8,6,2473.37,0.168,Reward & advocate,Low
13882,Champions,2,5,1191.13,0.168,Reward & advocate,Low
14583,Champions,5,5,986.96,0.167,Reward & advocate,Low
16438,Champions,5,5,798.35,0.167,Reward & advocate,Low
16918,Loyal Customers,49,6,1068.82,0.167,Upsell & deepen,Low
12352,Loyal Customers,36,7,1385.74,0.166,Upsell & deepen,Low
14530,Champions,25,6,2862.11,0.166,Reward & advocate,Low
14146,Champions,8,5,4191.0,0.166,Reward & advocate,Low
15764,Can't Lose Them,88,6,3279.97,0.166,Urgent win back,Low
13630,Champions,5,7,2031.78,0.165,Reward & advocate,Low
14554,Champions,10,4,2279.49,0.165,Reward & advocate,Low
15410,Can't Lose Them,84,8,3450.84,0.165,Urgent win back,Low
17135,Champions,16,7,1139.73,0.165,Reward & advocate,Low
14719,Champions,1,5,1581.84,0.165,Reward & advocate,Low
17160,Champions,31,6,3518.03,0.165,Reward & advocate,Low
17655,Champions,10,7,2638.94,0.165,Reward & advocate,Low
12753,Champions,22,6,21429.39,0.165,Reward & advocate,Low
13717,Champions,32,6,1445.01,0.164,Reward & advocate,Low
17863,Loyal Customers,59,6,3160.0,0.164,Upsell & deepen,Low
12939,Loyal Customers,64,8,11581.8,0.164,Upsell & deepen,Low
13094,Champions,21,12,1927.32,0.163,Reward & advocate,Low
14515,Champions,17,6,2076.89,0.163,Reward & advocate,Low
14121,Champions,3,4,2780.15,0.163,Reward & advocate,Low
15671,Champions,18,7,2657.13,0.163,Reward & advocate,Low
13650,Champions,16,6,1836.34,0.162,Reward & advocate,Low
13451,Champions,26,5,2898.26,0.162,Reward & advocate,Low
12726,Champions,28,7,2411.1,0.162,Reward & advocate,Low
14684,Champions,25,5,1201.51,0.162,Reward & advocate,Low
18272,Champions,2,6,3078.58,0.162,Reward & advocate,Low
17673,Champions,1,6,1594.97,0.162,Reward & advocate,Low
17183,Champions,7,6,3347.31,0.161,Reward & advocate,Low
14639,Loyal Customers,52,6,2984.49,0.161,Upsell & deepen,Low
12826,Champions,2,7,1474.72,0.16,Reward & advocate,Low
12721,Champions,31,6,2386.13,0.16,Reward & advocate,Low
17131,Champions,5,5,2463.17,0.16,Reward & advocate,Low
14419,Champions,10,6,1051.79,0.16,Reward & advocate,Low
14739,Champions,4,7,3902.28,0.159,Reward & advocate,Low
17188,Champions,11,7,2474.23,0.159,Reward & advocate,Low
13448,Champions,16,6,3534.69,0.159,Reward & advocate,Low
15370,Loyal Customers,40,7,2386.05,0.159,Upsell & deepen,Low
17848,Can't Lose Them,81,9,901.2,0.158,Urgent win back,Low
17744,Champions,3,6,2322.4,0.158,Reward & advocate,Low
14307,Can't Lose Them,88,6,2995.72,0.158,Urgent win back,Low
15511,Champions,11,5,900.53,0.157,Reward & advocate,Low
12483,Champions,17,8,1910.98,0.157,Reward & advocate,Low
16871,Champions,22,6,2812.34,0.157,Reward & advocate,Low
14794,Champions,2,7,1319.91,0.157,Reward & advocate,Low
16743,Champions,29,7,2213.13,0.156,Reward & advocate,Low
17287,Champions,26,7,1049.06,0.156,Reward & advocate,Low
14963,Champions,9,5,1472.34,0.155,Reward & advocate,Low
17663,Champions,25,7,1802.91,0.155,Reward & advocate,Low
18008,Loyal Customers,70,9,2116.19,0.155,Upsell & deepen,Low
17348,Champions,14,5,1156.6,0.155,Reward & advocate,Low
16477,Loyal Customers,63,7,2494.46,0.155,Upsell & deepen,Low
17213,Loyal Customers,40,7,2781.23,0.155,Upsell & deepen,Low
16327,Champions,14,6,3789.67,0.154,Reward & advocate,Low
13521,Champions,1,3,1070.47,0.153,Reward & advocate,Low
14595,Champions,19,6,1740.6,0.153,Reward & advocate,Low
16531,Champions,22,7,1244.59,0.153,Reward & advocate,Low
12727,Champions,10,7,3440.7,0.153,Reward & advocate,Low
15708,Loyal Customers,40,7,3235.25,0.152,Upsell & deepen,Low
14541,Loyal Customers,58,8,1453.35,0.152,Upsell & deepen,Low
16057,Champions,16,7,2263.12,0.152,Reward & advocate,Low
17063,Champions,21,7,1461.14,0.152,Reward & advocate,Low
16633,Champions,17,6,2883.1,0.152,Reward & advocate,Low
18069,Champions,26,5,2009.24,0.152,Reward & advocate,Low
17562,Champions,14,7,1122.38,0.152,Reward & advocate,Low
18061,Champions,21,10,2119.41,0.152,Reward & advocate,Low
15140,Loyal Customers,52,7,2354.25,0.152,Upsell & deepen,Low
13991,Champions,12,6,851.88,0.152,Reward & advocate,Low
16173,Champions,15,6,1418.32,0.151,Reward & advocate,Low
14487,Champions,26,6,1165.48,0.151,Reward & advocate,Low
18139,Champions,17,6,8438.34,0.151,Reward & advocate,Low
13198,Champions,10,6,3401.24,0.151,Reward & advocate,Low
16180,Can't Lose Them,100,8,10254.18,0.151,Urgent win back,Low
13110,Champions,31,7,1488.67,0.151,Reward & advocate,Low
16652,Loyal Customers,58,7,6773.97,0.151,Upsell & deepen,Low
14546,Champions,5,5,2573.93,0.151,Reward & advocate,Low
12843,Loyal Customers,65,8,1702.26,0.15,Upsell & deepen,Low
14854,Can't Lose Them,78,7,2740.03,0.15,Urgent win back,Low
17109,Champions,29,6,881.29,0.15,Reward & advocate,Low
17284,Loyal Customers,60,6,1647.48,0.15,Upsell & deepen,Low
15903,Champions,9,7,5126.76,0.15,Reward & advocate,Low
15987,Champions,12,7,1432.77,0.15,Reward & advocate,Low
13117,Champions,21,8,984.91,0.149,Reward & advocate,Low
15755,Champions,10,6,2364.25,0.149,Reward & advocate,Low
16440,Champions,7,5,3640.67,0.149,Reward & advocate,Low
16717,Champions,23,6,3843.08,0.149,Reward & advocate,Low
17685,Champions,16,7,3155.83,0.149,Reward & advocate,Low
15998,Loyal Customers,36,5,3080.22,0.149,Upsell & deepen,Low
12451,Champions,10,5,8995.52,0.148,Reward & advocate,Low
13784,Champions,9,11,2462.79,0.148,Reward & advocate,Low
17504,Can't Lose Them,206,9,2997.03,0.148,Urgent win back,Low
16877,Champions,12,6,846.62,0.148,Reward & advocate,Low
12347,Champions,2,7,4310.0,0.148,Reward & advocate,Low
15874,Loyal Customers,63,7,4405.88,0.147,Upsell & deepen,Low
15606,Loyal Customers,61,9,2920.16,0.147,Upsell & deepen,Low
13082,Can't Lose Them,126,9,3613.63,0.147,Urgent win back,Low
13327,Loyal Customers,38,8,3627.77,0.147,Upsell & deepen,Low
14573,Can't Lose Them,179,9,1639.82,0.146,Urgent win back,Low
13471,Champions,1,4,2501.84,0.146,Reward & advocate,Low
13654,Loyal Customers,43,6,2707.33,0.146,Upsell & deepen,Low
16873,Champions,4,6,7123.62,0.145,Reward & advocate,Low
16466,Loyal Customers,33,7,1595.96,0.145,Upsell & deepen,Low
18210,Champions,1,6,2621.38,0.145,Reward & advocate,Low
16719,Champions,14,7,1770.22,0.144,Reward & advocate,Low
13758,Champions,11,7,3190.55,0.144,Reward & advocate,Low
16556,Loyal Customers,66,7,3313.79,0.144,Upsell & deepen,Low
16434,Champions,29,7,1511.8,0.144,Reward & advocate,Low
15365,Champions,25,7,2314.32,0.143,Reward & advocate,Low
14723,Champions,10,6,1120.66,0.143,Reward & advocate,Low
15981,Champions,24,8,3408.48,0.143,Reward & advocate,Low
16987,Champions,3,7,1616.8,0.143,Reward & advocate,Low
14472,Can't Lose Them,103,8,1852.67,0.143,Urgent win back,Low
14482,Champions,18,6,2022.81,0.143,Reward & advocate,Low
12779,Loyal Customers,37,8,3981.36,0.143,Upsell & deepen,Low
17114,Champions,5,8,801.12,0.143,Reward & advocate,Low
12935,Champions,2,7,2160.7,0.143,Reward & advocate,Low
17696,Loyal Customers,38,8,2285.71,0.142,Upsell & deepen,Low
16880,Champions,30,7,1491.43,0.142,Reward & advocate,Low
16983,Champions,12,7,1905.87,0.142,Reward & advocate,Low
16365,Champions,17,9,1540.42,0.141,Reward & advocate,Low
12423,Champions,0,8,1634.31,0.141,Reward & advocate,Low
12948,Champions,16,7,2064.95,0.141,Reward & advocate,Low
17426,Champions,8,6,5037.26,0.141,Reward & advocate,Low
17191,Champions,28,7,2093.68,0.14,Reward & advocate,Low
13725,Loyal Customers,49,8,1980.56,0.14,Upsell & deepen,Low
14696,Champions,4,7,2078.95,0.14,Reward & advocate,Low
14907,Champions,3,7,3501.1,0.14,Reward & advocate,Low
12600,Champions,28,10,2311.04,0.139,Reward & advocate,Low
12477,Champions,22,6,13219.74,0.139,Reward & advocate,Low
14004,Loyal Customers,43,7,4582.64,0.139,Upsell & deepen,Low
14533,Champions,24,7,1949.72,0.139,Reward & advocate,Low
18245,Champions,7,7,2567.06,0.139,Reward & advocate,Low
17288,Champions,9,7,1417.63,0.139,Reward & advocate,Low
17894,Loyal Customers,71,8,1118.54,0.138,Upsell & deepen,Low
15974,Loyal Customers,39,7,3442.15,0.138,Upsell & deepen,Low
16359,Champions,7,9,1750.92,0.138,Reward & advocate,Low
16929,Champions,3,7,1295.39,0.137,Reward & advocate,Low
18073,Can't Lose Them,114,12,3859.82,0.136,Urgent win back,Low
12598,Champions,9,7,2807.08,0.136,Reward & advocate,Low
13994,Champions,3,6,2274.14,0.136,Reward & advocate,Low
15382,Champions,14,6,5955.71,0.136,Reward & advocate,Low
15906,Champions,19,7,1567.69,0.135,Reward & advocate,Low
15602,Champions,8,9,1297.87,0.135,Reward & advocate,Low
15134,Champions,14,8,1387.99,0.135,Reward & advocate,Low
15796,Champions,1,8,2707.61,0.135,Reward & advocate,Low
14334,Champions,16,8,2552.21,0.134,Reward & advocate,Low
12627,Champions,10,6,4082.53,0.134,Reward & advocate,Low
12685,Champions,28,6,2575.08,0.134,Reward & advocate,Low
15737,Champions,14,8,1188.12,0.133,Reward & advocate,Low
14503,Champions,3,6,3543.26,0.133,Reward & advocate,Low
18180,Champions,4,6,1843.75,0.133,Reward & advocate,Low
13975,Champions,31,6,2461.24,0.133,Reward & advocate,Low
17800,Loyal Customers,37,9,1186.21,0.133,Upsell & deepen,Low
12594,Loyal Customers,37,9,3208.22,0.132,Upsell & deepen,Low
16655,Champions,17,6,3789.52,0.132,Reward & advocate,Low
13435,Champions,5,7,3809.89,0.132,Reward & advocate,Low
15089,Champions,10,6,2420.84,0.132,Reward & advocate,Low
15860,Loyal Customers,40,8,965.16,0.132,Upsell & deepen,Low
15953,Champions,15,8,1657.28,0.132,Reward & advocate,Low
14698,Champions,1,5,1217.27,0.132,Reward & advocate,Low
17164,Champions,32,7,2467.35,0.131,Reward & advocate,Low
16316,Loyal Customers,64,8,2938.91,0.131,Upsell & deepen,Low
13610,Champions,12,7,1082.33,0.131,Reward & advocate,Low
17490,Champions,0,7,2092.32,0.13,Reward & advocate,Low
16905,Champions,5,7,3037.6,0.13,Reward & advocate,Low
12910,Champions,23,8,3075.04,0.13,Reward & advocate,Low
12584,Champions,3,9,2254.15,0.13,Reward & advocate,Low
13988,Champions,19,6,4147.96,0.129,Reward & advocate,Low
17323,Champions,15,7,903.12,0.129,Reward & advocate,Low
13232,Champions,12,7,1327.75,0.129,Reward & advocate,Low
14112,Champions,22,7,2915.15,0.128,Reward & advocate,Low
13340,Loyal Customers,45,7,10736.48,0.128,Upsell & deepen,Low
17888,Champions,21,8,716.0,0.128,Reward & advocate,Low
13804,Champions,30,7,2588.39,0.128,Reward & advocate,Low
15241,Loyal Customers,66,8,1756.44,0.128,Upsell & deepen,Low
12619,Champions,16,8,2945.56,0.127,Reward & advocate,Low
14422,Champions,0,6,4263.64,0.127,Reward & advocate,Low
15581,Can't Lose Them,156,10,717.43,0.127,Urgent win back,Low
16954,Champions,0,9,2085.08,0.127,Reward & advocate,Low
13012,Champions,9,8,1646.84,0.127,Reward & advocate,Low
16332,Champions,28,7,1582.8,0.127,Reward & advocate,Low
14410,Can't Lose Them,92,9,1099.27,0.127,Urgent win back,Low
15727,Champions,16,7,5159.06,0.127,Reward & advocate,Low
17368,Champions,23,8,1878.87,0.126,Reward & advocate,Low
15518,Loyal Customers,64,8,1921.55,0.126,Upsell & deepen,Low
12562,Champions,8,7,3385.74,0.126,Reward & advocate,Low
15752,Loyal Customers,39,7,2626.6,0.125,Upsell & deepen,Low
17173,Champions,5,8,3766.6,0.124,Reward & advocate,Low
14572,Champions,3,7,2804.54,0.124,Reward & advocate,Low
17449,Champions,2,7,2516.21,0.124,Reward & advocate,Low
15521,Loyal Customers,40,8,3000.2,0.124,Upsell & deepen,Low
13862,Champions,18,8,2209.36,0.124,Reward & advocate,Low
16817,Champions,2,9,1604.75,0.124,Reward & advocate,Low
13324,Loyal Customers,36,10,7121.95,0.123,Upsell & deepen,Low
16609,Champions,15,7,5493.46,0.123,Reward & advocate,Low
12766,Champions,3,7,6457.63,0.123,Reward & advocate,Low
17097,Champions,2,8,954.42,0.123,Reward & advocate,Low
16791,Champions,29,7,1693.03,0.123,Reward & advocate,Low
15971,Champions,17,12,4194.9,0.122,Reward & advocate,Low
15660,Champions,25,9,1600.86,0.122,Reward & advocate,Low
16255,Champions,16,8,2619.91,0.122,Reward & advocate,Low
13527,Loyal Customers,33,7,2242.36,0.122,Upsell & deepen,Low
17203,Loyal Customers,35,6,3560.08,0.121,Upsell & deepen,Low
13870,Champions,2,8,2770.94,0.121,Reward & advocate,Low
17086,Champions,7,6,2050.08,0.121,Reward & advocate,Low
14341,Loyal Customers,45,8,2166.98,0.121,Upsell & deepen,Low
15611,Champions,9,11,1570.45,0.121,Reward & advocate,Low
17567,Champions,7,8,4331.48,0.121,Reward & advocate,Low
13183,Champions,7,9,3957.78,0.121,Reward & advocate,Low
15932,Champions,4,8,2495.87,0.121,Reward & advocate,Low
18257,Loyal Customers,39,8,2337.63,0.121,Upsell & deepen,Low
16348,Champions,32,7,1413.31,0.121,Reward & advocate,Low
14878,Champions,12,9,1476.09,0.121,Reward & advocate,Low
13993,Loyal Customers,42,9,3466.36,0.121,Upsell & deepen,Low
17107,Loyal Customers,33,6,10797.48,0.12,Upsell & deepen,Low
15572,Champions,4,7,2533.42,0.12,Reward & advocate,Low
13924,Champions,1,6,1838.85,0.12,Reward & advocate,Low
13047,Loyal Customers,56,9,3232.59,0.12,Upsell & deepen,Low
12472,Champions,32,7,6068.11,0.119,Reward & advocate,Low
13685,Champions,2,7,3119.44,0.119,Reward & advocate,Low
15845,Champions,17,8,3711.77,0.119,Reward & advocate,Low
12867,Champions,26,7,4009.34,0.119,Reward & advocate,Low
13437,Champions,14,7,3408.06,0.119,Reward & advocate,Low
17686,Champions,7,7,5739.46,0.119,Reward & advocate,Low
14388,Champions,10,8,3212.84,0.119,Reward & advocate,Low
14258,Champions,9,9,12669.98,0.118,Reward & advocate,Low
12524,Champions,9,8,3945.72,0.118,Reward & advocate,Low
14732,Champions,8,8,2702.49,0.118,Reward & advocate,Low
15696,Loyal Customers,33,8,2711.11,0.117,Upsell & deepen,Low
14309,Champions,8,9,2352.53,0.117,Reward & advocate,Low
17813,Champions,14,5,1698.07,0.117,Reward & advocate,Low
13305,Champions,4,10,2000.86,0.117,Reward & advocate,Low
13139,Champions,16,7,5064.94,0.117,Reward & advocate,Low
15632,Champions,15,8,3285.31,0.117,Reward & advocate,Low
12704,Champions,7,8,1740.84,0.117,Reward & advocate,Low
17705,Champions,3,9,1823.52,0.117,Reward & advocate,Low
15351,Champions,12,7,1934.66,0.117,Reward & advocate,Low
12963,Champions,8,8,1856.63,0.117,Reward & advocate,Low
15916,Champions,16,8,1502.86,0.117,Reward & advocate,Low
17416,Champions,29,7,6893.42,0.117,Reward & advocate,Low
18219,Champions,2,10,2069.77,0.116,Reward & advocate,Low
14653,Champions,1,7,1916.7,0.116,Reward & advocate,Low
17629,Champions,5,8,1814.12,0.116,Reward & advocate,Low
13491,Loyal Customers,51,10,1215.82,0.115,Upsell & deepen,Low
13949,Champions,2,6,2427.32,0.115,Reward & advocate,Low
13971,Champions,18,8,2758.26,0.115,Reward & advocate,Low
15527,Champions,18,8,2428.53,0.115,Reward & advocate,Low
15281,Loyal Customers,58,9,2332.15,0.115,Upsell & deepen,Low
12637,Loyal Customers,67,8,5804.9,0.114,Upsell & deepen,Low
17211,Champions,26,8,2317.22,0.114,Reward & advocate,Low
15453,Champions,1,7,1371.77,0.114,Reward & advocate,Low
18116,Loyal Customers,67,8,1399.51,0.114,Upsell & deepen,Low
15105,Champions,18,7,2298.93,0.114,Reward & advocate,Low
17596,Champions,23,7,2806.69,0.114,Reward & advocate,Low
17509,Loyal Customers,57,8,6083.64,0.113,Upsell & deepen,Low
14901,Champions,11,9,1421.29,0.113,Reward & advocate,Low
16790,Champions,3,6,1545.62,0.113,Reward & advocate,Low
12949,Champions,30,8,4167.22,0.112,Reward & advocate,Low
18092,Champions,2,11,9068.26,0.111,Reward & advocate,Low
17451,Champions,1,7,1721.4,0.111,Reward & advocate,Low
13384,Champions,30,7,4151.93,0.111,Reward & advocate,Low
14868,Champions,3,8,2953.59,0.11,Reward & advocate,Low
13126,Champions,4,8,2099.64,0.11,Reward & advocate,Low
16553,Can't Lose Them,163,12,5719.82,0.11,Urgent win back,Low
17602,Champions,2,6,5054.42,0.11,Reward & advocate,Low
17997,Can't Lose Them,74,8,1962.46,0.11,Urgent win back,Low
17314,Champions,24,8,2527.92,0.11,Reward & advocate,Low
14329,Champions,17,7,4975.24,0.11,Reward & advocate,Low
16686,Loyal Customers,47,7,2959.88,0.109,Upsell & deepen,Low
16242,Champions,8,7,3579.86,0.109,Reward & advocate,Low
17162,Champions,28,10,1715.46,0.109,Reward & advocate,Low
13769,Champions,2,10,2796.51,0.109,Reward & advocate,Low
13394,Champions,1,8,2520.02,0.109,Reward & advocate,Low
16016,Champions,3,8,1465.51,0.108,Reward & advocate,Low
18122,Champions,8,6,1791.84,0.108,Reward & advocate,Low
13629,Champions,23,11,7792.36,0.108,Reward & advocate,Low
17061,Can't Lose Them,73,11,5232.23,0.108,Urgent win back,Low
14262,Champions,8,8,2618.23,0.108,Reward & advocate,Low
13911,Loyal Customers,57,9,2580.91,0.108,Upsell & deepen,Low
14211,Loyal Customers,53,9,2241.1,0.107,Upsell & deepen,Low
17372,Loyal Customers,40,8,1337.18,0.107,Upsell & deepen,Low
17091,Champions,2,9,3827.76,0.107,Reward & advocate,Low
12747,Champions,2,11,4196.01,0.107,Reward & advocate,Low
16638,Champions,22,10,1680.72,0.107,Reward & advocate,Low
14292,Champions,7,9,4871.93,0.107,Reward & advocate,Low
15129,Loyal Customers,50,11,3447.4,0.106,Upsell & deepen,Low
12433,Champions,0,7,13375.87,0.106,Reward & advocate,Low
12856,Champions,7,6,2170.78,0.106,Reward & advocate,Low
17837,Loyal Customers,42,8,1535.33,0.106,Upsell & deepen,Low
14587,Champions,18,9,1580.29,0.105,Reward & advocate,Low
16985,Champions,17,10,5464.12,0.105,Reward & advocate,Low
18144,Champions,7,12,2888.75,0.105,Reward & advocate,Low
16919,Can't Lose Them,156,11,2592.25,0.105,Urgent win back,Low
17228,Champions,15,8,1906.09,0.104,Reward & advocate,Low
14030,Champions,18,8,2358.84,0.104,Reward & advocate,Low
15628,Champions,4,9,2870.24,0.104,Reward & advocate,Low
15443,Champions,1,7,3213.59,0.104,Reward & advocate,Low
16019,Loyal Customers,46,9,3786.24,0.103,Upsell & deepen,Low
12428,Champions,25,8,6405.26,0.103,Reward & advocate,Low
17071,Champions,28,9,2429.03,0.103,Reward & advocate,Low
16744,Champions,11,7,1291.91,0.103,Reward & advocate,Low
16115,Champions,9,8,1660.88,0.103,Reward & advocate,Low
17512,Champions,28,10,2924.99,0.103,Reward & advocate,Low
17293,Champions,8,9,1854.06,0.103,Reward & advocate,Low
14221,Loyal Customers,42,9,3432.8,0.102,Upsell & deepen,Low
12417,Champions,3,9,3226.1,0.102,Reward & advocate,Low
15235,Can't Lose Them,217,12,2247.51,0.102,Urgent win back,Low
14299,Champions,8,9,3965.62,0.101,Reward & advocate,Low
17402,Champions,4,12,2598.85,0.101,Reward & advocate,Low
14178,Champions,8,7,1580.26,0.101,Reward & advocate,Low
15544,Champions,9,9,3546.71,0.101,Reward & advocate,Low
15059,Loyal Customers,40,9,1337.72,0.101,Upsell & deepen,Low
15214,Champions,1,8,1661.44,0.101,Reward & advocate,Low
17861,Champions,3,8,2097.88,0.1,Reward & advocate,Low
12708,Champions,29,10,2442.91,0.1,Reward & advocate,Low
14083,Champions,4,9,1002.9,0.1,Reward & advocate,Low
12500,Champions,23,11,4059.82,0.1,Reward & advocate,Low
14243,Champions,8,10,2588.77,0.099,Reward & advocate,Low
13842,Loyal Customers,58,9,3385.62,0.099,Upsell & deepen,Low
13536,Champions,1,7,3444.39,0.099,Reward & advocate,Low
15910,Champions,0,8,1228.88,0.099,Reward & advocate,Low
17434,Champions,2,7,2373.82,0.098,Reward & advocate,Low
17069,Champions,28,9,2709.7,0.098,Reward & advocate,Low
14808,Loyal Customers,39,8,2718.6,0.098,Upsell & deepen,Low
16156,Champions,8,9,3092.04,0.098,Reward & advocate,Low
13021,Champions,4,9,2616.38,0.098,Reward & advocate,Low
18075,Champions,23,10,2611.75,0.098,Reward & advocate,Low
18044,Champions,4,10,2088.6,0.097,Reward & advocate,Low
17491,Champions,1,10,3558.87,0.097,Reward & advocate,Low
16407,Champions,12,10,2079.68,0.097,Reward & advocate,Low
15687,Champions,8,9,2993.1,0.096,Reward & advocate,Low
13014,Champions,10,10,3466.28,0.096,Reward & advocate,Low
16265,Champions,9,9,5447.0,0.096,Reward & advocate,Low
14776,Loyal Customers,51,11,2538.3,0.095,Upsell & deepen,Low
15750,Champions,2,8,2463.05,0.094,Reward & advocate,Low
16942,Champions,12,9,1904.99,0.094,Reward & advocate,Low
14659,Champions,8,9,2529.93,0.094,Reward & advocate,Low
17634,Loyal Customers,36,9,2358.59,0.094,Upsell & deepen,Low
14810,Loyal Customers,40,11,2085.33,0.094,Upsell & deepen,Low
16570,Champions,15,10,3738.4,0.094,Reward & advocate,Low
17338,Champions,17,8,6484.75,0.094,Reward & advocate,Low
12553,Champions,8,10,3278.28,0.094,Reward & advocate,Low
14432,Champions,9,6,2248.5,0.094,Reward & advocate,Low
15939,Can't Lose Them,89,14,6100.01,0.093,Urgent win back,Low
14524,Champions,31,9,1843.83,0.093,Reward & advocate,Low
16775,Champions,10,11,1691.51,0.093,Reward & advocate,Low
14866,Champions,10,11,14353.4,0.093,Reward & advocate,Low
12957,Champions,9,8,4017.54,0.092,Reward & advocate,Low
12705,Champions,15,8,6382.29,0.092,Reward & advocate,Low
14239,Loyal Customers,43,11,2380.85,0.092,Upsell & deepen,Low
14395,Champions,2,9,3479.91,0.091,Reward & advocate,Low
13184,Champions,14,10,1667.95,0.091,Reward & advocate,Low
16474,Champions,7,7,1810.49,0.091,Reward & advocate,Low
16293,Champions,21,10,2248.99,0.09,Reward & advocate,Low
14961,Champions,10,9,7044.68,0.09,Reward & advocate,Low
13209,Champions,30,8,5891.61,0.09,Reward & advocate,Low
14704,Champions,19,7,1461.62,0.09,Reward & advocate,Low
14390,Champions,10,9,4642.57,0.09,Reward & advocate,Low
13890,Champions,1,10,1883.81,0.09,Reward & advocate,Low
14032,Champions,2,11,2975.59,0.089,Reward & advocate,Low
17001,Champions,0,11,3989.57,0.089,Reward & advocate,Low
14936,Loyal Customers,33,8,8137.02,0.089,Upsell & deepen,Low
15034,Champions,15,8,4274.16,0.089,Reward & advocate,Low
14525,Champions,19,9,4215.9,0.088,Reward & advocate,Low
12712,Champions,28,13,3928.13,0.088,Reward & advocate,Low
14730,Champions,1,8,1897.57,0.088,Reward & advocate,Low
12481,Champions,22,10,5003.82,0.087,Reward & advocate,Low
17809,Champions,16,12,5411.91,0.087,Reward & advocate,Low
14701,Champions,10,9,2526.09,0.087,Reward & advocate,Low
12678,Loyal Customers,42,10,16481.46,0.087,Upsell & deepen,Low
16076,Champions,3,10,2234.73,0.086,Reward & advocate,Low
15373,Champions,8,12,2415.91,0.086,Reward & advocate,Low
15024,Champions,9,10,1636.43,0.086,Reward & advocate,Low
16360,Champions,4,6,3450.41,0.086,Reward & advocate,Low
15622,Loyal Customers,43,9,3709.56,0.086,Upsell & deepen,Low
12523,Champions,19,11,1699.77,0.086,Reward & advocate,Low
17365,Champions,12,8,4762.32,0.086,Reward & advocate,Low
13426,Champions,0,10,3641.32,0.085,Reward & advocate,Low
14227,Champions,26,10,3350.96,0.085,Reward & advocate,Low
15482,Champions,15,11,10839.76,0.085,Reward & advocate,Low
14062,Champions,9,12,10464.85,0.085,Reward & advocate,Low
13700,Champions,26,10,2248.63,0.085,Reward & advocate,Low
13137,Champions,10,8,3603.29,0.084,Reward & advocate,Low
15218,Champions,10,11,5756.89,0.084,Reward & advocate,Low
17750,Champions,5,9,1694.16,0.083,Reward & advocate,Low
12626,Champions,23,9,5954.48,0.083,Reward & advocate,Low
13588,Champions,15,9,2478.95,0.083,Reward & advocate,Low
12647,Champions,22,12,3146.82,0.082,Reward & advocate,Low
16912,Champions,28,11,2555.58,0.082,Reward & advocate,Low
15694,Champions,0,13,6464.4,0.082,Reward & advocate,Low
14733,Champions,16,12,9585.91,0.082,Reward & advocate,Low
12490,Champions,5,10,4859.93,0.082,Reward & advocate,Low
14071,Champions,3,8,1422.75,0.081,Reward & advocate,Low
16656,Champions,22,15,8625.8,0.081,Reward & advocate,Low
14505,Champions,17,8,5859.43,0.081,Reward & advocate,Low
13178,Champions,26,11,5725.47,0.08,Reward & advocate,Low
17758,Champions,19,8,3408.2,0.08,Reward & advocate,Low
14462,Loyal Customers,66,11,1975.57,0.08,Upsell & deepen,Low
17218,Champions,4,10,1951.97,0.08,Reward & advocate,Low
17049,Champions,2,9,5655.03,0.08,Reward & advocate,Low
13097,Champions,32,10,6003.22,0.08,Reward & advocate,Low
15356,Champions,31,10,2718.03,0.08,Reward & advocate,Low
17799,Champions,22,10,3039.17,0.079,Reward & advocate,Low
15021,Champions,8,9,1871.77,0.079,Reward & advocate,Low
15114,Champions,30,10,2760.56,0.079,Reward & advocate,Low
13552,Loyal Customers,66,12,3740.07,0.079,Upsell & deepen,Low
15827,Can't Lose Them,73,14,1836.09,0.078,Urgent win back,Low
14713,Champions,9,11,2662.2,0.078,Reward & advocate,Low
16837,Champions,31,11,3170.98,0.078,Reward & advocate,Low
18077,Champions,8,11,2584.41,0.078,Reward & advocate,Low
12662,Champions,0,11,3543.78,0.077,Reward & advocate,Low
12567,Champions,22,10,8609.28,0.077,Reward & advocate,Low
15514,Champions,12,11,4023.72,0.076,Reward & advocate,Low
15854,Champions,4,12,2969.12,0.076,Reward & advocate,Low
18226,Loyal Customers,44,11,5228.05,0.076,Upsell & deepen,Low
15984,Champions,2,10,2780.63,0.076,Reward & advocate,Low
15861,Champions,12,8,3146.92,0.075,Reward & advocate,Low
18055,Champions,7,10,6761.34,0.075,Reward & advocate,Low
14952,Loyal Customers,59,11,8099.49,0.075,Upsell & deepen,Low
17644,Champions,1,11,2895.64,0.075,Reward & advocate,Low
14825,Champions,3,12,2221.01,0.075,Reward & advocate,Low
17725,Champions,16,11,3439.08,0.075,Reward & advocate,Low
15251,Champions,9,11,10484.99,0.074,Reward & advocate,Low
12955,Champions,1,11,4757.16,0.074,Reward & advocate,Low
12877,Champions,3,12,1535.77,0.074,Reward & advocate,Low
13983,Champions,29,12,2603.43,0.074,Reward & advocate,Low
16186,Champions,22,12,4006.94,0.074,Reward & advocate,Low
12395,Champions,19,12,2682.63,0.073,Reward & advocate,Low
15502,Champions,15,10,6923.98,0.073,Reward & advocate,Low
16145,Champions,8,11,3799.49,0.073,Reward & advocate,Low
17858,Champions,5,12,5140.66,0.073,Reward & advocate,Low
14755,Champions,9,11,5010.28,0.073,Reward & advocate,Low
14426,Champions,23,10,4481.67,0.072,Reward & advocate,Low
13999,Champions,10,12,3901.81,0.072,Reward & advocate,Low
16401,Champions,1,12,4098.32,0.072,Reward & advocate,Low
14769,Champions,2,8,10415.33,0.072,Reward & advocate,Low
12757,Champions,15,9,4176.75,0.071,Reward & advocate,Low
14040,Loyal Customers,40,12,3560.32,0.07,Upsell & deepen,Low
16710,Champions,19,10,2467.99,0.07,Reward & advocate,Low
14099,Champions,16,11,3104.17,0.07,Reward & advocate,Low
16794,Champions,1,10,1194.48,0.07,Reward & advocate,Low
14711,Champions,10,11,2839.62,0.07,Reward & advocate,Low
17659,Champions,17,12,2999.46,0.069,Reward & advocate,Low
17231,Champions,12,10,3124.72,0.069,Reward & advocate,Low
14543,Champions,28,16,3560.08,0.069,Reward & advocate,Low
12362,Champions,3,10,4737.23,0.069,Reward & advocate,Low
15291,Champions,25,14,4623.3,0.069,Reward & advocate,Low
14709,Champions,15,13,4921.04,0.069,Reward & advocate,Low
16670,Champions,16,11,4095.9,0.069,Reward & advocate,Low
13704,Champions,5,9,2308.06,0.069,Reward & advocate,Low
17528,Champions,1,8,3628.5,0.068,Reward & advocate,Low
16678,Champions,2,12,3109.99,0.068,Reward & advocate,Low
17769,Champions,12,10,3957.43,0.068,Reward & advocate,Low
14607,Champions,15,12,15021.5,0.068,Reward & advocate,Low
16818,Champions,10,11,3349.57,0.068,Reward & advocate,Low
16191,Champions,2,13,5180.52,0.067,Reward & advocate,Low
12731,Champions,23,12,18751.91,0.067,Reward & advocate,Low
14291,Champions,1,11,3883.25,0.067,Reward & advocate,Low
12476,Champions,15,11,5898.42,0.067,Reward & advocate,Low
16782,Champions,10,13,2267.95,0.067,Reward & advocate,Low
17530,Champions,1,10,2362.53,0.067,Reward & advocate,Low
16767,Champions,30,11,5575.56,0.067,Reward & advocate,Low
16426,Champions,2,10,1863.76,0.066,Reward & advocate,Low
13266,Champions,11,12,3834.26,0.066,Reward & advocate,Low
12931,Champions,21,15,42055.96,0.066,Reward & advocate,Low
15993,Champions,8,7,2768.97,0.066,Reward & advocate,Low
16813,Champions,8,10,1652.18,0.066,Reward & advocate,Low
13742,Champions,16,12,3107.87,0.065,Reward & advocate,Low
15058,Champions,25,11,2102.54,0.065,Reward & advocate,Low
14944,Champions,29,12,5900.25,0.065,Reward & advocate,Low
15298,Champions,2,12,4799.9,0.065,Reward & advocate,Low
16910,Champions,4,8,1508.96,0.065,Reward & advocate,Low
17651,Champions,11,10,3945.0,0.065,Reward & advocate,Low
15033,Champions,4,10,2553.88,0.065,Reward & advocate,Low
13695,Champions,31,15,2504.13,0.064,Reward & advocate,Low
17716,Champions,22,11,5655.99,0.064,Reward & advocate,Low
14132,Champions,2,11,3586.03,0.064,Reward & advocate,Low
15301,Loyal Customers,50,12,5049.95,0.064,Upsell & deepen,Low
14547,Champions,3,8,3974.75,0.064,Reward & advocate,Low
13090,Champions,8,13,8895.82,0.063,Reward & advocate,Low
17419,Champions,11,12,4226.57,0.063,Reward & advocate,Low
16722,Champions,17,13,4730.81,0.063,Reward & advocate,Low
14110,Champions,3,12,5683.15,0.063,Reward & advocate,Low
17790,Champions,26,14,1964.3,0.063,Reward & advocate,Low
13268,Champions,17,10,3152.71,0.063,Reward & advocate,Low
16393,Champions,2,13,3040.96,0.062,Reward & advocate,Low
13148,Champions,29,12,3683.26,0.062,Reward & advocate,Low
16701,Champions,8,13,5398.3,0.062,Reward & advocate,Low
16712,Champions,9,11,3603.66,0.062,Reward & advocate,Low
12989,Champions,3,15,6924.11,0.061,Reward & advocate,Low
15738,Champions,18,16,4812.42,0.061,Reward & advocate,Low
14401,Champions,4,13,4051.48,0.061,Reward & advocate,Low
17975,Champions,15,13,4479.96,0.061,Reward & advocate,Low
17340,Champions,29,11,12353.29,0.061,Reward & advocate,Low
17652,Champions,25,12,4867.72,0.06,Reward & advocate,Low
18225,Champions,3,12,5504.96,0.06,Reward & advocate,Low
15150,Champions,17,10,5291.33,0.06,Reward & advocate,Low
13756,Champions,2,14,5189.52,0.06,Reward & advocate,Low
15023,Champions,3,11,6701.51,0.059,Reward & advocate,Low
17306,Champions,10,19,8631.31,0.059,Reward & advocate,Low
15570,Champions,7,12,4148.82,0.059,Reward & advocate,Low
17850,Can't Lose Them,372,34,5391.21,0.059,Urgent win back,Low
13001,Champions,4,13,9785.97,0.058,Reward & advocate,Low
13013,Champions,1,13,4810.94,0.058,Reward & advocate,Low
13880,Champions,21,13,3219.77,0.058,Reward & advocate,Low
15465,Champions,19,18,7354.62,0.058,Reward & advocate,Low
18223,Champions,4,14,6484.54,0.057,Reward & advocate,Low
17364,Champions,0,11,4462.68,0.057,Reward & advocate,Low
16700,Champions,8,13,5076.55,0.056,Reward & advocate,Low
17404,Champions,4,13,31781.82,0.056,Reward & advocate,Low
13571,Champions,12,12,2088.94,0.056,Reward & advocate,Low
14800,Loyal Customers,47,12,4331.79,0.056,Upsell & deepen,Low
17870,Champions,2,12,1865.89,0.056,Reward & advocate,Low
17954,Champions,5,12,2314.13,0.055,Reward & advocate,Low
14092,Champions,7,14,4076.91,0.055,Reward & advocate,Low
17730,Champions,3,13,5298.48,0.055,Reward & advocate,Low
12839,Champions,2,14,5591.42,0.055,Reward & advocate,Low
16928,Can't Lose Them,80,17,2806.75,0.055,Urgent win back,Low
13871,Champions,22,13,6403.25,0.055,Reward & advocate,Low
18065,Champions,5,14,2392.83,0.055,Reward & advocate,Low
13755,Champions,3,9,2108.06,0.055,Reward & advocate,Low
12709,Champions,15,15,9400.52,0.055,Reward & advocate,Low
14680,Champions,25,16,28754.11,0.054,Reward & advocate,Low
14502,Champions,19,11,2426.79,0.054,Reward & advocate,Low
12683,Champions,4,14,7612.57,0.054,Reward & advocate,Low
16672,Champions,2,20,8134.94,0.054,Reward & advocate,Low
14282,Champions,3,15,3701.44,0.054,Reward & advocate,Low
15529,Champions,22,11,3960.05,0.054,Reward & advocate,Low
15249,Champions,31,13,6688.46,0.053,Reward & advocate,Low
16549,Champions,10,10,4034.9,0.052,Reward & advocate,Low
17719,Loyal Customers,37,15,5396.04,0.051,Upsell & deepen,Low
15719,Champions,32,13,5028.42,0.051,Reward & advocate,Low
16326,Champions,5,14,3039.22,0.051,Reward & advocate,Low
16607,Champions,17,14,3347.71,0.051,Reward & advocate,Low
14135,Champions,1,15,4690.31,0.05,Reward & advocate,Low
15125,Champions,25,15,11528.48,0.05,Reward & advocate,Low
16333,Champions,7,22,26626.8,0.05,Reward & advocate,Low
15955,Champions,24,14,4416.26,0.05,Reward & advocate,Low
14456,Champions,5,9,3014.32,0.049,Reward & advocate,Low
17965,Loyal Customers,37,14,2599.19,0.049,Upsell & deepen,Low
15187,Champions,1,15,4762.18,0.049,Reward & advocate,Low
13081,Champions,11,11,28337.38,0.049,Reward & advocate,Low
14397,Champions,2,19,2612.96,0.049,Reward & advocate,Low
14191,Champions,1,13,4684.76,0.049,Reward & advocate,Low
14159,Champions,19,11,4627.98,0.048,Reward & advocate,Low
16011,Champions,8,16,3352.96,0.048,Reward & advocate,Low
14415,Champions,1,13,5855.57,0.048,Reward & advocate,Low
16241,Champions,9,13,2590.31,0.048,Reward & advocate,Low
12583,Champions,2,15,6705.38,0.047,Reward & advocate,Low
12431,Loyal Customers,35,15,6314.95,0.047,Upsell & deepen,Low
13488,Champions,17,13,8968.31,0.047,Reward & advocate,Low
18198,Champions,4,17,5425.56,0.047,Reward & advocate,Low
14217,Champions,1,17,2004.98,0.047,Reward & advocate,Low
17139,Champions,15,12,10650.77,0.047,Reward & advocate,Low
15601,Champions,11,14,6776.56,0.046,Reward & advocate,Low
15046,Champions,9,15,5071.47,0.046,Reward & advocate,Low
17690,Champions,30,15,4726.8,0.046,Reward & advocate,Low
18241,Champions,9,17,2073.09,0.045,Reward & advocate,Low
16458,Champions,2,18,3482.74,0.045,Reward & advocate,Low
16745,Can't Lose Them,86,17,7180.7,0.045,Urgent win back,Low
15804,Champions,0,13,4206.39,0.045,Reward & advocate,Low
16187,Champions,31,15,6911.44,0.045,Reward & advocate,Low
13230,Champions,4,14,2755.63,0.044,Reward & advocate,Low
15271,Champions,7,15,2493.34,0.044,Reward & advocate,Low
14189,Champions,2,15,4654.08,0.044,Reward & advocate,Low
17613,Champions,22,14,4544.55,0.044,Reward & advocate,Low
13458,Champions,7,14,9646.57,0.044,Reward & advocate,Low
16210,Champions,1,17,21076.3,0.044,Reward & advocate,Low
13985,Champions,4,15,7060.13,0.043,Reward & advocate,Low
15152,Champions,9,13,4745.69,0.043,Reward & advocate,Low
13576,Champions,10,18,6717.34,0.043,Reward & advocate,Low
13709,Champions,3,13,6307.65,0.043,Reward & advocate,Low
17220,Champions,24,14,3187.55,0.043,Reward & advocate,Low
17857,Champions,4,22,25301.54,0.041,Reward & advocate,Low
15194,Champions,3,15,7616.53,0.041,Reward & advocate,Low
15867,Champions,5,15,3803.6,0.041,Reward & advocate,Low
13269,Champions,1,15,5343.28,0.041,Reward & advocate,Low
16904,Champions,4,15,3634.95,0.041,Reward & advocate,Low
13267,Champions,2,19,4521.49,0.04,Reward & advocate,Low
16764,Champions,3,13,2790.95,0.04,Reward & advocate,Low
15640,Champions,4,15,12416.11,0.04,Reward & advocate,Low
14088,Champions,10,13,50491.81,0.039,Reward & advocate,Low
16592,Champions,4,16,4113.68,0.039,Reward & advocate,Low
15290,Champions,4,18,7943.22,0.038,Reward & advocate,Low
16626,Champions,0,17,4413.1,0.038,Reward & advocate,Low
18229,Champions,11,20,7276.9,0.038,Reward & advocate,Low
15838,Champions,11,19,33643.08,0.038,Reward & advocate,Low
14560,Champions,7,22,2237.77,0.038,Reward & advocate,Low
14060,Champions,4,19,6140.42,0.037,Reward & advocate,Low
16843,Loyal Customers,42,16,10196.57,0.037,Upsell & deepen,Low
15144,Champions,8,17,6580.44,0.037,Reward & advocate,Low
16713,Champions,18,15,6910.78,0.037,Reward & advocate,Low
12437,Champions,1,18,4447.41,0.036,Reward & advocate,Low
14057,Champions,23,17,6211.66,0.036,Reward & advocate,Low
17346,Champions,3,15,2622.88,0.036,Reward & advocate,Low
15044,Champions,19,17,7634.73,0.035,Reward & advocate,Low
15513,Loyal Customers,33,19,14758.22,0.035,Upsell & deepen,Low
18283,Champions,3,16,2039.58,0.035,Reward & advocate,Low
15547,Champions,7,14,4910.6,0.035,Reward & advocate,Low
14702,Champions,1,17,3251.79,0.034,Reward & advocate,Low
13050,Champions,14,17,5833.11,0.034,Reward & advocate,Low
14031,Champions,7,19,17286.86,0.034,Reward & advocate,Low
13418,Champions,11,18,6127.43,0.034,Reward & advocate,Low
13854,Champions,8,25,8109.52,0.034,Reward & advocate,Low
14051,Champions,0,23,15610.39,0.033,Reward & advocate,Low
17017,Champions,2,20,8694.26,0.033,Reward & advocate,Low
15805,Champions,23,17,5488.18,0.033,Reward & advocate,Low
17706,Champions,4,17,10504.49,0.033,Reward & advocate,Low
17611,Champions,7,15,3961.12,0.033,Reward & advocate,Low
16945,Champions,21,19,4345.5,0.032,Reward & advocate,Low
14367,Champions,8,16,9227.82,0.032,Reward & advocate,Low
16353,Champions,3,23,6675.71,0.032,Reward & advocate,Low
17238,Champions,2,17,3719.1,0.032,Reward & advocate,Low
13881,Champions,3,20,17159.52,0.032,Reward & advocate,Low
17068,Champions,12,21,4545.89,0.031,Reward & advocate,Low
12540,Champions,19,17,11580.24,0.031,Reward & advocate,Low
16814,Champions,14,21,6406.8,0.031,Reward & advocate,Low
14796,Champions,1,17,7973.93,0.031,Reward & advocate,Low
18172,Champions,14,20,7561.68,0.03,Reward & advocate,Low
12474,Champions,17,18,6694.09,0.03,Reward & advocate,Low
15769,Champions,7,26,56252.72,0.03,Reward & advocate,Low
14534,Champions,2,18,4395.65,0.03,Reward & advocate,Low
16746,Champions,4,18,6680.11,0.03,Reward & advocate,Low
15555,Champions,12,16,4791.87,0.03,Reward & advocate,Low
13113,Champions,0,24,12245.96,0.029,Reward & advocate,Low
14562,Champions,3,18,5006.77,0.029,Reward & advocate,Low
14180,Champions,10,25,4748.52,0.029,Reward & advocate,Low
14085,Champions,2,18,4421.29,0.029,Reward & advocate,Low
17576,Champions,8,19,3564.83,0.029,Reward & advocate,Low
14688,Champions,7,21,5579.1,0.028,Reward & advocate,Low
16705,Champions,0,20,14034.99,0.028,Reward & advocate,Low
17735,Champions,2,19,13110.02,0.028,Reward & advocate,Low
13004,Champions,11,18,5655.91,0.028,Reward & advocate,Low
17920,Champions,4,17,4107.6,0.027,Reward & advocate,Low
16923,Champions,12,19,7069.08,0.027,Reward & advocate,Low
16161,Champions,1,19,5533.67,0.027,Reward & advocate,Low
12621,Champions,1,20,12411.67,0.026,Reward & advocate,Low
13969,Champions,7,18,9024.17,0.026,Reward & advocate,Low
16523,Champions,1,21,9418.47,0.026,Reward & advocate,Low
17865,Champions,30,20,10524.22,0.026,Reward & advocate,Low
17377,Champions,23,20,4058.32,0.025,Reward & advocate,Low
16558,Champions,0,20,8338.49,0.025,Reward & advocate,Low
16525,Champions,2,26,13027.45,0.025,Reward & advocate,Low
13534,Champions,2,25,5870.08,0.025,Reward & advocate,Low
16779,Champions,2,22,10611.72,0.025,Reward & advocate,Low
16168,Champions,10,27,3787.6,0.024,Reward & advocate,Low
13102,Champions,1,24,6424.09,0.024,Reward & advocate,Low
15615,Champions,10,23,10399.74,0.024,Reward & advocate,Low
13668,Champions,2,21,6309.83,0.024,Reward & advocate,Low
16729,Loyal Customers,38,21,7202.01,0.024,Upsell & deepen,Low
13599,Champions,1,21,5149.92,0.023,Reward & advocate,Low
17381,Champions,8,29,20275.61,0.023,Reward & advocate,Low
14895,Champions,7,20,11138.71,0.023,Reward & advocate,Low
18041,Champions,11,21,4097.37,0.023,Reward & advocate,Low
12901,Champions,8,28,17654.54,0.023,Reward & advocate,Low
16033,Champions,5,20,8778.82,0.022,Reward & advocate,Low
12681,Champions,14,22,12365.54,0.021,Reward & advocate,Low
18109,Champions,1,26,8004.92,0.021,Reward & advocate,Low
14194,Champions,4,21,11349.52,0.021,Reward & advocate,Low
13078,Champions,3,26,12627.94,0.021,Reward & advocate,Low
15358,Champions,4,22,8347.2,0.02,Reward & advocate,Low
13069,Champions,0,24,4431.44,0.02,Reward & advocate,Low
16931,Champions,5,21,4554.87,0.02,Reward & advocate,Low
14849,Champions,21,25,7930.54,0.02,Reward & advocate,Low
12415,Champions,24,20,124564.53,0.02,Reward & advocate,Low
13777,Champions,0,33,25977.16,0.02,Reward & advocate,Low
14056,Champions,1,23,8152.71,0.019,Reward & advocate,Low
12720,Champions,2,25,5115.73,0.019,Reward & advocate,Low
12841,Champions,4,25,3991.58,0.018,Reward & advocate,Low
17243,Champions,1,26,8531.65,0.018,Reward & advocate,Low
17581,Champions,0,25,11025.24,0.018,Reward & advocate,Low
17389,Champions,0,34,31833.68,0.018,Reward & advocate,Low
13319,Champions,5,26,10845.55,0.018,Reward & advocate,Low
12471,Champions,2,27,17388.65,0.018,Reward & advocate,Low
14735,Champions,3,31,6050.69,0.018,Reward & advocate,Low
14667,Champions,10,25,9170.79,0.016,Reward & advocate,Low
16684,Champions,4,28,66653.56,0.016,Reward & advocate,Low
15078,Champions,7,32,9743.11,0.016,Reward & advocate,Low
13098,Champions,1,28,28882.44,0.016,Reward & advocate,Low
18118,Champions,10,26,5622.68,0.015,Reward & advocate,Low
13767,Champions,2,37,17220.36,0.015,Reward & advocate,Low
17428,Champions,0,28,17256.85,0.015,Reward & advocate,Low
12569,Champions,2,32,3152.69,0.015,Reward & advocate,Low
15498,Champions,2,27,13316.4,0.014,Reward & advocate,Low
17677,Champions,1,30,16345.38,0.014,Reward & advocate,Low
14096,Champions,4,17,53258.43,0.014,Reward & advocate,Low
15856,Champions,4,27,16142.38,0.014,Reward & advocate,Low
13199,Champions,3,37,9802.12,0.014,Reward & advocate,Low
15005,Champions,15,28,6293.67,0.013,Reward & advocate,Low
12682,Champions,3,31,11019.82,0.013,Reward & advocate,Low
17675,Champions,1,31,20374.28,0.013,Reward & advocate,Low
17757,Champions,1,30,5589.44,0.013,Reward & advocate,Low
16839,Champions,8,34,16594.35,0.013,Reward & advocate,Low
13018,Champions,16,28,7277.7,0.013,Reward & advocate,Low
17949,Champions,1,44,58030.48,0.013,Reward & advocate,Low
15189,Champions,1,41,16225.39,0.012,Reward & advocate,Low
13468,Champions,1,37,5704.97,0.012,Reward & advocate,Low
16013,Champions,3,47,37130.6,0.012,Reward & advocate,Low
16133,Champions,3,33,14589.04,0.011,Reward & advocate,Low
15159,Champions,1,30,18641.01,0.011,Reward & advocate,Low
17961,Champions,21,39,1296.44,0.011,Reward & advocate,Low
17315,Champions,1,36,6241.15,0.011,Reward & advocate,Low
17511,Champions,2,31,91062.38,0.01,Reward & advocate,Low
12921,Champions,9,37,16587.09,0.009,Reward & advocate,Low
13263,Champions,1,34,7411.71,0.009,Reward & advocate,Low
15061,Champions,3,48,54534.14,0.009,Reward & advocate,Low
16422,Champions,17,51,34684.4,0.008,Reward & advocate,Low
17811,Champions,4,39,7755.12,0.007,Reward & advocate,Low
17450,Champions,8,46,194390.79,0.007,Reward & advocate,Low
16029,Loyal Customers,38,62,72708.09,0.007,Upsell & deepen,Low
15039,Champions,9,47,19766.59,0.006,Reward & advocate,Low
13798,Champions,1,57,37153.85,0.006,Reward & advocate,Low
14527,Champions,2,55,8506.13,0.005,Reward & advocate,Low
13694,Champions,3,50,65039.62,0.005,Reward & advocate,Low
14298,Champions,8,44,51527.3,0.005,Reward & advocate,Low
18102,Champions,0,60,259657.3,0.004,Reward & advocate,Low
13408,Champions,1,62,28117.04,0.004,Reward & advocate,Low
14156,Champions,9,55,117210.08,0.004,Reward & advocate,Low
12971,Champions,3,86,11189.91,0.003,Reward & advocate,Low
14646,Champions,1,72,279138.02,0.002,Reward & advocate,Low
14606,Champions,1,90,11926.15,0.002,Reward & advocate,Low
15311,Champions,0,91,60632.75,0.002,Reward & advocate,Low
13089,Champions,2,97,58762.08,0.001,Reward & advocate,Low
17841,Champions,1,124,40495.99,0.001,Reward & advocate,Low
14911,Champions,1,199,140336.83,0.0,Reward & advocate,Low
12748,Champions,0,206,31650.78,0.0,Reward & advocate,Low
